ISO-10303-21;
HEADER;
FILE_DESCRIPTION (( 'STEP AP214' ),
    '1' );
FILE_NAME ('BM05B-GHS-TBT.STEP',
    '2023-11-17T08:50:39',
    ( '' ),
    ( '' ),
    'SwSTEP 2.0',
    'SolidWorks 2021',
    '' );
FILE_SCHEMA (( 'AUTOMOTIVE_DESIGN' ));
ENDSEC;

DATA;
#1 = DIRECTION ( 'NONE',  ( 0.000000000000000000, -1.000000000000000000, 0.000000000000000000 ) ) ;
#2 = CARTESIAN_POINT ( 'NONE',  ( 3.024999999999997691, 0.1500000000000037970, -1.816421356237308826 ) ) ;
#3 = VECTOR ( 'NONE', #7745, 1000.000000000000000 ) ;
#4 = EDGE_CURVE ( 'NONE', #3623, #7061, #2928, .T. ) ;
#5 = CARTESIAN_POINT ( 'NONE',  ( 7.575000000000000178, 1.899999999999999689, 2.475000000000000533 ) ) ;
#6 = ORIENTED_EDGE ( 'NONE', *, *, #10098, .T. ) ;
#7 = CARTESIAN_POINT ( 'NONE',  ( 4.274999999999998579, 1.199999999999999734, 0.1750000000000000722 ) ) ;
#8 = CARTESIAN_POINT ( 'NONE',  ( 0.7249999999999973133, 3.449999999999999289, 0.3749999999999999445 ) ) ;
#9 = LINE ( 'NONE', #4084, #9867 ) ;
#10 = ORIENTED_EDGE ( 'NONE', *, *, #985, .F. ) ;
#11 = CARTESIAN_POINT ( 'NONE',  ( 4.274999999999999467, 4.000000000000000000, -1.224999999999999645 ) ) ;
#12 = VECTOR ( 'NONE', #7633, 1000.000000000000114 ) ;
#13 = CARTESIAN_POINT ( 'NONE',  ( 3.024999999999998579, 3.299999999999999822, -0.7749999999999999112 ) ) ;
#14 = VERTEX_POINT ( 'NONE', #6289 ) ;
#15 = EDGE_CURVE ( 'NONE', #9368, #6965, #10126, .T. ) ;
#16 = UNCERTAINTY_MEASURE_WITH_UNIT (LENGTH_MEASURE( 1.000000000000000082E-05 ), #4160, 'distance_accuracy_value', 'NONE');
#17 = EDGE_CURVE ( 'NONE', #1661, #8438, #9562, .T. ) ;
#18 = AXIS2_PLACEMENT_3D ( 'NONE', #8668, #6195, #580 ) ;
#19 = ORIENTED_EDGE ( 'NONE', *, *, #8146, .T. ) ;
#20 = LINE ( 'NONE', #2285, #6598 ) ;
#21 = SURFACE_STYLE_FILL_AREA ( #9892 ) ;
#22 = ORIENTED_EDGE ( 'NONE', *, *, #4743, .T. ) ;
#23 = DIRECTION ( 'NONE',  ( -1.000000000000000000, -0.000000000000000000, -0.000000000000000000 ) ) ;
#24 = VECTOR ( 'NONE', #9093, 1000.000000000000000 ) ;
#25 = ORIENTED_EDGE ( 'NONE', *, *, #6977, .T. ) ;
#26 = EDGE_CURVE ( 'NONE', #3236, #570, #1404, .T. ) ;
#27 = ADVANCED_FACE ( 'NONE', ( #5363 ), #7101, .T. ) ;
#28 = CARTESIAN_POINT ( 'NONE',  ( 6.375000000000000888, 0.7428932188134522718, 0.8749999999999996669 ) ) ;
#29 = ORIENTED_EDGE ( 'NONE', *, *, #4898, .T. ) ;
#30 = LINE ( 'NONE', #6515, #5890 ) ;
#31 = VECTOR ( 'NONE', #1543, 1000.000000000000000 ) ;
#32 = EDGE_LOOP ( 'NONE', ( #4552, #8386, #3950, #976 ) ) ;
#33 = CARTESIAN_POINT ( 'NONE',  ( 13.12499999999999822, 3.950000000000000178, 0.3750000000000001110 ) ) ;
#34 = EDGE_CURVE ( 'NONE', #5990, #10191, #8649, .T. ) ;
#35 = CARTESIAN_POINT ( 'NONE',  ( 5.874999999999997335, 3.950000000000000178, 0.3750000000000000555 ) ) ;
#36 = LINE ( 'NONE', #6341, #9298 ) ;
#37 = CARTESIAN_POINT ( 'NONE',  ( 4.274999999999998579, 3.050000000000000266, -0.02500000000000021302 ) ) ;
#38 = EDGE_LOOP ( 'NONE', ( #4518, #9687, #8505, #1699, #3600, #5625, #7018, #602, #8907, #8238, #4060, #4031, #2309 ) ) ;
#39 = DIRECTION ( 'NONE',  ( -0.000000000000000000, 0.7071067811865474617, 0.7071067811865474617 ) ) ;
#40 = PLANE ( 'NONE',  #2104 ) ;
#41 = ORIENTED_EDGE ( 'NONE', *, *, #7495, .F. ) ;
#42 = CARTESIAN_POINT ( 'NONE',  ( 3.374999999999997780, 3.950000000000000178, 0.3750000000000000555 ) ) ;
#43 = ORIENTED_EDGE ( 'NONE', *, *, #10314, .F. ) ;
#44 = AXIS2_PLACEMENT_3D ( 'NONE', #4914, #256, #10012 ) ;
#45 = CARTESIAN_POINT ( 'NONE',  ( 0.7249999999999973133, 0.3500000000000009215, -1.324999999999999512 ) ) ;
#46 = EDGE_CURVE ( 'NONE', #10433, #3504, #7840, .T. ) ;
#47 = CARTESIAN_POINT ( 'NONE',  ( 3.224999999999997424, 0.4999999999999998890, -0.8249999999999997335 ) ) ;
#48 = ORIENTED_EDGE ( 'NONE', *, *, #461, .T. ) ;
#49 = CARTESIAN_POINT ( 'NONE',  ( 1.974999999999997646, 0.1792893218813486067, -1.745710678118654435 ) ) ;
#50 = VERTEX_POINT ( 'NONE', #1512 ) ;
#51 = LINE ( 'NONE', #8193, #886 ) ;
#52 = CARTESIAN_POINT ( 'NONE',  ( 3.224999999999999201, 2.899999999999996803, -0.7749999999999999112 ) ) ;
#53 = CARTESIAN_POINT ( 'NONE',  ( 3.374999999999997780, 3.950000000000000178, 0.1750000000000000999 ) ) ;
#54 = DIRECTION ( 'NONE',  ( -1.000000000000000000, -0.000000000000000000, -0.000000000000000000 ) ) ;
#55 = DIRECTION ( 'NONE',  ( 0.000000000000000000, 0.000000000000000000, 1.000000000000000000 ) ) ;
#56 = ORIENTED_EDGE ( 'NONE', *, *, #5503, .T. ) ;
#57 = VECTOR ( 'NONE', #7327, 1000.000000000000000 ) ;
#58 = EDGE_CURVE ( 'NONE', #9465, #10116, #7046, .T. ) ;
#59 = PLANE ( 'NONE',  #6946 ) ;
#60 = LINE ( 'NONE', #4817, #3854 ) ;
#61 = LINE ( 'NONE', #4082, #3965 ) ;
#62 = CARTESIAN_POINT ( 'NONE',  ( 3.024999999999999023, 1.449999999999999956, -1.224999999999999645 ) ) ;
#63 = AXIS2_PLACEMENT_3D ( 'NONE', #2125, #10197, #7680 ) ;
#64 = ORIENTED_EDGE ( 'NONE', *, *, #1160, .F. ) ;
#65 = EDGE_LOOP ( 'NONE', ( #8523, #2194, #8978, #8275 ) ) ;
#66 = CARTESIAN_POINT ( 'NONE',  ( 1.974999999999997646, 0.3500000000000009215, -1.324999999999999512 ) ) ;
#67 = CARTESIAN_POINT ( 'NONE',  ( 5.524999999999998579, 1.449999999999999956, -1.174999999999999822 ) ) ;
#68 = UNCERTAINTY_MEASURE_WITH_UNIT (LENGTH_MEASURE( 1.000000000000000082E-05 ), #3807, 'distance_accuracy_value', 'NONE');
#69 = EDGE_CURVE ( 'NONE', #4913, #9575, #3149, .T. ) ;
#70 = CARTESIAN_POINT ( 'NONE',  ( 0.5249999999999985789, 1.449999999999999956, -0.7749999999999999112 ) ) ;
#71 = EDGE_LOOP ( 'NONE', ( #10375, #4177, #4237, #7311 ) ) ;
#72 = ORIENTED_EDGE ( 'NONE', *, *, #2436, .F. ) ;
#73 = CARTESIAN_POINT ( 'NONE',  ( -7.875000000000000000, 0.4999999999999998890, -0.8249999999999997335 ) ) ;
#74 = PLANE ( 'NONE',  #4317 ) ;
#75 = ADVANCED_FACE ( 'NONE', ( #733 ), #10313, .F. ) ;
#76 = ORIENTED_EDGE ( 'NONE', *, *, #5648, .T. ) ;
#77 = LINE ( 'NONE', #4098, #8986 ) ;
#78 = EDGE_CURVE ( 'NONE', #4863, #3843, #6234, .T. ) ;
#79 = VERTEX_POINT ( 'NONE', #4684 ) ;
#80 = AXIS2_PLACEMENT_3D ( 'NONE', #9828, #7419, #4324 ) ;
#81 = FACE_OUTER_BOUND ( 'NONE', #4397, .T. ) ;
#82 = VERTEX_POINT ( 'NONE', #5482 ) ;
#83 = LINE ( 'NONE', #8056, #1671 ) ;
#84 = ORIENTED_EDGE ( 'NONE', *, *, #8587, .F. ) ;
#85 = DIRECTION ( 'NONE',  ( 0.000000000000000000, 0.000000000000000000, 1.000000000000000000 ) ) ;
#86 = LINE ( 'NONE', #4109, #2412 ) ;
#87 = EDGE_CURVE ( 'NONE', #4960, #3412, #7949, .T. ) ;
#88 = LINE ( 'NONE', #7998, #6399 ) ;
#89 =( NAMED_UNIT ( * ) SI_UNIT ( $, .STERADIAN. ) SOLID_ANGLE_UNIT ( ) );
#90 = CARTESIAN_POINT ( 'NONE',  ( -1.625000000000001332, 4.049999999999999822, 2.475000000000000089 ) ) ;
#91 = CARTESIAN_POINT ( 'NONE',  ( 7.375000000000000000, 3.399999999999999911, 0.1750000000000001554 ) ) ;
#92 = ORIENTED_EDGE ( 'NONE', *, *, #9926, .F. ) ;
#93 = CARTESIAN_POINT ( 'NONE',  ( 3.024999999999997691, 0.1500000000000032419, -2.474999999999999645 ) ) ;
#94 = AXIS2_PLACEMENT_3D ( 'NONE', #8594, #7038, #10307 ) ;
#95 = AXIS2_PLACEMENT_3D ( 'NONE', #838, #3204, #5477 ) ;
#96 = ORIENTED_EDGE ( 'NONE', *, *, #5979, .F. ) ;
#97 = DIRECTION ( 'NONE',  ( 0.000000000000000000, 0.9284766908852604139, -0.3713906763541011125 ) ) ;
#98 = LINE ( 'NONE', #9048, #9681 ) ;
#99 = VERTEX_POINT ( 'NONE', #678 ) ;
#100 = VECTOR ( 'NONE', #10132, 1000.000000000000000 ) ;
#101 = EDGE_LOOP ( 'NONE', ( #7696, #1088, #992, #983 ) ) ;
#102 = LINE ( 'NONE', #4125, #5089 ) ;
#103 = LINE ( 'NONE', #8129, #1909 ) ;
#104 =( GEOMETRIC_REPRESENTATION_CONTEXT ( 3 ) GLOBAL_UNCERTAINTY_ASSIGNED_CONTEXT ( ( #68 ) ) GLOBAL_UNIT_ASSIGNED_CONTEXT ( ( #3807, #7077, #7255 ) ) REPRESENTATION_CONTEXT ( 'NONE', 'WORKASPACE' ) );
#105 = DIRECTION ( 'NONE',  ( -1.000000000000000000, -0.000000000000000000, -0.000000000000000000 ) ) ;
#106 = AXIS2_PLACEMENT_3D ( 'NONE', #1644, #3218, #1585 ) ;
#107 = DIRECTION ( 'NONE',  ( -0.000000000000000000, -0.7071067811865431318, -0.7071067811865517916 ) ) ;
#108 = DIRECTION ( 'NONE',  ( -4.688441826964343312E-16, -1.000000000000000000, 0.000000000000000000 ) ) ;
#109 = PLANE ( 'NONE',  #10473 ) ;
#110 = ORIENTED_EDGE ( 'NONE', *, *, #8232, .F. ) ;
#111 = CARTESIAN_POINT ( 'NONE',  ( -1.125000000000001776, 1.899999999999999689, 2.475000000000000533 ) ) ;
#112 = EDGE_CURVE ( 'NONE', #4093, #8131, #7159, .T. ) ;
#113 = CARTESIAN_POINT ( 'NONE',  ( 6.249999999999998224, 4.049999999999999822, 0.4749999999999995337 ) ) ;
#114 = LINE ( 'NONE', #8261, #8154 ) ;
#115 = CARTESIAN_POINT ( 'NONE',  ( 0.5249999999999976907, -0.1499999999999963862, -1.474999999999999645 ) ) ;
#116 = DIRECTION ( 'NONE',  ( -1.000000000000000000, 0.000000000000000000, -1.807003620809174632E-16 ) ) ;
#117 = ADVANCED_FACE ( 'NONE', ( #6349 ), #9620, .F. ) ;
#118 = VERTEX_POINT ( 'NONE', #9736 ) ;
#119 = ORIENTED_EDGE ( 'NONE', *, *, #2854, .F. ) ;
#120 = FACE_OUTER_BOUND ( 'NONE', #7726, .T. ) ;
#121 = FACE_BOUND ( 'NONE', #7703, .T. ) ;
#122 = ORIENTED_EDGE ( 'NONE', *, *, #7080, .F. ) ;
#123 = ORIENTED_EDGE ( 'NONE', *, *, #5776, .F. ) ;
#124 = LINE ( 'NONE', #180, #9854 ) ;
#125 = DIRECTION ( 'NONE',  ( 0.000000000000000000, 1.000000000000000000, 0.000000000000000000 ) ) ;
#126 = DIRECTION ( 'NONE',  ( 1.000000000000000000, 0.000000000000000000, -1.807003620809174632E-16 ) ) ;
#127 = ORIENTED_EDGE ( 'NONE', *, *, #1868, .F. ) ;
#128 = CARTESIAN_POINT ( 'NONE',  ( 3.224999999999999201, 3.299999999999999822, -1.224999999999999645 ) ) ;
#129 = EDGE_LOOP ( 'NONE', ( #8992, #9685, #3459, #8767 ) ) ;
#130 = VECTOR ( 'NONE', #2817, 1000.000000000000000 ) ;
#131 = LINE ( 'NONE', #5855, #5568 ) ;
#132 = ORIENTED_EDGE ( 'NONE', *, *, #2402, .T. ) ;
#133 = ADVANCED_FACE ( 'NONE', ( #4903 ), #730, .F. ) ;
#134 = DIRECTION ( 'NONE',  ( 1.807003620809174632E-16, 0.000000000000000000, -1.000000000000000000 ) ) ;
#135 = DIRECTION ( 'NONE',  ( 0.000000000000000000, 0.000000000000000000, 1.000000000000000000 ) ) ;
#136 = LINE ( 'NONE', #4899, #4595 ) ;
#137 = VECTOR ( 'NONE', #8792, 1000.000000000000000 ) ;
#138 = CARTESIAN_POINT ( 'NONE',  ( 6.375000000000000888, 3.950000000000000178, 0.8749999999999996669 ) ) ;
#139 = AXIS2_PLACEMENT_3D ( 'NONE', #9700, #6550, #3968 ) ;
#140 = VERTEX_POINT ( 'NONE', #6525 ) ;
#141 = CARTESIAN_POINT ( 'NONE',  ( 4.274999999999998579, 1.449999999999999956, -1.224999999999999645 ) ) ;
#142 = VERTEX_POINT ( 'NONE', #5596 ) ;
#143 = CARTESIAN_POINT ( 'NONE',  ( 3.024999999999997691, -0.04999999999999568678, -2.474999999999999645 ) ) ;
#144 = VERTEX_POINT ( 'NONE', #785 ) ;
#145 = CARTESIAN_POINT ( 'NONE',  ( 5.524999999999998579, 4.049999999999999822, 0.1750000000000000722 ) ) ;
#146 = AXIS2_PLACEMENT_3D ( 'NONE', #4267, #1184, #10010 ) ;
#147 = CARTESIAN_POINT ( 'NONE',  ( 4.274999999999999467, 1.449999999999999956, -1.224999999999999645 ) ) ;
#148 = EDGE_CURVE ( 'NONE', #10521, #2265, #8183, .T. ) ;
#149 = DIRECTION ( 'NONE',  ( -1.000000000000000000, -0.000000000000000000, -0.000000000000000000 ) ) ;
#150 = EDGE_CURVE ( 'NONE', #10078, #3078, #7274, .T. ) ;
#151 = ORIENTED_EDGE ( 'NONE', *, *, #814, .T. ) ;
#152 = CARTESIAN_POINT ( 'NONE',  ( -1.375000000000001332, 3.399999999999999911, 0.1750000000000002387 ) ) ;
#153 = ORIENTED_EDGE ( 'NONE', *, *, #2846, .T. ) ;
#154 =( NAMED_UNIT ( * ) PLANE_ANGLE_UNIT ( ) SI_UNIT ( $, .RADIAN. ) );
#155 = DIRECTION ( 'NONE',  ( 1.000000000000000000, -0.000000000000000000, -0.000000000000000000 ) ) ;
#156 = DIRECTION ( 'NONE',  ( 0.000000000000000000, 0.000000000000000000, -1.000000000000000000 ) ) ;
#157 = DIRECTION ( 'NONE',  ( 0.000000000000000000, 0.000000000000000000, 1.000000000000000000 ) ) ;
#158 = EDGE_LOOP ( 'NONE', ( #10011, #8472, #6361, #6664 ) ) ;
#159 = VECTOR ( 'NONE', #6368, 1000.000000000000000 ) ;
#160 = CARTESIAN_POINT ( 'NONE',  ( 7.375000000000000000, 3.950000000000000178, 0.1750000000000002387 ) ) ;
#161 = VECTOR ( 'NONE', #4479, 1000.000000000000000 ) ;
#162 = CARTESIAN_POINT ( 'NONE',  ( 4.474999999999998757, 3.299999999999999822, -0.7749999999999999112 ) ) ;
#163 = ADVANCED_FACE ( 'NONE', ( #7945 ), #3146, .F. ) ;
#164 = VECTOR ( 'NONE', #5699, 1000.000000000000000 ) ;
#165 = FILL_AREA_STYLE_COLOUR ( '', #7480 ) ;
#166 = EDGE_CURVE ( 'NONE', #9457, #929, #8875, .T. ) ;
#167 = ORIENTED_EDGE ( 'NONE', *, *, #1160, .T. ) ;
#168 = CARTESIAN_POINT ( 'NONE',  ( 1.774999999999999245, 4.049999999999999822, -1.224999999999999645 ) ) ;
#169 = DIRECTION ( 'NONE',  ( 0.000000000000000000, -1.000000000000000000, 0.000000000000000000 ) ) ;
#170 = ORIENTED_EDGE ( 'NONE', *, *, #1647, .F. ) ;
#171 = EDGE_CURVE ( 'NONE', #10504, #2260, #10534, .T. ) ;
#172 = ORIENTED_EDGE ( 'NONE', *, *, #3185, .F. ) ;
#173 = CARTESIAN_POINT ( 'NONE',  ( 1.974999999999997646, 0.3500000000000009215, -1.374999999999999778 ) ) ;
#174 = EDGE_LOOP ( 'NONE', ( #1348, #3753, #5607, #8041, #7052, #8558, #2477, #1401, #4380, #9326, #7825, #9664, #5578 ) ) ;
#175 = AXIS2_PLACEMENT_3D ( 'NONE', #3163, #3323, #8833 ) ;
#176 = EDGE_CURVE ( 'NONE', #1455, #2260, #3941, .T. ) ;
#177 = EDGE_CURVE ( 'NONE', #8893, #4007, #10476, .T. ) ;
#178 = ORIENTED_EDGE ( 'NONE', *, *, #7166, .T. ) ;
#179 = VECTOR ( 'NONE', #1689, 1000.000000000000000 ) ;
#180 = CARTESIAN_POINT ( 'NONE',  ( 1.774999999999998801, 1.577500000000001235, -1.577499999999999902 ) ) ;
#181 = CARTESIAN_POINT ( 'NONE',  ( 7.781793621149187601, 3.050000000000000266, 0.000000000000000000 ) ) ;
#182 = FACE_OUTER_BOUND ( 'NONE', #6031, .T. ) ;
#183 = DIRECTION ( 'NONE',  ( 0.000000000000000000, 1.000000000000000000, 0.000000000000000000 ) ) ;
#184 = CARTESIAN_POINT ( 'NONE',  ( 6.249999999999999112, 2.899999999999996803, -0.7749999999999999112 ) ) ;
#185 = VERTEX_POINT ( 'NONE', #9617 ) ;
#186 = VECTOR ( 'NONE', #2269, 1000.000000000000000 ) ;
#187 = DIRECTION ( 'NONE',  ( 0.000000000000000000, 8.642948658383688297E-16, 1.000000000000000000 ) ) ;
#188 = ORIENTED_EDGE ( 'NONE', *, *, #4541, .T. ) ;
#189 = LINE ( 'NONE', #1621, #9424 ) ;
#190 = ORIENTED_EDGE ( 'NONE', *, *, #1281, .F. ) ;
#191 = DIRECTION ( 'NONE',  ( -1.000000000000000000, -0.000000000000000000, -0.000000000000000000 ) ) ;
#192 = AXIS2_PLACEMENT_3D ( 'NONE', #3148, #8816, #6468 ) ;
#193 = DIRECTION ( 'NONE',  ( -1.000000000000000000, -0.000000000000000000, -0.000000000000000000 ) ) ;
#194 = ORIENTED_EDGE ( 'NONE', *, *, #464, .F. ) ;
#195 = DIRECTION ( 'NONE',  ( 0.000000000000000000, -0.7071067811865474617, -0.7071067811865474617 ) ) ;
#196 = ORIENTED_EDGE ( 'NONE', *, *, #9483, .T. ) ;
#197 = CARTESIAN_POINT ( 'NONE',  ( -6.875000000000000000, 1.449999999999999956, 0.3750000000000001110 ) ) ;
#198 = EDGE_CURVE ( 'NONE', #6676, #6193, #674, .T. ) ;
#199 = EDGE_LOOP ( 'NONE', ( #892, #3893, #7427, #697 ) ) ;
#200 = CARTESIAN_POINT ( 'NONE',  ( 0.7249999999999973133, 0.1500000000000032419, -2.474999999999999645 ) ) ;
#201 = VECTOR ( 'NONE', #5569, 1000.000000000000000 ) ;
#202 = DIRECTION ( 'NONE',  ( -1.000000000000000000, 0.000000000000000000, 0.000000000000000000 ) ) ;
#203 = VERTEX_POINT ( 'NONE', #9678 ) ;
#204 = PLANE ( 'NONE',  #7087 ) ;
#205 = ORIENTED_EDGE ( 'NONE', *, *, #1013, .F. ) ;
#206 = DIRECTION ( 'NONE',  ( 1.000000000000000000, 0.000000000000000000, 0.000000000000000000 ) ) ;
#207 = DIRECTION ( 'NONE',  ( 0.000000000000000000, 0.000000000000000000, -1.000000000000000000 ) ) ;
#208 = CARTESIAN_POINT ( 'NONE',  ( 5.724999999999997868, -0.1499999999999963862, -2.374999999999999112 ) ) ;
#209 = CARTESIAN_POINT ( 'NONE',  ( 5.724999999999998757, 3.299999999999999822, -0.9349999999999998312 ) ) ;
#210 = ADVANCED_FACE ( 'NONE', ( #4114 ), #2362, .F. ) ;
#211 = VERTEX_POINT ( 'NONE', #7389 ) ;
#212 = LINE ( 'NONE', #9110, #10169 ) ;
#213 = CARTESIAN_POINT ( 'NONE',  ( 0.5249999999999976907, 0.3500000000000009215, -1.324999999999999512 ) ) ;
#214 = EDGE_CURVE ( 'NONE', #8770, #6321, #2417, .T. ) ;
#215 = VECTOR ( 'NONE', #688, 1000.000000000000000 ) ;
#216 = CARTESIAN_POINT ( 'NONE',  ( 7.875000000000000000, 3.399999999999999911, -1.174999999999999822 ) ) ;
#217 = VERTEX_POINT ( 'NONE', #6345 ) ;
#218 = DIRECTION ( 'NONE',  ( 0.000000000000000000, -0.7071067811865381358, -0.7071067811865570096 ) ) ;
#219 = CARTESIAN_POINT ( 'NONE',  ( 4.274999999999998579, 3.299999999999999822, -0.7749999999999999112 ) ) ;
#220 = VECTOR ( 'NONE', #191, 1000.000000000000000 ) ;
#221 = ORIENTED_EDGE ( 'NONE', *, *, #1548, .T. ) ;
#222 = VERTEX_POINT ( 'NONE', #3886 ) ;
#223 = EDGE_CURVE ( 'NONE', #7283, #1442, #9558, .T. ) ;
#224 = DIRECTION ( 'NONE',  ( 0.000000000000000000, 0.000000000000000000, 1.000000000000000000 ) ) ;
#225 = ADVANCED_FACE ( 'NONE', ( #7333 ), #40, .F. ) ;
#226 = EDGE_CURVE ( 'NONE', #4840, #7556, #3309, .T. ) ;
#227 = AXIS2_PLACEMENT_3D ( 'NONE', #9337, #2967, #2867 ) ;
#228 = VECTOR ( 'NONE', #6301, 1000.000000000000000 ) ;
#229 = ORIENTED_EDGE ( 'NONE', *, *, #10050, .F. ) ;
#230 = VECTOR ( 'NONE', #1853, 1000.000000000000000 ) ;
#231 = DIRECTION ( 'NONE',  ( 1.000000000000000000, 0.000000000000000000, 0.000000000000000000 ) ) ;
#232 = DIRECTION ( 'NONE',  ( -0.000000000000000000, -0.000000000000000000, -1.000000000000000000 ) ) ;
#233 = PLANE ( 'NONE',  #964 ) ;
#234 = PLANE ( 'NONE',  #1702 ) ;
#235 = VECTOR ( 'NONE', #2667, 1000.000000000000000 ) ;
#236 = CARTESIAN_POINT ( 'NONE',  ( 7.625000000000000000, 2.899999999999999911, -0.3249999999999997891 ) ) ;
#237 = ORIENTED_EDGE ( 'NONE', *, *, #10351, .F. ) ;
#238 = VECTOR ( 'NONE', #7848, 1000.000000000000000 ) ;
#239 = ADVANCED_FACE ( 'NONE', ( #7440 ), #8237, .T. ) ;
#240 = CARTESIAN_POINT ( 'NONE',  ( 5.524999999999998579, 1.449999999999999956, -1.224999999999999645 ) ) ;
#241 = ORIENTED_EDGE ( 'NONE', *, *, #9947, .F. ) ;
#242 = CARTESIAN_POINT ( 'NONE',  ( 5.724999999999998757, 1.449999999999999956, -0.7749999999999999112 ) ) ;
#243 = PRODUCT_DEFINITION ( 'UNKNOWN', '', #10232, #9224 ) ;
#244 = DIRECTION ( 'NONE',  ( 0.000000000000000000, -0.4472135954999548191, 0.8944271909999175207 ) ) ;
#245 = CARTESIAN_POINT ( 'NONE',  ( 4.624999999999998224, 2.250000000000000000, 0.6750000000000004885 ) ) ;
#246 = ORIENTED_EDGE ( 'NONE', *, *, #6663, .F. ) ;
#247 = CARTESIAN_POINT ( 'NONE',  ( 4.124999999999999112, 3.950000000000000178, 0.3750000000000000555 ) ) ;
#248 = ORIENTED_EDGE ( 'NONE', *, *, #6099, .F. ) ;
#249 = LINE ( 'NONE', #3460, #5084 ) ;
#250 = CARTESIAN_POINT ( 'NONE',  ( 3.224999999999999201, 3.299999999999999822, -0.9349999999999998312 ) ) ;
#251 = VECTOR ( 'NONE', #8874, 1000.000000000000227 ) ;
#252 = CARTESIAN_POINT ( 'NONE',  ( 5.374999999999999112, 1.449999999999999956, 0.1750000000000000999 ) ) ;
#253 = ORIENTED_EDGE ( 'NONE', *, *, #3244, .T. ) ;
#254 = DIRECTION ( 'NONE',  ( -1.000000000000000000, -0.000000000000000000, -0.000000000000000000 ) ) ;
#255 = ORIENTED_EDGE ( 'NONE', *, *, #4660, .F. ) ;
#256 = DIRECTION ( 'NONE',  ( 0.000000000000000000, 0.000000000000000000, 1.000000000000000000 ) ) ;
#257 = DIRECTION ( 'NONE',  ( -1.000000000000000000, -0.000000000000000000, -0.000000000000000000 ) ) ;
#258 = FILL_AREA_STYLE_COLOUR ( '', #5809 ) ;
#259 = DIRECTION ( 'NONE',  ( 1.000000000000000000, 0.000000000000000000, -4.336808689942021680E-16 ) ) ;
#260 = DIRECTION ( 'NONE',  ( 0.000000000000000000, 4.336808689942002945E-16, -1.000000000000000000 ) ) ;
#261 = AXIS2_PLACEMENT_3D ( 'NONE', #10261, #513, #9509 ) ;
#262 = EDGE_LOOP ( 'NONE', ( #2223, #9900, #7095, #4593 ) ) ;
#263 = DIRECTION ( 'NONE',  ( 0.000000000000000000, -0.7071067811865474617, -0.7071067811865474617 ) ) ;
#264 = CARTESIAN_POINT ( 'NONE',  ( -0.6250000000000014433, 1.449999999999999956, -1.174999999999999822 ) ) ;
#265 = CARTESIAN_POINT ( 'NONE',  ( 2.874999999999999112, 1.199999999999999734, 0.1750000000000000999 ) ) ;
#266 =( GEOMETRIC_REPRESENTATION_CONTEXT ( 3 ) GLOBAL_UNCERTAINTY_ASSIGNED_CONTEXT ( ( #2602 ) ) GLOBAL_UNIT_ASSIGNED_CONTEXT ( ( #2609, #2451, #3346 ) ) REPRESENTATION_CONTEXT ( 'NONE', 'WORKASPACE' ) );
#267 = STYLED_ITEM ( 'NONE', ( #7316 ), #1070 ) ;
#268 = EDGE_CURVE ( 'NONE', #3538, #8761, #5760, .T. ) ;
#269 = VECTOR ( 'NONE', #475, 1000.000000000000000 ) ;
#270 = EDGE_CURVE ( 'NONE', #6412, #3576, #9042, .T. ) ;
#271 = DIRECTION ( 'NONE',  ( 1.000000000000000000, 0.000000000000000000, 0.000000000000000000 ) ) ;
#272 = EDGE_LOOP ( 'NONE', ( #5247, #3591, #8173, #7538 ) ) ;
#273 = FACE_OUTER_BOUND ( 'NONE', #10000, .T. ) ;
#274 = ORIENTED_EDGE ( 'NONE', *, *, #8943, .T. ) ;
#275 = DIRECTION ( 'NONE',  ( 0.000000000000000000, -1.000000000000000000, 0.000000000000000000 ) ) ;
#276 = VECTOR ( 'NONE', #2731, 1000.000000000000000 ) ;
#277 = LINE ( 'NONE', #327, #5614 ) ;
#278 = FACE_OUTER_BOUND ( 'NONE', #6231, .T. ) ;
#279 = ADVANCED_FACE ( 'NONE', ( #5275 ), #4535, .F. ) ;
#280 = EDGE_CURVE ( 'NONE', #2698, #1857, #5377, .T. ) ;
#281 = EDGE_CURVE ( 'NONE', #7319, #994, #7802, .T. ) ;
#282 = DIRECTION ( 'NONE',  ( 0.000000000000000000, -1.000000000000000000, -4.553649124439118623E-15 ) ) ;
#283 = DIRECTION ( 'NONE',  ( -0.000000000000000000, -0.7071067811865474617, -0.7071067811865474617 ) ) ;
#284 = PLANE ( 'NONE',  #10128 ) ;
#285 = DIRECTION ( 'NONE',  ( -1.000000000000000000, 4.688441826964343312E-16, 0.000000000000000000 ) ) ;
#286 = ORIENTED_EDGE ( 'NONE', *, *, #9629, .T. ) ;
#287 = ADVANCED_FACE ( 'NONE', ( #1364 ), #7909, .T. ) ;
#288 = CARTESIAN_POINT ( 'NONE',  ( -1.125000000000001776, -0.1499999999999963862, 2.324999999999999734 ) ) ;
#289 = VERTEX_POINT ( 'NONE', #3728 ) ;
#290 = DIRECTION ( 'NONE',  ( 0.000000000000000000, -1.000000000000000000, 0.000000000000000000 ) ) ;
#291 = CARTESIAN_POINT ( 'NONE',  ( -1.025000000000001688, 4.049999999999999822, 0.000000000000000000 ) ) ;
#292 = DIRECTION ( 'NONE',  ( 0.000000000000000000, -0.000000000000000000, -1.000000000000000000 ) ) ;
#293 = DIRECTION ( 'NONE',  ( 0.000000000000000000, 0.000000000000000000, 1.000000000000000000 ) ) ;
#294 = EDGE_CURVE ( 'NONE', #8824, #3512, #4483, .T. ) ;
#295 = ORIENTED_EDGE ( 'NONE', *, *, #6443, .F. ) ;
#296 = LINE ( 'NONE', #5145, #2266 ) ;
#297 = VECTOR ( 'NONE', #5067, 1000.000000000000000 ) ;
#298 = VERTEX_POINT ( 'NONE', #2886 ) ;
#299 = LINE ( 'NONE', #4357, #12 ) ;
#300 = ADVANCED_FACE ( 'NONE', ( #633 ), #4432, .F. ) ;
#301 = CARTESIAN_POINT ( 'NONE',  ( 6.000000000000000888, 4.049999999999999822, 2.075000000000000622 ) ) ;
#302 = ORIENTED_EDGE ( 'NONE', *, *, #6571, .T. ) ;
#303 = EDGE_CURVE ( 'NONE', #4628, #4571, #9357, .T. ) ;
#304 = CIRCLE ( 'NONE', #2811, 0.05000000000000012768 ) ;
#305 = LINE ( 'NONE', #7498, #9480 ) ;
#306 = ORIENTED_EDGE ( 'NONE', *, *, #9585, .T. ) ;
#307 = DIRECTION ( 'NONE',  ( 3.336006684570783101E-16, 1.000000000000000000, -0.000000000000000000 ) ) ;
#308 = LINE ( 'NONE', #4366, #381 ) ;
#309 = AXIS2_PLACEMENT_3D ( 'NONE', #392, #6975, #9546 ) ;
#310 = FACE_OUTER_BOUND ( 'NONE', #3312, .T. ) ;
#311 = CARTESIAN_POINT ( 'NONE',  ( -0.02500000000000245082, 4.049999999999999822, 0.9749999999999990896 ) ) ;
#312 = CARTESIAN_POINT ( 'NONE',  ( 0.7249999999999973133, 0.3000000000000009881, -1.625000000000000666 ) ) ;
#313 = VERTEX_POINT ( 'NONE', #3788 ) ;
#314 = LINE ( 'NONE', #407, #5727 ) ;
#315 = CARTESIAN_POINT ( 'NONE',  ( 1.919910864525443017, 1.899999999999999689, 2.475000000000000533 ) ) ;
#316 = CARTESIAN_POINT ( 'NONE',  ( -1.125000000000000888, 1.800000000000000044, -1.175000000000000044 ) ) ;
#317 = VECTOR ( 'NONE', #4854, 1000.000000000000000 ) ;
#318 = AXIS2_PLACEMENT_3D ( 'NONE', #4975, #169, #756 ) ;
#319 = LINE ( 'NONE', #2783, #8329 ) ;
#320 = VECTOR ( 'NONE', #10481, 1000.000000000000000 ) ;
#321 = EDGE_LOOP ( 'NONE', ( #1618, #10162, #2474, #9233 ) ) ;
#322 = DIRECTION ( 'NONE',  ( 1.000000000000000000, 0.000000000000000000, -0.000000000000000000 ) ) ;
#323 = VECTOR ( 'NONE', #10163, 1000.000000000000000 ) ;
#324 = EDGE_LOOP ( 'NONE', ( #8240, #1032, #1786, #3352 ) ) ;
#325 = ORIENTED_EDGE ( 'NONE', *, *, #6770, .F. ) ;
#326 = LINE ( 'NONE', #3534, #1180 ) ;
#327 = CARTESIAN_POINT ( 'NONE',  ( 7.375000000000000000, 3.950000000000000178, 0.1750000000000002387 ) ) ;
#328 = EDGE_CURVE ( 'NONE', #1071, #2251, #8560, .T. ) ;
#329 = AXIS2_PLACEMENT_3D ( 'NONE', #1773, #339, #6726 ) ;
#330 = ORIENTED_EDGE ( 'NONE', *, *, #5460, .F. ) ;
#331 = AXIS2_PLACEMENT_3D ( 'NONE', #7718, #440, #8729 ) ;
#332 = CARTESIAN_POINT ( 'NONE',  ( 6.375000000000000888, 3.950000000000000178, 0.8749999999999996669 ) ) ;
#333 = CARTESIAN_POINT ( 'NONE',  ( -0.1250000000000018319, 1.449999999999999956, 0.8749999999999996669 ) ) ;
#334 = CARTESIAN_POINT ( 'NONE',  ( 1.774999999999997913, 0.3000000000000009881, -1.625000000000000666 ) ) ;
#335 = VERTEX_POINT ( 'NONE', #3678 ) ;
#336 = EDGE_CURVE ( 'NONE', #2152, #3449, #1417, .T. ) ;
#337 = AXIS2_PLACEMENT_3D ( 'NONE', #3095, #1514, #7217 ) ;
#338 = AXIS2_PLACEMENT_3D ( 'NONE', #2058, #9318, #6262 ) ;
#339 = DIRECTION ( 'NONE',  ( -0.000000000000000000, 1.445602896647327084E-15, 1.000000000000000000 ) ) ;
#340 = EDGE_LOOP ( 'NONE', ( #7138, #2015, #5790, #744 ) ) ;
#341 = CARTESIAN_POINT ( 'NONE',  ( 6.375000000000000888, 0.7428932188134522718, 0.3749999999999998335 ) ) ;
#342 = DIRECTION ( 'NONE',  ( 1.000000000000000000, 0.000000000000000000, 0.000000000000000000 ) ) ;
#343 = CARTESIAN_POINT ( 'NONE',  ( -1.625000000000001332, 4.049999999999999822, 2.475000000000000089 ) ) ;
#344 = DIRECTION ( 'NONE',  ( 1.000000000000000000, 0.000000000000000000, -0.000000000000000000 ) ) ;
#345 = EDGE_CURVE ( 'NONE', #3830, #1181, #6137, .T. ) ;
#346 = VECTOR ( 'NONE', #275, 1000.000000000000000 ) ;
#347 = VERTEX_POINT ( 'NONE', #7002 ) ;
#348 = ADVANCED_FACE ( 'NONE', ( #6900 ), #1993, .F. ) ;
#349 = DIRECTION ( 'NONE',  ( 0.000000000000000000, -1.000000000000000000, -4.553649124439118623E-15 ) ) ;
#350 = DIRECTION ( 'NONE',  ( 1.000000000000000000, 0.000000000000000000, 0.000000000000000000 ) ) ;
#351 = ADVANCED_FACE ( 'NONE', ( #3842 ), #10167, .F. ) ;
#352 = DIRECTION ( 'NONE',  ( -1.000000000000000000, -0.000000000000000000, -0.000000000000000000 ) ) ;
#353 = VECTOR ( 'NONE', #9008, 1000.000000000000000 ) ;
#354 = ORIENTED_EDGE ( 'NONE', *, *, #9472, .F. ) ;
#355 =( LENGTH_UNIT ( ) NAMED_UNIT ( * ) SI_UNIT ( .MILLI., .METRE. ) );
#356 = DIRECTION ( 'NONE',  ( -0.000000000000000000, 1.000000000000000000, 0.000000000000000000 ) ) ;
#357 = CARTESIAN_POINT ( 'NONE',  ( 0.7249999999999973133, -0.04999999999999636680, -2.375000000000000000 ) ) ;
#358 = LINE ( 'NONE', #3518, #5630 ) ;
#359 = PLANE ( 'NONE',  #980 ) ;
#360 = CARTESIAN_POINT ( 'NONE',  ( 3.024999999999999023, 3.950000000000000178, 0.3750000000000000000 ) ) ;
#361 = ORIENTED_EDGE ( 'NONE', *, *, #7613, .F. ) ;
#362 = CARTESIAN_POINT ( 'NONE',  ( 4.124999999999999112, 1.449999999999999956, 0.3750000000000000555 ) ) ;
#363 = CARTESIAN_POINT ( 'NONE',  ( 7.275000000000000355, 4.049999999999999822, 2.475000000000000089 ) ) ;
#364 = CARTESIAN_POINT ( 'NONE',  ( 7.875000000000000000, 0.000000000000000000, -0.8249999999999997335 ) ) ;
#365 = VERTEX_POINT ( 'NONE', #7702 ) ;
#366 = VECTOR ( 'NONE', #2394, 1000.000000000000000 ) ;
#367 = CARTESIAN_POINT ( 'NONE',  ( 7.375000000000000888, 0.5999999999999999778, 0.2250000000000008105 ) ) ;
#368 = CARTESIAN_POINT ( 'NONE',  ( -1.525000000000001243, 4.049999999999999822, 0.6750000000000002665 ) ) ;
#369 = ORIENTED_EDGE ( 'NONE', *, *, #2842, .F. ) ;
#370 = ORIENTED_EDGE ( 'NONE', *, *, #3390, .T. ) ;
#371 = DIRECTION ( 'NONE',  ( 0.000000000000000000, 0.000000000000000000, 1.000000000000000000 ) ) ;
#372 = VERTEX_POINT ( 'NONE', #2942 ) ;
#373 = ADVANCED_FACE ( 'NONE', ( #2836 ), #6085, .F. ) ;
#374 = CARTESIAN_POINT ( 'NONE',  ( -7.875000000000000000, 0.6499999999999999112, -1.574999999999999512 ) ) ;
#375 = VERTEX_POINT ( 'NONE', #6248 ) ;
#376 = PLANE ( 'NONE',  #4197 ) ;
#377 = CARTESIAN_POINT ( 'NONE',  ( 0.7249999999999973133, 0.1792893218813486067, -1.745710678118654435 ) ) ;
#378 = PLANE ( 'NONE',  #2373 ) ;
#379 = ORIENTED_EDGE ( 'NONE', *, *, #7103, .T. ) ;
#380 = VECTOR ( 'NONE', #4916, 1000.000000000000000 ) ;
#381 = VECTOR ( 'NONE', #105, 1000.000000000000000 ) ;
#382 = CARTESIAN_POINT ( 'NONE',  ( 5.374999999999999112, 4.049999999999999822, 0.2749999999999994671 ) ) ;
#383 = EDGE_CURVE ( 'NONE', #8127, #9771, #7853, .T. ) ;
#384 = ORIENTED_EDGE ( 'NONE', *, *, #3303, .F. ) ;
#385 = LINE ( 'NONE', #6870, #5819 ) ;
#386 = ADVANCED_FACE ( 'NONE', ( #5554 ), #6363, .F. ) ;
#387 = ADVANCED_FACE ( 'NONE', ( #6302 ), #9633, .T. ) ;
#388 = DIRECTION ( 'NONE',  ( 0.000000000000000000, -1.000000000000000000, 0.000000000000000000 ) ) ;
#389 = DIRECTION ( 'NONE',  ( 0.000000000000000000, 0.000000000000000000, -1.000000000000000000 ) ) ;
#390 = VECTOR ( 'NONE', #7325, 1000.000000000000000 ) ;
#391 = EDGE_LOOP ( 'NONE', ( #9625, #8050, #10271, #2091 ) ) ;
#392 = CARTESIAN_POINT ( 'NONE',  ( 6.531793621149187601, 1.016439536705160869E-17, 0.3750000000000000555 ) ) ;
#393 = ORIENTED_EDGE ( 'NONE', *, *, #5983, .T. ) ;
#394 = VECTOR ( 'NONE', #4412, 1000.000000000000000 ) ;
#395 = CARTESIAN_POINT ( 'NONE',  ( 3.224999999999997424, 0.4999999999999998890, -0.8249999999999997335 ) ) ;
#396 = DIRECTION ( 'NONE',  ( 1.277744513902812275E-16, 0.7071067811865475727, -0.7071067811865475727 ) ) ;
#397 = ADVANCED_FACE ( 'NONE', ( #10380 ), #4811, .T. ) ;
#398 = DIRECTION ( 'NONE',  ( -0.000000000000000000, 2.710505431213761393E-17, 1.000000000000000000 ) ) ;
#399 = ORIENTED_EDGE ( 'NONE', *, *, #7860, .F. ) ;
#400 = DIRECTION ( 'NONE',  ( -0.000000000000000000, -0.000000000000000000, -1.000000000000000000 ) ) ;
#401 = DIRECTION ( 'NONE',  ( -3.336006684570783101E-16, 1.000000000000000000, 0.000000000000000000 ) ) ;
#402 = CARTESIAN_POINT ( 'NONE',  ( 1.774999999999998801, 6.140988867593913192E-18, -0.02500000000000096242 ) ) ;
#403 = LINE ( 'NONE', #613, #3334 ) ;
#404 = EDGE_CURVE ( 'NONE', #4105, #14, #2378, .T. ) ;
#405 = CARTESIAN_POINT ( 'NONE',  ( 5.524999999999998579, 1.577500000000001235, -1.577499999999999902 ) ) ;
#406 = AXIS2_PLACEMENT_3D ( 'NONE', #3815, #7089, #6279 ) ;
#407 = CARTESIAN_POINT ( 'NONE',  ( 0.5249999999999985789, 1.449999999999999956, 0.000000000000000000 ) ) ;
#408 = CARTESIAN_POINT ( 'NONE',  ( 1.774999999999999245, 2.574999999999999734, -1.200000000000000178 ) ) ;
#409 = DIRECTION ( 'NONE',  ( -1.277744513902812275E-16, 0.7071067811865474617, -0.7071067811865475727 ) ) ;
#410 = VECTOR ( 'NONE', #9506, 1000.000000000000000 ) ;
#411 = VECTOR ( 'NONE', #7079, 1000.000000000000000 ) ;
#412 = ORIENTED_EDGE ( 'NONE', *, *, #5633, .F. ) ;
#413 = DIRECTION ( 'NONE',  ( 0.000000000000000000, 5.251604272976699179E-15, -1.000000000000000000 ) ) ;
#414 = ORIENTED_EDGE ( 'NONE', *, *, #7568, .F. ) ;
#415 = LINE ( 'NONE', #1250, #850 ) ;
#416 = ORIENTED_EDGE ( 'NONE', *, *, #4993, .F. ) ;
#417 = VECTOR ( 'NONE', #7330, 1000.000000000000227 ) ;
#418 = DIRECTION ( 'NONE',  ( -0.000000000000000000, 0.000000000000000000, -1.000000000000000000 ) ) ;
#419 = AXIS2_PLACEMENT_3D ( 'NONE', #6460, #5048, #1819 ) ;
#420 = LINE ( 'NONE', #368, #8256 ) ;
#421 = VERTEX_POINT ( 'NONE', #1468 ) ;
#422 = LINE ( 'NONE', #7001, #8383 ) ;
#423 = DIRECTION ( 'NONE',  ( -1.000000000000000000, 0.000000000000000000, 1.807003620809174632E-16 ) ) ;
#424 = EDGE_CURVE ( 'NONE', #7851, #2748, #4074, .T. ) ;
#425 = ORIENTED_EDGE ( 'NONE', *, *, #4234, .F. ) ;
#426 = ORIENTED_EDGE ( 'NONE', *, *, #6218, .T. ) ;
#427 = LINE ( 'NONE', #4436, #3881 ) ;
#428 = EDGE_CURVE ( 'NONE', #1983, #9433, #7231, .T. ) ;
#429 = PRESENTATION_LAYER_ASSIGNMENT (  '', '', ( #6718 ) ) ;
#430 = AXIS2_PLACEMENT_3D ( 'NONE', #1258, #2208, #5325 ) ;
#431 = ADVANCED_FACE ( 'NONE', ( #799 ), #4014, .T. ) ;
#432 = VECTOR ( 'NONE', #3539, 1000.000000000000000 ) ;
#433 = VECTOR ( 'NONE', #2688, 1000.000000000000000 ) ;
#434 = ORIENTED_EDGE ( 'NONE', *, *, #4506, .F. ) ;
#435 = CARTESIAN_POINT ( 'NONE',  ( 1.625000000000000666, 2.250000000000000000, 0.6750000000000004885 ) ) ;
#436 = CARTESIAN_POINT ( 'NONE',  ( 0.7249999999999990896, 3.299999999999999822, -0.7749999999999999112 ) ) ;
#437 = CARTESIAN_POINT ( 'NONE',  ( 4.474999999999996980, 0.1792893218813486067, -1.745710678118654435 ) ) ;
#438 = DIRECTION ( 'NONE',  ( -0.000000000000000000, 0.7071067811865474617, 0.7071067811865474617 ) ) ;
#439 = ORIENTED_EDGE ( 'NONE', *, *, #4155, .T. ) ;
#440 = DIRECTION ( 'NONE',  ( 0.000000000000000000, 0.7071067811865475727, -0.7071067811865475727 ) ) ;
#441 = ORIENTED_EDGE ( 'NONE', *, *, #5345, .F. ) ;
#442 = CARTESIAN_POINT ( 'NONE',  ( -4.299999999999998934, 0.000000000000000000, 2.075000000000000622 ) ) ;
#443 = PLANE ( 'NONE',  #5531 ) ;
#444 = LINE ( 'NONE', #9280, #2626 ) ;
#445 = VERTEX_POINT ( 'NONE', #4755 ) ;
#446 = CARTESIAN_POINT ( 'NONE',  ( 6.249999999999998224, 4.049999999999999822, 0.4749999999999995337 ) ) ;
#447 = ORIENTED_EDGE ( 'NONE', *, *, #6209, .F. ) ;
#448 = LINE ( 'NONE', #3558, #6454 ) ;
#449 = EDGE_CURVE ( 'NONE', #2403, #3843, #7290, .T. ) ;
#450 = CARTESIAN_POINT ( 'NONE',  ( -0.6250000000000014433, -13.83708784390703705, -1.174999999999999822 ) ) ;
#451 = VERTEX_POINT ( 'NONE', #5612 ) ;
#452 = CARTESIAN_POINT ( 'NONE',  ( -1.325000000000001510, 1.899999999999999689, 2.475000000000000533 ) ) ;
#453 = DIRECTION ( 'NONE',  ( -0.000000000000000000, -4.553649124439118623E-15, 1.000000000000000000 ) ) ;
#454 = CARTESIAN_POINT ( 'NONE',  ( 6.375000000000000888, 1.449999999999999956, 0.8749999999999996669 ) ) ;
#455 = CARTESIAN_POINT ( 'NONE',  ( -1.125000000000001776, 0.000000000000000000, 0.2250000000000008105 ) ) ;
#456 = CARTESIAN_POINT ( 'NONE',  ( 5.524999999999997691, 3.950000000000000178, -1.174999999999999822 ) ) ;
#457 = ORIENTED_EDGE ( 'NONE', *, *, #6373, .T. ) ;
#458 = CARTESIAN_POINT ( 'NONE',  ( 5.724999999999997868, -0.1499999999999963862, -2.374999999999999112 ) ) ;
#459 = VERTEX_POINT ( 'NONE', #6423 ) ;
#460 = LINE ( 'NONE', #9400, #8354 ) ;
#461 = EDGE_CURVE ( 'NONE', #7556, #690, #746, .T. ) ;
#462 = VERTEX_POINT ( 'NONE', #10492 ) ;
#463 = DIRECTION ( 'NONE',  ( 1.000000000000000000, 0.000000000000000000, 0.000000000000000000 ) ) ;
#464 = EDGE_CURVE ( 'NONE', #2589, #3586, #8951, .T. ) ;
#465 = VECTOR ( 'NONE', #1504, 1000.000000000000000 ) ;
#466 = EDGE_CURVE ( 'NONE', #211, #99, #3470, .T. ) ;
#467 = PLANE ( 'NONE',  #655 ) ;
#468 = VERTEX_POINT ( 'NONE', #9574 ) ;
#469 = DIRECTION ( 'NONE',  ( 0.000000000000000000, 0.000000000000000000, 1.000000000000000000 ) ) ;
#470 = EDGE_LOOP ( 'NONE', ( #1205, #6300, #1574, #4142 ) ) ;
#471 = CARTESIAN_POINT ( 'NONE',  ( 3.224999999999997424, 0.3000000000000009881, -1.625000000000000666 ) ) ;
#472 = ORIENTED_EDGE ( 'NONE', *, *, #3161, .T. ) ;
#473 = ORIENTED_EDGE ( 'NONE', *, *, #5648, .F. ) ;
#474 = PLANE ( 'NONE',  #3742 ) ;
#475 = DIRECTION ( 'NONE',  ( 0.000000000000000000, -5.421010862427526114E-15, 1.000000000000000000 ) ) ;
#476 = ORIENTED_EDGE ( 'NONE', *, *, #3440, .F. ) ;
#477 = VECTOR ( 'NONE', #10020, 1000.000000000000000 ) ;
#478 = VERTEX_POINT ( 'NONE', #3272 ) ;
#479 = DIRECTION ( 'NONE',  ( 0.000000000000000000, 0.000000000000000000, 1.000000000000000000 ) ) ;
#480 = ADVANCED_FACE ( 'NONE', ( #692 ), #3904, .T. ) ;
#481 = EDGE_CURVE ( 'NONE', #5546, #2049, #9751, .T. ) ;
#482 = AXIS2_PLACEMENT_3D ( 'NONE', #2424, #9050, #1001 ) ;
#483 = EDGE_CURVE ( 'NONE', #79, #9034, #5669, .T. ) ;
#484 = DIRECTION ( 'NONE',  ( -1.000000000000000000, 0.000000000000000000, -0.000000000000000000 ) ) ;
#485 = LINE ( 'NONE', #9536, #684 ) ;
#486 = VECTOR ( 'NONE', #5241, 1000.000000000000000 ) ;
#487 = PLANE ( 'NONE',  #6472 ) ;
#488 = EDGE_LOOP ( 'NONE', ( #4872, #6445, #6335, #2937 ) ) ;
#489 = EDGE_CURVE ( 'NONE', #5787, #662, #8198, .T. ) ;
#490 = EDGE_LOOP ( 'NONE', ( #1261, #5544, #8782, #1035, #5984, #8940, #6264, #8515, #1380, #8336, #7786, #5124, #4195 ) ) ;
#491 = AXIS2_PLACEMENT_3D ( 'NONE', #4615, #5467, #4562 ) ;
#492 = DIRECTION ( 'NONE',  ( -1.000000000000000000, 0.000000000000000000, 0.000000000000000000 ) ) ;
#493 = LINE ( 'NONE', #3280, #7190 ) ;
#494 = CARTESIAN_POINT ( 'NONE',  ( 2.124999999999997780, 4.049999999999999822, 0.2749999999999995226 ) ) ;
#495 = CARTESIAN_POINT ( 'NONE',  ( 4.474999999999996980, -0.1499999999999963862, -1.474999999999999645 ) ) ;
#496 = ORIENTED_EDGE ( 'NONE', *, *, #6613, .F. ) ;
#497 = FACE_OUTER_BOUND ( 'NONE', #4972, .T. ) ;
#498 = EDGE_CURVE ( 'NONE', #1945, #6692, #2262, .T. ) ;
#499 = VERTEX_POINT ( 'NONE', #3424 ) ;
#500 = VECTOR ( 'NONE', #4328, 1000.000000000000000 ) ;
#501 = CARTESIAN_POINT ( 'NONE',  ( 6.875000000000000000, 3.950000000000000178, 0.8749999999999998890 ) ) ;
#502 = EDGE_LOOP ( 'NONE', ( #10330, #5719, #786, #3079 ) ) ;
#503 = CARTESIAN_POINT ( 'NONE',  ( 0.7249999999999990896, 3.299999999999999822, -1.224999999999999645 ) ) ;
#504 = DIRECTION ( 'NONE',  ( 0.000000000000000000, -5.421010862427526114E-15, 1.000000000000000000 ) ) ;
#505 = CARTESIAN_POINT ( 'NONE',  ( 4.330089135474556095, 0.5999999999999999778, 0.2250000000000008105 ) ) ;
#506 = VECTOR ( 'NONE', #6470, 1000.000000000000000 ) ;
#507 = DIRECTION ( 'NONE',  ( 0.000000000000000000, -4.336808689942002452E-16, 1.000000000000000000 ) ) ;
#508 = EDGE_CURVE ( 'NONE', #6879, #4952, #3473, .T. ) ;
#509 = VERTEX_POINT ( 'NONE', #5967 ) ;
#510 = FACE_OUTER_BOUND ( 'NONE', #6394, .T. ) ;
#511 = ORIENTED_EDGE ( 'NONE', *, *, #10370, .F. ) ;
#512 = CARTESIAN_POINT ( 'NONE',  ( 7.375000000000000000, 3.399999999999999911, -0.3249999999999995670 ) ) ;
#513 = DIRECTION ( 'NONE',  ( -1.000000000000000000, -0.000000000000000000, 0.000000000000000000 ) ) ;
#514 = PLANE ( 'NONE',  #6815 ) ;
#515 = AXIS2_PLACEMENT_3D ( 'NONE', #9768, #2444, #1714 ) ;
#516 = LINE ( 'NONE', #5424, #8817 ) ;
#517 = ORIENTED_EDGE ( 'NONE', *, *, #9815, .F. ) ;
#518 = CARTESIAN_POINT ( 'NONE',  ( -1.125000000000001776, 0.000000000000000000, 0.000000000000000000 ) ) ;
#519 = VERTEX_POINT ( 'NONE', #9244 ) ;
#520 = ADVANCED_FACE ( 'NONE', ( #6747 ), #9154, .T. ) ;
#521 = VERTEX_POINT ( 'NONE', #1058 ) ;
#522 = LINE ( 'NONE', #2148, #323 ) ;
#523 = ORIENTED_EDGE ( 'NONE', *, *, #3549, .F. ) ;
#524 = LINE ( 'NONE', #4482, #10250 ) ;
#525 = DIRECTION ( 'NONE',  ( -1.807003620809174632E-16, 0.000000000000000000, -1.000000000000000000 ) ) ;
#526 = EDGE_CURVE ( 'NONE', #598, #1157, #10018, .T. ) ;
#527 = EDGE_LOOP ( 'NONE', ( #10088, #5368, #5581, #2206 ) ) ;
#528 = EDGE_CURVE ( 'NONE', #499, #4089, #1143, .T. ) ;
#529 = ORIENTED_EDGE ( 'NONE', *, *, #9931, .T. ) ;
#530 = VECTOR ( 'NONE', #3260, 1000.000000000000000 ) ;
#531 = CARTESIAN_POINT ( 'NONE',  ( 3.224999999999997424, -0.04999999999999636680, -2.375000000000000000 ) ) ;
#532 = DIRECTION ( 'NONE',  ( 0.000000000000000000, 0.7071067811865570096, -0.7071067811865381358 ) ) ;
#533 = VECTOR ( 'NONE', #10024, 1000.000000000000000 ) ;
#534 = ADVANCED_FACE ( 'NONE', ( #3375 ), #8301, .F. ) ;
#535 = DIRECTION ( 'NONE',  ( -1.000000000000000000, -0.000000000000000000, -0.000000000000000000 ) ) ;
#536 = FACE_OUTER_BOUND ( 'NONE', #6003, .T. ) ;
#537 = LINE ( 'NONE', #7012, #2187 ) ;
#538 = LINE ( 'NONE', #6096, #1372 ) ;
#539 = ORIENTED_EDGE ( 'NONE', *, *, #8943, .F. ) ;
#540 = VERTEX_POINT ( 'NONE', #5020 ) ;
#541 = DIRECTION ( 'NONE',  ( 0.000000000000000000, 0.000000000000000000, 1.000000000000000000 ) ) ;
#542 = CARTESIAN_POINT ( 'NONE',  ( 7.275000000000000355, 0.2500000000000002220, 2.475000000000000089 ) ) ;
#543 = CARTESIAN_POINT ( 'NONE',  ( 3.224999999999997424, -0.1499999999999963862, -1.474999999999999645 ) ) ;
#544 = CARTESIAN_POINT ( 'NONE',  ( 2.124999999999997780, 1.199999999999999734, 0.1750000000000000999 ) ) ;
#545 = ADVANCED_FACE ( 'NONE', ( #8253 ), #1009, .T. ) ;
#546 = VECTOR ( 'NONE', #8492, 1000.000000000000000 ) ;
#547 = EDGE_LOOP ( 'NONE', ( #7517, #5875, #2738, #3259 ) ) ;
#548 = DIRECTION ( 'NONE',  ( 0.000000000000000000, -1.000000000000000000, -2.456395547037470490E-16 ) ) ;
#549 = ORIENTED_EDGE ( 'NONE', *, *, #3580, .T. ) ;
#550 = ADVANCED_FACE ( 'NONE', ( #4272 ), #4231, .F. ) ;
#551 = CARTESIAN_POINT ( 'NONE',  ( 5.724999999999998757, 3.299999999999999822, -0.7749999999999999112 ) ) ;
#552 = VERTEX_POINT ( 'NONE', #209 ) ;
#553 = DIRECTION ( 'NONE',  ( 0.000000000000000000, -1.000000000000000000, -0.000000000000000000 ) ) ;
#554 = VECTOR ( 'NONE', #7551, 1000.000000000000000 ) ;
#556 = LINE ( 'NONE', #3761, #1216 ) ;
#555 = VECTOR ( 'NONE', #10216, 1000.000000000000000 ) ;
#557 = CARTESIAN_POINT ( 'NONE',  ( 1.974999999999998090, 2.575000000000000178, -1.200000000000000400 ) ) ;
#558 = CARTESIAN_POINT ( 'NONE',  ( 4.474999999999997868, 4.049999999999999822, 0.2749999999999994671 ) ) ;
#559 = DIRECTION ( 'NONE',  ( 0.000000000000000000, 1.000000000000000000, 0.000000000000000000 ) ) ;
#560 = ORIENTED_EDGE ( 'NONE', *, *, #8244, .T. ) ;
#561 = LINE ( 'NONE', #6986, #1421 ) ;
#562 = ORIENTED_EDGE ( 'NONE', *, *, #10190, .F. ) ;
#563 = PLANE ( 'NONE',  #9208 ) ;
#564 = VECTOR ( 'NONE', #1004, 1000.000000000000000 ) ;
#565 = CARTESIAN_POINT ( 'NONE',  ( 3.224999999999999645, 4.049999999999999822, -1.174999999999999822 ) ) ;
#566 = DIRECTION ( 'NONE',  ( -1.000000000000000000, -0.000000000000000000, -0.000000000000000000 ) ) ;
#567 = EDGE_LOOP ( 'NONE', ( #7710, #4454, #6584, #1452 ) ) ;
#568 = ORIENTED_EDGE ( 'NONE', *, *, #1762, .T. ) ;
#569 = DIRECTION ( 'NONE',  ( -0.000000000000000000, -0.000000000000000000, -1.000000000000000000 ) ) ;
#570 = VERTEX_POINT ( 'NONE', #6700 ) ;
#571 = CARTESIAN_POINT ( 'NONE',  ( 3.024999999999998579, 2.899999999999996803, -0.7749999999999999112 ) ) ;
#572 = AXIS2_PLACEMENT_3D ( 'NONE', #10528, #984, #9951 ) ;
#573 = PLANE ( 'NONE',  #1224 ) ;
#574 = CARTESIAN_POINT ( 'NONE',  ( -1.025000000000001688, 1.899999999999999689, 2.475000000000000089 ) ) ;
#575 = ORIENTED_EDGE ( 'NONE', *, *, #2092, .T. ) ;
#576 = DIRECTION ( 'NONE',  ( 0.000000000000000000, 3.336006684570783101E-16, -1.000000000000000000 ) ) ;
#577 = DIRECTION ( 'NONE',  ( 1.000000000000000000, 0.000000000000000000, -0.000000000000000000 ) ) ;
#578 = ORIENTED_EDGE ( 'NONE', *, *, #3833, .F. ) ;
#579 = EDGE_LOOP ( 'NONE', ( #7000, #7220, #4041, #2089 ) ) ;
#580 = DIRECTION ( 'NONE',  ( 0.000000000000000000, 0.000000000000000000, -1.000000000000000000 ) ) ;
#581 = EDGE_CURVE ( 'NONE', #8805, #7747, #9970, .T. ) ;
#582 = ADVANCED_FACE ( 'NONE', ( #7554 ), #1888, .F. ) ;
#583 = VECTOR ( 'NONE', #8334, 1000.000000000000000 ) ;
#584 = ORIENTED_EDGE ( 'NONE', *, *, #2710, .T. ) ;
#585 = CARTESIAN_POINT ( 'NONE',  ( 5.724999999999998757, 3.299999999999999822, -0.9349999999999998312 ) ) ;
#586 = VERTEX_POINT ( 'NONE', #5109 ) ;
#587 = MECHANICAL_DESIGN_GEOMETRIC_PRESENTATION_REPRESENTATION (  '', ( #9796 ), #953 ) ;
#588 = CARTESIAN_POINT ( 'NONE',  ( -1.125000000000000888, 1.800000000000000044, -1.175000000000000044 ) ) ;
#589 = DIRECTION ( 'NONE',  ( 1.000000000000000000, 0.000000000000000000, -0.000000000000000000 ) ) ;
#590 = UNCERTAINTY_MEASURE_WITH_UNIT (LENGTH_MEASURE( 1.000000000000000082E-05 ), #3372, 'distance_accuracy_value', 'NONE');
#591 = VECTOR ( 'NONE', #4951, 1000.000000000000000 ) ;
#592 = LINE ( 'NONE', #2897, #7823 ) ;
#593 = VERTEX_POINT ( 'NONE', #8399 ) ;
#594 = ADVANCED_FACE ( 'NONE', ( #4965 ), #3325, .T. ) ;
#595 = EDGE_CURVE ( 'NONE', #1128, #5387, #1750, .T. ) ;
#596 = ADVANCED_FACE ( 'NONE', ( #10067 ), #109, .F. ) ;
#597 = VECTOR ( 'NONE', #5244, 1000.000000000000000 ) ;
#598 = VERTEX_POINT ( 'NONE', #2539 ) ;
#599 = AXIS2_PLACEMENT_3D ( 'NONE', #1100, #4321, #9057 ) ;
#600 = LINE ( 'NONE', #7076, #3492 ) ;
#601 = SURFACE_STYLE_FILL_AREA ( #6449 ) ;
#602 = ORIENTED_EDGE ( 'NONE', *, *, #9997, .F. ) ;
#603 = CARTESIAN_POINT ( 'NONE',  ( -1.625000000000001332, 3.399999999999999911, -1.174999999999999822 ) ) ;
#604 = ORIENTED_EDGE ( 'NONE', *, *, #10390, .T. ) ;
#605 = EDGE_CURVE ( 'NONE', #8931, #10182, #9920, .T. ) ;
#606 = CARTESIAN_POINT ( 'NONE',  ( 13.12499999999999822, 4.000000000000000000, -1.224999999999999645 ) ) ;
#607 = ORIENTED_EDGE ( 'NONE', *, *, #1760, .T. ) ;
#608 = ORIENTED_EDGE ( 'NONE', *, *, #8529, .F. ) ;
#609 = DIRECTION ( 'NONE',  ( 0.000000000000000000, 0.7071067811865474617, 0.7071067811865474617 ) ) ;
#610 = CARTESIAN_POINT ( 'NONE',  ( 3.224999999999997424, 0.09999999999999999167, -0.8250000000000010658 ) ) ;
#611 = ADVANCED_FACE ( 'NONE', ( #8700 ), #5307, .T. ) ;
#612 = DIRECTION ( 'NONE',  ( 0.000000000000000000, -1.000000000000000000, 2.710505431213761393E-17 ) ) ;
#613 = CARTESIAN_POINT ( 'NONE',  ( 6.000000000000000888, 3.849999999999997424, 2.075000000000000622 ) ) ;
#614 = DIRECTION ( 'NONE',  ( -1.000000000000000000, -0.000000000000000000, -0.000000000000000000 ) ) ;
#615 = ORIENTED_EDGE ( 'NONE', *, *, #58, .F. ) ;
#616 = DIRECTION ( 'NONE',  ( 0.000000000000000000, 1.000000000000000000, 0.000000000000000000 ) ) ;
#617 = PLANE ( 'NONE',  #7021 ) ;
#618 = EDGE_LOOP ( 'NONE', ( #3087, #5289, #10347, #6312, #10245, #8835 ) ) ;
#619 = CARTESIAN_POINT ( 'NONE',  ( -1.325000000000001510, 0.5999999999999999778, 1.825000000000000622 ) ) ;
#620 = CARTESIAN_POINT ( 'NONE',  ( 4.031793621149188489, 3.449999999999999734, 0.2950000000000000400 ) ) ;
#621 = EDGE_CURVE ( 'NONE', #5767, #5321, #6120, .T. ) ;
#622 = DIRECTION ( 'NONE',  ( -0.000000000000000000, -0.8944271909999158554, 0.4472135954999579277 ) ) ;
#623 = ORIENTED_EDGE ( 'NONE', *, *, #2745, .T. ) ;
#624 = ORIENTED_EDGE ( 'NONE', *, *, #9306, .F. ) ;
#625 = DIRECTION ( 'NONE',  ( 0.000000000000000000, 0.000000000000000000, -1.000000000000000000 ) ) ;
#626 = ORIENTED_EDGE ( 'NONE', *, *, #9317, .T. ) ;
#627 = DIRECTION ( 'NONE',  ( -0.000000000000000000, 0.000000000000000000, 1.000000000000000000 ) ) ;
#628 = ORIENTED_EDGE ( 'NONE', *, *, #2162, .T. ) ;
#629 = CARTESIAN_POINT ( 'NONE',  ( -4.299999999999998934, 0.000000000000000000, 2.075000000000000622 ) ) ;
#630 = CARTESIAN_POINT ( 'NONE',  ( 6.375000000000000888, 0.7428932188134522718, 0.8749999999999996669 ) ) ;
#631 = ORIENTED_EDGE ( 'NONE', *, *, #9183, .T. ) ;
#632 = DIRECTION ( 'NONE',  ( 0.000000000000000000, 1.000000000000000000, 0.000000000000000000 ) ) ;
#633 = FACE_OUTER_BOUND ( 'NONE', #5318, .T. ) ;
#634 = ORIENTED_EDGE ( 'NONE', *, *, #5991, .T. ) ;
#635 = CARTESIAN_POINT ( 'NONE',  ( -1.325000000000001510, 0.000000000000000000, 0.2250000000000008105 ) ) ;
#636 = ORIENTED_EDGE ( 'NONE', *, *, #4760, .F. ) ;
#637 = LINE ( 'NONE', #5616, #869 ) ;
#638 = VECTOR ( 'NONE', #8928, 1000.000000000000000 ) ;
#639 = CARTESIAN_POINT ( 'NONE',  ( 7.875000000000000000, 4.049999999999999822, 2.475000000000000089 ) ) ;
#640 = ORIENTED_EDGE ( 'NONE', *, *, #3698, .F. ) ;
#641 = VECTOR ( 'NONE', #3187, 1000.000000000000000 ) ;
#642 = LINE ( 'NONE', #9419, #8460 ) ;
#643 = AXIS2_PLACEMENT_3D ( 'NONE', #7428, #2563, #5747 ) ;
#644 = ORIENTED_EDGE ( 'NONE', *, *, #8580, .T. ) ;
#645 = PLANE ( 'NONE',  #928 ) ;
#646 = LINE ( 'NONE', #4547, #10041 ) ;
#647 = EDGE_CURVE ( 'NONE', #10115, #3831, #3614, .T. ) ;
#648 = CARTESIAN_POINT ( 'NONE',  ( 7.781793621149187601, 1.016439536705160869E-17, 0.3750000000000000555 ) ) ;
#649 = ORIENTED_EDGE ( 'NONE', *, *, #1760, .F. ) ;
#650 = VECTOR ( 'NONE', #9226, 1000.000000000000000 ) ;
#651 = UNCERTAINTY_MEASURE_WITH_UNIT (LENGTH_MEASURE( 1.000000000000000082E-05 ), #5941, 'distance_accuracy_value', 'NONE');
#652 = ORIENTED_EDGE ( 'NONE', *, *, #5267, .F. ) ;
#653 = VECTOR ( 'NONE', #9761, 1000.000000000000000 ) ;
#654 = CARTESIAN_POINT ( 'NONE',  ( 0.5249999999999994671, 4.049999999999999822, -1.174999999999999822 ) ) ;
#655 = AXIS2_PLACEMENT_3D ( 'NONE', #8709, #9406, #3718 ) ;
#656 = FACE_OUTER_BOUND ( 'NONE', #7755, .T. ) ;
#657 = LINE ( 'NONE', #7137, #6559 ) ;
#658 = VECTOR ( 'NONE', #1200, 1000.000000000000000 ) ;
#659 = EDGE_LOOP ( 'NONE', ( #8394, #5886, #7198, #2418 ) ) ;
#660 = CARTESIAN_POINT ( 'NONE',  ( 1.974999999999997646, 0.2500000000000037748, -1.816421356237308826 ) ) ;
#661 = ADVANCED_FACE ( 'NONE', ( #6171 ), #4416, .T. ) ;
#662 = VERTEX_POINT ( 'NONE', #8544 ) ;
#663 = VECTOR ( 'NONE', #8486, 1000.000000000000000 ) ;
#664 = LINE ( 'NONE', #9385, #1328 ) ;
#665 = ORIENTED_EDGE ( 'NONE', *, *, #3393, .T. ) ;
#666 = ORIENTED_EDGE ( 'NONE', *, *, #8454, .F. ) ;
#667 = DIRECTION ( 'NONE',  ( 0.000000000000000000, -0.000000000000000000, -1.000000000000000000 ) ) ;
#668 = CARTESIAN_POINT ( 'NONE',  ( 0.7249999999999973133, 0.1500000000000032419, -2.474999999999999645 ) ) ;
#669 = CARTESIAN_POINT ( 'NONE',  ( 1.974999999999997646, 0.09999999999999999167, -0.8250000000000010658 ) ) ;
#670 = EDGE_CURVE ( 'NONE', #8263, #3661, #2771, .T. ) ;
#671 = LINE ( 'NONE', #726, #7924 ) ;
#672 = LINE ( 'NONE', #4679, #3964 ) ;
#673 = ORIENTED_EDGE ( 'NONE', *, *, #10314, .T. ) ;
#674 = LINE ( 'NONE', #8988, #4985 ) ;
#675 = ADVANCED_FACE ( 'NONE', ( #10110 ), #2131, .T. ) ;
#676 = ORIENTED_EDGE ( 'NONE', *, *, #6520, .T. ) ;
#677 = CARTESIAN_POINT ( 'NONE',  ( 7.625000000000000000, 3.399999999999999911, 0.1750000000000002387 ) ) ;
#678 = CARTESIAN_POINT ( 'NONE',  ( 1.774999999999997913, 0.1792893218813486345, -1.745710678118654435 ) ) ;
#679 = LINE ( 'NONE', #5540, #6089 ) ;
#680 = EDGE_CURVE ( 'NONE', #3207, #6868, #6983, .T. ) ;
#681 = VERTEX_POINT ( 'NONE', #360 ) ;
#682 = ORIENTED_EDGE ( 'NONE', *, *, #8808, .F. ) ;
#683 = DIRECTION ( 'NONE',  ( -1.000000000000000000, -0.000000000000000000, -0.000000000000000000 ) ) ;
#684 = VECTOR ( 'NONE', #6865, 1000.000000000000000 ) ;
#685 = ORIENTED_EDGE ( 'NONE', *, *, #7746, .F. ) ;
#686 = CARTESIAN_POINT ( 'NONE',  ( 0.7249999999999990896, 3.299999999999999822, -0.7749999999999999112 ) ) ;
#687 = CARTESIAN_POINT ( 'NONE',  ( 3.024999999999999023, 3.950000000000000178, -1.174999999999999822 ) ) ;
#688 = DIRECTION ( 'NONE',  ( 1.000000000000000000, 0.000000000000000000, 0.000000000000000000 ) ) ;
#689 = CYLINDRICAL_SURFACE ( 'NONE', #5682, 0.05000000000000012768 ) ;
#690 = VERTEX_POINT ( 'NONE', #5355 ) ;
#691 = DIRECTION ( 'NONE',  ( -1.000000000000000000, -0.000000000000000000, 0.000000000000000000 ) ) ;
#692 = FACE_OUTER_BOUND ( 'NONE', #9949, .T. ) ;
#693 = ORIENTED_EDGE ( 'NONE', *, *, #715, .F. ) ;
#694 = CARTESIAN_POINT ( 'NONE',  ( 4.330089135474556095, 1.899999999999999689, 2.475000000000000533 ) ) ;
#695 = AXIS2_PLACEMENT_3D ( 'NONE', #3682, #1314, #2051 ) ;
#696 = CARTESIAN_POINT ( 'NONE',  ( 7.375000000000000000, 2.899999999999999911, -0.3249999999999997891 ) ) ;
#697 = ORIENTED_EDGE ( 'NONE', *, *, #1065, .F. ) ;
#698 = DIRECTION ( 'NONE',  ( -4.353108952907898122E-16, -0.9284766908852604139, 0.3713906763541011125 ) ) ;
#699 = PRODUCT_RELATED_PRODUCT_CATEGORY ( 'part', '', ( #8896 ) ) ;
#700 = VECTOR ( 'NONE', #2774, 1000.000000000000000 ) ;
#701 = PLANE ( 'NONE',  #8626 ) ;
#702 = VERTEX_POINT ( 'NONE', #9342 ) ;
#703 = EDGE_CURVE ( 'NONE', #9051, #2680, #6884, .T. ) ;
#704 = PLANE ( 'NONE',  #5833 ) ;
#705 = PLANE ( 'NONE',  #6092 ) ;
#706 = UNCERTAINTY_MEASURE_WITH_UNIT (LENGTH_MEASURE( 1.000000000000000082E-05 ), #3409, 'distance_accuracy_value', 'NONE');
#707 = ORIENTED_EDGE ( 'NONE', *, *, #9931, .F. ) ;
#708 = VECTOR ( 'NONE', #7764, 1000.000000000000000 ) ;
#709 = VERTEX_POINT ( 'NONE', #10149 ) ;
#710 = DIRECTION ( 'NONE',  ( -1.000000000000000000, -0.000000000000000000, 0.000000000000000000 ) ) ;
#711 = DIRECTION ( 'NONE',  ( -0.000000000000000000, 1.000000000000000000, 5.421010862427526114E-15 ) ) ;
#712 = ORIENTED_EDGE ( 'NONE', *, *, #10358, .T. ) ;
#713 = CARTESIAN_POINT ( 'NONE',  ( 4.474999999999996980, 0.1500000000000032419, -2.474999999999999645 ) ) ;
#714 = ORIENTED_EDGE ( 'NONE', *, *, #10234, .F. ) ;
#715 = EDGE_CURVE ( 'NONE', #945, #7747, #10254, .T. ) ;
#716 = DIRECTION ( 'NONE',  ( 0.000000000000000000, -1.000000000000000000, 2.710505431213761393E-17 ) ) ;
#717 = VERTEX_POINT ( 'NONE', #2818 ) ;
#718 = EDGE_CURVE ( 'NONE', #1990, #3412, #9445, .T. ) ;
#719 = EDGE_CURVE ( 'NONE', #3467, #9358, #4515, .T. ) ;
#720 = DIRECTION ( 'NONE',  ( 1.000000000000000000, 0.000000000000000000, 0.000000000000000000 ) ) ;
#721 = ORIENTED_EDGE ( 'NONE', *, *, #4079, .T. ) ;
#722 = DIRECTION ( 'NONE',  ( 1.000000000000000000, 0.000000000000000000, 0.000000000000000000 ) ) ;
#723 = PLANE ( 'NONE',  #4694 ) ;
#724 = VECTOR ( 'NONE', #833, 1000.000000000000000 ) ;
#725 = LINE ( 'NONE', #10356, #911 ) ;
#726 = CARTESIAN_POINT ( 'NONE',  ( 0.5249999999999985789, 2.899999999999996803, -0.7749999999999999112 ) ) ;
#727 = FACE_OUTER_BOUND ( 'NONE', #3209, .T. ) ;
#728 = ORIENTED_EDGE ( 'NONE', *, *, #1195, .T. ) ;
#729 = DIRECTION ( 'NONE',  ( -1.000000000000000000, 0.000000000000000000, 0.000000000000000000 ) ) ;
#730 = PLANE ( 'NONE',  #8577 ) ;
#731 = VERTEX_POINT ( 'NONE', #8642 ) ;
#732 = LINE ( 'NONE', #10536, #873 ) ;
#733 = FACE_OUTER_BOUND ( 'NONE', #3796, .T. ) ;
#734 = CARTESIAN_POINT ( 'NONE',  ( 13.12499999999999822, 3.950000000000000178, 0.3750000000000001110 ) ) ;
#735 = APPLICATION_CONTEXT ( 'automotive_design' ) ;
#736 = ORIENTED_EDGE ( 'NONE', *, *, #5454, .T. ) ;
#737 = ORIENTED_EDGE ( 'NONE', *, *, #6453, .F. ) ;
#738 = EDGE_CURVE ( 'NONE', #203, #5990, #8495, .T. ) ;
#739 = DIRECTION ( 'NONE',  ( -4.353108952907898122E-16, -0.9284766908852604139, 0.3713906763541011125 ) ) ;
#740 = EDGE_LOOP ( 'NONE', ( #2007, #790, #3255, #4698 ) ) ;
#741 = DIRECTION ( 'NONE',  ( 3.336006684570783101E-16, 1.000000000000000000, -0.000000000000000000 ) ) ;
#742 = DIRECTION ( 'NONE',  ( 0.000000000000000000, -4.336808689942002452E-16, 1.000000000000000000 ) ) ;
#743 = LINE ( 'NONE', #7228, #8939 ) ;
#744 = ORIENTED_EDGE ( 'NONE', *, *, #7103, .F. ) ;
#745 = CARTESIAN_POINT ( 'NONE',  ( 1.974999999999999423, 3.299999999999999822, -0.7749999999999999112 ) ) ;
#746 = LINE ( 'NONE', #10435, #3981 ) ;
#747 = ORIENTED_EDGE ( 'NONE', *, *, #3607, .T. ) ;
#748 = MECHANICAL_DESIGN_GEOMETRIC_PRESENTATION_REPRESENTATION (  '', ( #2911 ), #4283 ) ;
#749 = DIRECTION ( 'NONE',  ( -1.000000000000000000, -0.000000000000000000, -0.000000000000000000 ) ) ;
#750 = CARTESIAN_POINT ( 'NONE',  ( 3.224999999999997424, 0.1500000000000032419, -2.474999999999999645 ) ) ;
#751 = PLANE ( 'NONE',  #2535 ) ;
#752 = EDGE_CURVE ( 'NONE', #4840, #459, #1190, .T. ) ;
#753 = ORIENTED_EDGE ( 'NONE', *, *, #9885, .F. ) ;
#754 = LINE ( 'NONE', #168, #9170 ) ;
#755 = PLANE ( 'NONE',  #4814 ) ;
#756 = DIRECTION ( 'NONE',  ( 0.000000000000000000, -0.000000000000000000, -1.000000000000000000 ) ) ;
#757 = VERTEX_POINT ( 'NONE', #4468 ) ;
#758 = EDGE_CURVE ( 'NONE', #2065, #6641, #7737, .T. ) ;
#759 = CARTESIAN_POINT ( 'NONE',  ( 7.375000000000000888, 0.2500000000000000000, -0.3340169943749460302 ) ) ;
#760 = LINE ( 'NONE', #10032, #7650 ) ;
#761 = CARTESIAN_POINT ( 'NONE',  ( -6.875000000000000000, -13.83708784390703705, 0.3750000000000001110 ) ) ;
#762 = VECTOR ( 'NONE', #3663, 1000.000000000000000 ) ;
#763 = VECTOR ( 'NONE', #9735, 1000.000000000000000 ) ;
#764 = EDGE_CURVE ( 'NONE', #5288, #6568, #10201, .T. ) ;
#765 = ADVANCED_FACE ( 'NONE', ( #2870 ), #3764, .T. ) ;
#766 = VERTEX_POINT ( 'NONE', #3143 ) ;
#767 = PRESENTATION_LAYER_ASSIGNMENT (  '', '', ( #5993 ) ) ;
#768 = VECTOR ( 'NONE', #3174, 1000.000000000000000 ) ;
#769 = CARTESIAN_POINT ( 'NONE',  ( 4.330089135474556095, 0.000000000000000000, 0.2250000000000008105 ) ) ;
#770 = CARTESIAN_POINT ( 'NONE',  ( 0.7249999999999973133, 0.2500000000000037748, -1.816421356237308826 ) ) ;
#771 = EDGE_LOOP ( 'NONE', ( #1332, #1855, #5980, #6603 ) ) ;
#772 = FACE_OUTER_BOUND ( 'NONE', #4756, .T. ) ;
#773 = EDGE_LOOP ( 'NONE', ( #9282, #955, #3632, #8184 ) ) ;
#774 = AXIS2_PLACEMENT_3D ( 'NONE', #3552, #8479, #389 ) ;
#775 = PLANE ( 'NONE',  #2526 ) ;
#776 = EDGE_LOOP ( 'NONE', ( #640, #2572, #9094, #10340 ) ) ;
#777 = ORIENTED_EDGE ( 'NONE', *, *, #4277, .F. ) ;
#778 = DIRECTION ( 'NONE',  ( 1.000000000000000000, 0.000000000000000000, 0.000000000000000000 ) ) ;
#779 = DIRECTION ( 'NONE',  ( -1.000000000000000000, -0.000000000000000000, -0.000000000000000000 ) ) ;
#780 = DIRECTION ( 'NONE',  ( 0.000000000000000000, -5.421010862427526114E-15, 1.000000000000000000 ) ) ;
#781 = CARTESIAN_POINT ( 'NONE',  ( 5.724999999999997868, 4.049999999999999822, 0.2749999999999994671 ) ) ;
#782 = VECTOR ( 'NONE', #2317, 1000.000000000000000 ) ;
#783 = ORIENTED_EDGE ( 'NONE', *, *, #8030, .T. ) ;
#784 = FACE_OUTER_BOUND ( 'NONE', #1852, .T. ) ;
#785 = CARTESIAN_POINT ( 'NONE',  ( 2.124999999999997780, 3.950000000000000178, 0.1750000000000000999 ) ) ;
#786 = ORIENTED_EDGE ( 'NONE', *, *, #8345, .F. ) ;
#787 = LINE ( 'NONE', #9560, #1536 ) ;
#788 = ORIENTED_EDGE ( 'NONE', *, *, #223, .T. ) ;
#789 = CARTESIAN_POINT ( 'NONE',  ( 5.724999999999997868, 1.016439536705160869E-17, 0.3750000000000000555 ) ) ;
#790 = ORIENTED_EDGE ( 'NONE', *, *, #8512, .F. ) ;
#791 = ORIENTED_EDGE ( 'NONE', *, *, #3963, .F. ) ;
#792 = LINE ( 'NONE', #5718, #3668 ) ;
#793 = ORIENTED_EDGE ( 'NONE', *, *, #9375, .T. ) ;
#794 = LINE ( 'NONE', #10319, #8548 ) ;
#795 = VERTEX_POINT ( 'NONE', #37 ) ;
#796 = SURFACE_STYLE_FILL_AREA ( #8079 ) ;
#797 = CARTESIAN_POINT ( 'NONE',  ( 4.330089135474556095, 0.5999999999999999778, 1.825000000000000622 ) ) ;
#798 = DIRECTION ( 'NONE',  ( 0.000000000000000000, 0.000000000000000000, 1.000000000000000000 ) ) ;
#799 = FACE_OUTER_BOUND ( 'NONE', #2203, .T. ) ;
#800 = EDGE_CURVE ( 'NONE', #4616, #3287, #6402, .T. ) ;
#801 = EDGE_CURVE ( 'NONE', #3320, #5629, #4844, .T. ) ;
#802 = CARTESIAN_POINT ( 'NONE',  ( 7.375000000000000888, 1.899999999999999911, 1.825000000000000622 ) ) ;
#803 = EDGE_CURVE ( 'NONE', #8805, #5752, #8759, .T. ) ;
#804 = VERTEX_POINT ( 'NONE', #7270 ) ;
#805 = CARTESIAN_POINT ( 'NONE',  ( 3.024999999999997691, 0.1792893218813486067, -1.745710678118654435 ) ) ;
#806 = LINE ( 'NONE', #6154, #5299 ) ;
#807 = PLANE ( 'NONE',  #1150 ) ;
#808 = ORIENTED_EDGE ( 'NONE', *, *, #5348, .T. ) ;
#809 = VECTOR ( 'NONE', #8061, 1000.000000000000000 ) ;
#810 = EDGE_CURVE ( 'NONE', #3010, #8481, #3451, .T. ) ;
#811 = FACE_OUTER_BOUND ( 'NONE', #8823, .T. ) ;
#812 = CARTESIAN_POINT ( 'NONE',  ( 5.724999999999998757, 1.449999999999999956, -1.224999999999999645 ) ) ;
#813 = DIRECTION ( 'NONE',  ( 0.000000000000000000, -5.251604272976699968E-15, 1.000000000000000000 ) ) ;
#814 = EDGE_CURVE ( 'NONE', #1818, #9308, #10413, .T. ) ;
#815 = ORIENTED_EDGE ( 'NONE', *, *, #7509, .F. ) ;
#816 = EDGE_CURVE ( 'NONE', #9240, #6709, #10359, .T. ) ;
#817 = VECTOR ( 'NONE', #4777, 1000.000000000000000 ) ;
#818 = ORIENTED_EDGE ( 'NONE', *, *, #7164, .T. ) ;
#819 = VECTOR ( 'NONE', #4720, 1000.000000000000000 ) ;
#820 = CARTESIAN_POINT ( 'NONE',  ( 7.774999999999999467, 4.049999999999999822, 0.6750000000000002665 ) ) ;
#821 = DIRECTION ( 'NONE',  ( 0.000000000000000000, 1.000000000000000000, -1.445602896647327084E-15 ) ) ;
#822 = FILL_AREA_STYLE_COLOUR ( '', #5501 ) ;
#823 = VERTEX_POINT ( 'NONE', #5593 ) ;
#824 = LINE ( 'NONE', #9601, #3832 ) ;
#825 = VECTOR ( 'NONE', #1727, 1000.000000000000000 ) ;
#826 = VERTEX_POINT ( 'NONE', #7208 ) ;
#827 = CARTESIAN_POINT ( 'NONE',  ( 3.224999999999997424, 1.016439536705160869E-17, 0.3750000000000000555 ) ) ;
#828 = VERTEX_POINT ( 'NONE', #3883 ) ;
#829 = VECTOR ( 'NONE', #4146, 1000.000000000000114 ) ;
#830 = DIRECTION ( 'NONE',  ( 0.000000000000000000, 0.7071067811865474617, 0.7071067811865474617 ) ) ;
#831 = ORIENTED_EDGE ( 'NONE', *, *, #3299, .F. ) ;
#832 = LINE ( 'NONE', #9842, #9080 ) ;
#833 = DIRECTION ( 'NONE',  ( 1.000000000000000000, 0.000000000000000000, -1.807003620809174632E-16 ) ) ;
#834 = DIRECTION ( 'NONE',  ( 0.000000000000000000, 0.9284766908852604139, -0.3713906763541011125 ) ) ;
#835 = DIRECTION ( 'NONE',  ( -1.000000000000000000, -0.000000000000000000, 0.000000000000000000 ) ) ;
#836 = VERTEX_POINT ( 'NONE', #3030 ) ;
#837 = PLANE ( 'NONE',  #6706 ) ;
#838 = CARTESIAN_POINT ( 'NONE',  ( 13.12499999999999822, 3.950000000000000178, 0.3750000000000001110 ) ) ;
#839 = ORIENTED_EDGE ( 'NONE', *, *, #8464, .T. ) ;
#840 = DIRECTION ( 'NONE',  ( 1.000000000000000000, 0.000000000000000000, 0.000000000000000000 ) ) ;
#841 = AXIS2_PLACEMENT_3D ( 'NONE', #1788, #396, #3606 ) ;
#842 = VERTEX_POINT ( 'NONE', #781 ) ;
#843 = CARTESIAN_POINT ( 'NONE',  ( 4.274999999999998579, 2.899999999999996803, -0.7749999999999999112 ) ) ;
#844 = LINE ( 'NONE', #9803, #320 ) ;
#845 = VERTEX_POINT ( 'NONE', #9555 ) ;
#846 = DIRECTION ( 'NONE',  ( 0.000000000000000000, -0.8320502943378443872, 0.5547001962252280372 ) ) ;
#847 = ORIENTED_EDGE ( 'NONE', *, *, #5286, .T. ) ;
#848 = CARTESIAN_POINT ( 'NONE',  ( -0.6250000000000023315, -6.123233995736742617E-17, 0.2250000000000008105 ) ) ;
#849 = EDGE_CURVE ( 'NONE', #313, #8427, #3201, .T. ) ;
#850 = VECTOR ( 'NONE', #6025, 1000.000000000000000 ) ;
#851 = CARTESIAN_POINT ( 'NONE',  ( 6.531793621149187601, 1.577500000000001235, -1.577499999999999902 ) ) ;
#852 = CARTESIAN_POINT ( 'NONE',  ( 3.224999999999997424, 0.3500000000000009215, -1.324999999999999512 ) ) ;
#853 = CARTESIAN_POINT ( 'NONE',  ( -0.6250000000000023315, -6.123233995736742617E-17, -0.3340169943749460302 ) ) ;
#854 = ORIENTED_EDGE ( 'NONE', *, *, #1877, .F. ) ;
#855 = DIRECTION ( 'NONE',  ( 0.000000000000000000, -3.336006684570783101E-16, 1.000000000000000000 ) ) ;
#856 = AXIS2_PLACEMENT_3D ( 'NONE', #3778, #4582, #7053 ) ;
#857 = VECTOR ( 'NONE', #8766, 1000.000000000000000 ) ;
#858 = EDGE_CURVE ( 'NONE', #10235, #335, #672, .T. ) ;
#859 = CARTESIAN_POINT ( 'NONE',  ( -0.1250000000000018319, 3.950000000000000178, 0.8749999999999996669 ) ) ;
#860 = SURFACE_STYLE_FILL_AREA ( #8309 ) ;
#861 = ORIENTED_EDGE ( 'NONE', *, *, #10277, .F. ) ;
#862 = CARTESIAN_POINT ( 'NONE',  ( 5.524999999999997691, -0.1499999999999963862, -1.474999999999999645 ) ) ;
#863 = EDGE_CURVE ( 'NONE', #8427, #4215, #4734, .T. ) ;
#864 = EDGE_CURVE ( 'NONE', #836, #8610, #2465, .T. ) ;
#865 = PLANE ( 'NONE',  #3114 ) ;
#866 = PLANE ( 'NONE',  #318 ) ;
#867 = EDGE_LOOP ( 'NONE', ( #8631, #9764, #2982, #9137 ) ) ;
#868 = CARTESIAN_POINT ( 'NONE',  ( 0.7249999999999973133, 1.449999999999999956, 0.3750000000000000000 ) ) ;
#869 = VECTOR ( 'NONE', #9754, 1000.000000000000000 ) ;
#870 = DIRECTION ( 'NONE',  ( 1.000000000000000000, 0.000000000000000000, 0.000000000000000000 ) ) ;
#871 = EDGE_LOOP ( 'NONE', ( #4976, #9836, #6799, #122 ) ) ;
#872 = EDGE_CURVE ( 'NONE', #6879, #7421, #9613, .T. ) ;
#873 = VECTOR ( 'NONE', #10478, 1000.000000000000000 ) ;
#874 = VERTEX_POINT ( 'NONE', #9734 ) ;
#875 = CARTESIAN_POINT ( 'NONE',  ( 3.374999999999997780, 4.049999999999999822, 0.4749999999999995337 ) ) ;
#876 = EDGE_CURVE ( 'NONE', #8879, #10235, #2415, .T. ) ;
#877 = DIRECTION ( 'NONE',  ( 0.000000000000000000, -0.000000000000000000, 1.000000000000000000 ) ) ;
#878 = DIRECTION ( 'NONE',  ( 0.000000000000000000, -0.000000000000000000, 1.000000000000000000 ) ) ;
#879 = VERTEX_POINT ( 'NONE', #10472 ) ;
#880 = CARTESIAN_POINT ( 'NONE',  ( -1.125000000000000888, 2.899999999999999911, 0.1750000000000002387 ) ) ;
#881 = VECTOR ( 'NONE', #413, 1000.000000000000000 ) ;
#882 = VERTEX_POINT ( 'NONE', #3254 ) ;
#883 = DIRECTION ( 'NONE',  ( -1.000000000000000000, -0.000000000000000000, -0.000000000000000000 ) ) ;
#884 = ORIENTED_EDGE ( 'NONE', *, *, #5854, .F. ) ;
#885 = DIRECTION ( 'NONE',  ( 0.000000000000000000, -1.000000000000000000, 2.710505431213761393E-17 ) ) ;
#886 = VECTOR ( 'NONE', #4008, 1000.000000000000000 ) ;
#887 = ORIENTED_EDGE ( 'NONE', *, *, #7867, .T. ) ;
#888 = EDGE_CURVE ( 'NONE', #6709, #593, #8000, .T. ) ;
#889 = CARTESIAN_POINT ( 'NONE',  ( -1.625000000000001332, 2.349999999999999645, 1.675000000000000266 ) ) ;
#890 = CARTESIAN_POINT ( 'NONE',  ( 0.5249999999999976907, 0.4999999999999998890, -0.8249999999999997335 ) ) ;
#891 = FILL_AREA_STYLE ('',( #8180 ) ) ;
#892 = ORIENTED_EDGE ( 'NONE', *, *, #6571, .F. ) ;
#893 = DIRECTION ( 'NONE',  ( -1.000000000000000000, -0.000000000000000000, -0.000000000000000000 ) ) ;
#894 = DIRECTION ( 'NONE',  ( 1.000000000000000000, -1.084202172485505297E-16, 0.000000000000000000 ) ) ;
#895 = ORIENTED_EDGE ( 'NONE', *, *, #7526, .T. ) ;
#896 = CARTESIAN_POINT ( 'NONE',  ( 7.875000000000000000, 1.800000000000000044, -1.175000000000000044 ) ) ;
#897 = ORIENTED_EDGE ( 'NONE', *, *, #171, .F. ) ;
#898 = DIRECTION ( 'NONE',  ( 1.000000000000000000, -0.000000000000000000, -0.000000000000000000 ) ) ;
#899 = ADVANCED_FACE ( 'NONE', ( #727 ), #3938, .T. ) ;
#900 = CARTESIAN_POINT ( 'NONE',  ( 7.774999999999999467, 2.349999999999999645, 1.675000000000000266 ) ) ;
#901 = ORIENTED_EDGE ( 'NONE', *, *, #3666, .F. ) ;
#902 = DIRECTION ( 'NONE',  ( 0.000000000000000000, -1.000000000000000000, 2.710505431213761393E-17 ) ) ;
#903 = ORIENTED_EDGE ( 'NONE', *, *, #1281, .T. ) ;
#904 = FILL_AREA_STYLE ('',( #7958 ) ) ;
#905 = CARTESIAN_POINT ( 'NONE',  ( 5.281793621149187601, 1.449999999999999956, 0.3750000000000000000 ) ) ;
#906 =( NAMED_UNIT ( * ) PLANE_ANGLE_UNIT ( ) SI_UNIT ( $, .RADIAN. ) );
#907 = CARTESIAN_POINT ( 'NONE',  ( 7.375000000000000000, 3.399999999999999911, 0.1750000000000001554 ) ) ;
#908 = DIRECTION ( 'NONE',  ( -0.000000000000000000, 0.000000000000000000, 1.000000000000000000 ) ) ;
#909 = CARTESIAN_POINT ( 'NONE',  ( 0.5249999999999985789, 2.899999999999996803, -0.7749999999999999112 ) ) ;
#910 = DIRECTION ( 'NONE',  ( -1.000000000000000000, 0.000000000000000000, 0.000000000000000000 ) ) ;
#911 = VECTOR ( 'NONE', #1503, 1000.000000000000000 ) ;
#912 = DIRECTION ( 'NONE',  ( 3.336006684570783101E-16, 1.000000000000000000, -0.000000000000000000 ) ) ;
#913 = FACE_OUTER_BOUND ( 'NONE', #9603, .T. ) ;
#914 = LINE ( 'NONE', #8147, #2064 ) ;
#915 = VECTOR ( 'NONE', #7168, 1000.000000000000000 ) ;
#916 = MANIFOLD_SOLID_BREP ( 'LPattern2[27]', #6172 ) ;
#917 = EDGE_LOOP ( 'NONE', ( #2559, #8166, #4016, #6021 ) ) ;
#918 = ORIENTED_EDGE ( 'NONE', *, *, #6274, .F. ) ;
#919 = DIRECTION ( 'NONE',  ( 0.000000000000000000, 1.000000000000000000, 3.252606517456514091E-15 ) ) ;
#920 = FACE_OUTER_BOUND ( 'NONE', #1598, .T. ) ;
#921 = ORIENTED_EDGE ( 'NONE', *, *, #449, .F. ) ;
#922 = VECTOR ( 'NONE', #400, 1000.000000000000000 ) ;
#923 = EDGE_CURVE ( 'NONE', #9204, #7322, #9792, .T. ) ;
#924 = ORIENTED_EDGE ( 'NONE', *, *, #7805, .F. ) ;
#925 = LINE ( 'NONE', #2340, #10537 ) ;
#926 = CARTESIAN_POINT ( 'NONE',  ( 7.575000000000000178, 1.899999999999999911, 1.825000000000000622 ) ) ;
#927 = LINE ( 'NONE', #5745, #8114 ) ;
#928 = AXIS2_PLACEMENT_3D ( 'NONE', #2275, #10448, #10335 ) ;
#929 = VERTEX_POINT ( 'NONE', #245 ) ;
#930 = DIRECTION ( 'NONE',  ( 0.000000000000000000, 1.000000000000000000, 3.252606517456514091E-15 ) ) ;
#931 = ORIENTED_EDGE ( 'NONE', *, *, #2405, .F. ) ;
#932 = EDGE_CURVE ( 'NONE', #9308, #2076, #7485, .T. ) ;
#933 = EDGE_CURVE ( 'NONE', #5223, #2344, #1039, .T. ) ;
#934 = SURFACE_SIDE_STYLE ('',( #9994 ) ) ;
#935 = ORIENTED_EDGE ( 'NONE', *, *, #466, .F. ) ;
#936 = VECTOR ( 'NONE', #10077, 1000.000000000000000 ) ;
#937 = LINE ( 'NONE', #3355, #390 ) ;
#938 = VERTEX_POINT ( 'NONE', #6628 ) ;
#939 = DIRECTION ( 'NONE',  ( 0.000000000000000000, 5.251604272976699179E-15, -1.000000000000000000 ) ) ;
#940 = FACE_OUTER_BOUND ( 'NONE', #3183, .T. ) ;
#941 = ORIENTED_EDGE ( 'NONE', *, *, #9896, .F. ) ;
#942 = DIRECTION ( 'NONE',  ( -1.000000000000000000, 0.000000000000000000, -0.000000000000000000 ) ) ;
#943 = CARTESIAN_POINT ( 'NONE',  ( 11.25000000000000000, 0.000000000000000000, -1.224999999999999645 ) ) ;
#944 = ADVANCED_FACE ( 'NONE', ( #940 ), #7437, .F. ) ;
#945 = VERTEX_POINT ( 'NONE', #138 ) ;
#946 = PLANE ( 'NONE',  #9904 ) ;
#947 = CLOSED_SHELL ( 'NONE', ( #3172, #1048, #6206, #9060, #10488, #4710, #1228, #4731, #3989, #2356 ) ) ;
#948 = ORIENTED_EDGE ( 'NONE', *, *, #10226, .F. ) ;
#949 = CARTESIAN_POINT ( 'NONE',  ( 0.8749999999999998890, 4.049999999999999822, 0.2749999999999994671 ) ) ;
#950 = LINE ( 'NONE', #7218, #6928 ) ;
#951 = ORIENTED_EDGE ( 'NONE', *, *, #7145, .T. ) ;
#952 = EDGE_CURVE ( 'NONE', #5018, #8663, #4303, .T. ) ;
#953 =( GEOMETRIC_REPRESENTATION_CONTEXT ( 3 ) GLOBAL_UNCERTAINTY_ASSIGNED_CONTEXT ( ( #9120 ) ) GLOBAL_UNIT_ASSIGNED_CONTEXT ( ( #2845, #7618, #7762 ) ) REPRESENTATION_CONTEXT ( 'NONE', 'WORKASPACE' ) );
#954 = PLANE ( 'NONE',  #9313 ) ;
#955 = ORIENTED_EDGE ( 'NONE', *, *, #7245, .T. ) ;
#956 = LINE ( 'NONE', #5064, #1403 ) ;
#957 = LINE ( 'NONE', #4179, #6518 ) ;
#958 = VECTOR ( 'NONE', #1976, 1000.000000000000000 ) ;
#959 = DIRECTION ( 'NONE',  ( 0.000000000000000000, 0.000000000000000000, -1.000000000000000000 ) ) ;
#960 = CARTESIAN_POINT ( 'NONE',  ( 4.274999999999999467, 3.950000000000000178, 0.1750000000000000722 ) ) ;
#961 = CARTESIAN_POINT ( 'NONE',  ( 4.274999999999999467, 3.950000000000000178, 0.1750000000000000722 ) ) ;
#962 = EDGE_LOOP ( 'NONE', ( #4667, #5656, #2923, #3789 ) ) ;
#963 = DIRECTION ( 'NONE',  ( -1.000000000000000000, 0.000000000000000000, 0.000000000000000000 ) ) ;
#964 = AXIS2_PLACEMENT_3D ( 'NONE', #6503, #8219, #878 ) ;
#965 = CARTESIAN_POINT ( 'NONE',  ( -1.325000000000001510, 0.5999999999999999778, 0.2250000000000008105 ) ) ;
#966 = CARTESIAN_POINT ( 'NONE',  ( 3.024999999999998579, 2.899999999999996803, -0.7749999999999999112 ) ) ;
#967 = FACE_OUTER_BOUND ( 'NONE', #2808, .T. ) ;
#968 = ORIENTED_EDGE ( 'NONE', *, *, #5171, .F. ) ;
#969 = ORIENTED_EDGE ( 'NONE', *, *, #4989, .T. ) ;
#970 = ORIENTED_EDGE ( 'NONE', *, *, #3969, .T. ) ;
#971 = EDGE_LOOP ( 'NONE', ( #7155, #10156, #48, #3582 ) ) ;
#972 = SURFACE_STYLE_FILL_AREA ( #3082 ) ;
#973 = EDGE_CURVE ( 'NONE', #2360, #6755, #6578, .T. ) ;
#974 = PLANE ( 'NONE',  #7460 ) ;
#975 = FACE_OUTER_BOUND ( 'NONE', #10016, .T. ) ;
#976 = ORIENTED_EDGE ( 'NONE', *, *, #8451, .T. ) ;
#977 = PLANE ( 'NONE',  #2501 ) ;
#978 = ORIENTED_EDGE ( 'NONE', *, *, #1868, .T. ) ;
#979 = MANIFOLD_SOLID_BREP ( 'Boss-Extrude7', #4469 ) ;
#980 = AXIS2_PLACEMENT_3D ( 'NONE', #1794, #6796, #7454 ) ;
#981 = LINE ( 'NONE', #9180, #10185 ) ;
#982 = EDGE_CURVE ( 'NONE', #1359, #7828, #7535, .T. ) ;
#983 = ORIENTED_EDGE ( 'NONE', *, *, #7378, .F. ) ;
#984 = DIRECTION ( 'NONE',  ( 0.000000000000000000, -1.000000000000000000, 8.642948658383689284E-16 ) ) ;
#985 = EDGE_CURVE ( 'NONE', #7584, #7497, #4824, .T. ) ;
#986 = CARTESIAN_POINT ( 'NONE',  ( 6.875000000000000888, -6.123233995736742617E-17, -0.3340169943749460302 ) ) ;
#987 = AXIS2_PLACEMENT_3D ( 'NONE', #181, #8218, #877 ) ;
#988 = LINE ( 'NONE', #1733, #1471 ) ;
#989 = VECTOR ( 'NONE', #1475, 1000.000000000000000 ) ;
#990 = VERTEX_POINT ( 'NONE', #2717 ) ;
#991 = LINE ( 'NONE', #4214, #7408 ) ;
#992 = ORIENTED_EDGE ( 'NONE', *, *, #3963, .T. ) ;
#993 = CARTESIAN_POINT ( 'NONE',  ( 4.274999999999999467, 1.449999999999999956, 0.1750000000000000722 ) ) ;
#994 = VERTEX_POINT ( 'NONE', #8985 ) ;
#995 = VECTOR ( 'NONE', #9124, 1000.000000000000000 ) ;
#996 = CARTESIAN_POINT ( 'NONE',  ( 1.774999999999998801, 3.050000000000000266, -0.02500000000000021302 ) ) ;
#997 = VECTOR ( 'NONE', #10295, 999.9999999999998863 ) ;
#998 = CARTESIAN_POINT ( 'NONE',  ( -1.250000000000000000, 4.049999999999999822, 0.4749999999999995337 ) ) ;
#999 = MANIFOLD_SOLID_BREP ( 'LPattern2[18]', #7030 ) ;
#1000 = ORIENTED_EDGE ( 'NONE', *, *, #6826, .F. ) ;
#1001 = DIRECTION ( 'NONE',  ( -0.000000000000000000, 0.000000000000000000, 1.000000000000000000 ) ) ;
#1002 = ORIENTED_EDGE ( 'NONE', *, *, #7070, .T. ) ;
#1003 = ITEM_DEFINED_TRANSFORMATION ( 'NONE', 'NONE', #5950,  #3400 ) ;
#1004 = DIRECTION ( 'NONE',  ( -1.000000000000000000, -0.000000000000000000, -0.000000000000000000 ) ) ;
#1005 = FILL_AREA_STYLE ('',( #7502 ) ) ;
#1006 = CARTESIAN_POINT ( 'NONE',  ( 3.024999999999997691, -0.04999999999999636680, -2.375000000000000000 ) ) ;
#1007 = CARTESIAN_POINT ( 'NONE',  ( 1.919910864525443017, 0.5999999999999999778, 1.825000000000000622 ) ) ;
#1008 = EDGE_CURVE ( 'NONE', #8438, #144, #1683, .T. ) ;
#1009 = PLANE ( 'NONE',  #1435 ) ;
#1010 = VERTEX_POINT ( 'NONE', #495 ) ;
#1011 = VECTOR ( 'NONE', #8938, 1000.000000000000000 ) ;
#1012 = LINE ( 'NONE', #364, #5403 ) ;
#1013 = EDGE_CURVE ( 'NONE', #2755, #8409, #7629, .T. ) ;
#1014 = VECTOR ( 'NONE', #1866, 1000.000000000000000 ) ;
#1015 = PLANE ( 'NONE',  #4376 ) ;
#1016 = ADVANCED_FACE ( 'NONE', ( #5191 ), #6973, .F. ) ;
#1017 = DIRECTION ( 'NONE',  ( 0.000000000000000000, 0.000000000000000000, -1.000000000000000000 ) ) ;
#1018 = CARTESIAN_POINT ( 'NONE',  ( 0.3750000000000012212, 3.950000000000000178, 0.3750000000000000555 ) ) ;
#1019 = MANIFOLD_SOLID_BREP ( 'LPattern3[8]', #7879 ) ;
#1020 = ORIENTED_EDGE ( 'NONE', *, *, #7920, .T. ) ;
#1021 = ORIENTED_EDGE ( 'NONE', *, *, #4222, .F. ) ;
#1022 = FACE_OUTER_BOUND ( 'NONE', #65, .T. ) ;
#1023 = ORIENTED_EDGE ( 'NONE', *, *, #5584, .T. ) ;
#1024 = VERTEX_POINT ( 'NONE', #2017 ) ;
#1025 = EDGE_CURVE ( 'NONE', #1024, #8131, #1127, .T. ) ;
#1026 = VECTOR ( 'NONE', #6530, 1000.000000000000000 ) ;
#1027 = PLANE ( 'NONE',  #2503 ) ;
#1028 = LINE ( 'NONE', #10035, #9148 ) ;
#1029 = CARTESIAN_POINT ( 'NONE',  ( 0.5479670385731003623, 3.250000000000000000, 0.6750000000000004885 ) ) ;
#1030 = DIRECTION ( 'NONE',  ( -4.688441826964343312E-16, -1.000000000000000000, 0.000000000000000000 ) ) ;
#1031 = FACE_OUTER_BOUND ( 'NONE', #8689, .T. ) ;
#1032 = ORIENTED_EDGE ( 'NONE', *, *, #6112, .T. ) ;
#1033 = AXIS2_PLACEMENT_3D ( 'NONE', #9696, #4647, #7173 ) ;
#1034 = FILL_AREA_STYLE ('',( #1817 ) ) ;
#1035 = ORIENTED_EDGE ( 'NONE', *, *, #7693, .T. ) ;
#1036 = CARTESIAN_POINT ( 'NONE',  ( -0.1250000000000018319, 3.950000000000000178, 0.8749999999999996669 ) ) ;
#1037 = DIRECTION ( 'NONE',  ( 1.000000000000000000, 0.000000000000000000, 0.000000000000000000 ) ) ;
#1038 = VECTOR ( 'NONE', #5764, 1000.000000000000000 ) ;
#1039 = LINE ( 'NONE', #9186, #5480 ) ;
#1040 = VECTOR ( 'NONE', #798, 1000.000000000000000 ) ;
#1041 = ORIENTED_EDGE ( 'NONE', *, *, #6966, .F. ) ;
#1042 = DIRECTION ( 'NONE',  ( -1.000000000000000000, 0.000000000000000000, 0.000000000000000000 ) ) ;
#1043 = ORIENTED_EDGE ( 'NONE', *, *, #1172, .F. ) ;
#1044 = LINE ( 'NONE', #4261, #8683 ) ;
#1045 = EDGE_CURVE ( 'NONE', #3814, #10091, #444, .T. ) ;
#1046 = CARTESIAN_POINT ( 'NONE',  ( 5.281793621149187601, 3.050000000000000266, -0.02500000000000021302 ) ) ;
#1047 = EDGE_CURVE ( 'NONE', #7264, #9372, #8525, .T. ) ;
#1048 = ADVANCED_FACE ( 'NONE', ( #1331 ), #1962, .F. ) ;
#1049 = VECTOR ( 'NONE', #8708, 1000.000000000000000 ) ;
#1050 = DIRECTION ( 'NONE',  ( 0.000000000000000000, 1.000000000000000000, 0.000000000000000000 ) ) ;
#1051 = ORIENTED_EDGE ( 'NONE', *, *, #10342, .F. ) ;
#1052 = CARTESIAN_POINT ( 'NONE',  ( 4.624999999999998224, 1.449999999999999956, 0.1750000000000000999 ) ) ;
#1053 = ORIENTED_EDGE ( 'NONE', *, *, #4716, .T. ) ;
#1054 = DIRECTION ( 'NONE',  ( 1.000000000000000000, 0.000000000000000000, -1.807003620809174632E-16 ) ) ;
#1055 = DIRECTION ( 'NONE',  ( -0.000000000000000000, -0.000000000000000000, 1.000000000000000000 ) ) ;
#1056 = CARTESIAN_POINT ( 'NONE',  ( 5.724999999999997868, 0.09999999999999999167, -0.8250000000000010658 ) ) ;
#1057 = CYLINDRICAL_SURFACE ( 'NONE', #7073, 0.09999999999999982514 ) ;
#1058 = CARTESIAN_POINT ( 'NONE',  ( 0.5249999999999976907, -0.1499999999999963862, -1.474999999999999645 ) ) ;
#1059 = ORIENTED_EDGE ( 'NONE', *, *, #6291, .F. ) ;
#1060 = FACE_OUTER_BOUND ( 'NONE', #3243, .T. ) ;
#1061 = CARTESIAN_POINT ( 'NONE',  ( 3.024999999999997691, 0.3000000000000008771, -1.374999999999999778 ) ) ;
#1062 = EDGE_CURVE ( 'NONE', #8409, #10218, #8743, .T. ) ;
#1063 = LINE ( 'NONE', #265, #9213 ) ;
#1064 = EDGE_CURVE ( 'NONE', #4949, #2651, #1386, .T. ) ;
#1065 = EDGE_CURVE ( 'NONE', #1455, #6038, #3922, .T. ) ;
#1066 = FILL_AREA_STYLE ('',( #4923 ) ) ;
#1067 = ORIENTED_EDGE ( 'NONE', *, *, #7509, .T. ) ;
#1068 = DIRECTION ( 'NONE',  ( -0.000000000000000000, 0.000000000000000000, -1.000000000000000000 ) ) ;
#1069 = VECTOR ( 'NONE', #504, 1000.000000000000000 ) ;
#1070 = MANIFOLD_SOLID_BREP ( 'LPattern2[9]', #5490 ) ;
#1071 = VERTEX_POINT ( 'NONE', #4664 ) ;
#1072 = VECTOR ( 'NONE', #2261, 1000.000000000000000 ) ;
#1073 = EDGE_CURVE ( 'NONE', #6329, #5007, #657, .T. ) ;
#1074 = CARTESIAN_POINT ( 'NONE',  ( 0.5249999999999985789, 1.449999999999999956, -1.224999999999999645 ) ) ;
#1075 = DIRECTION ( 'NONE',  ( 1.000000000000000000, 0.000000000000000000, 0.000000000000000000 ) ) ;
#1076 = LINE ( 'NONE', #5796, #7976 ) ;
#1077 = ADVANCED_FACE ( 'NONE', ( #10400 ), #2343, .T. ) ;
#1078 = ORIENTED_EDGE ( 'NONE', *, *, #800, .T. ) ;
#1079 = CARTESIAN_POINT ( 'NONE',  ( 0.3750000000000012212, 1.199999999999999734, 0.1750000000000000999 ) ) ;
#1080 = VERTEX_POINT ( 'NONE', #8793 ) ;
#1081 = CARTESIAN_POINT ( 'NONE',  ( 5.524999999999997691, 0.4999999999999998890, -0.8249999999999997335 ) ) ;
#1082 = CARTESIAN_POINT ( 'NONE',  ( 13.12499999999999822, 1.449999999999999956, 0.3750000000000001110 ) ) ;
#1083 = DIRECTION ( 'NONE',  ( 0.000000000000000000, 0.000000000000000000, 1.000000000000000000 ) ) ;
#1084 = DIRECTION ( 'NONE',  ( 0.000000000000000000, 1.000000000000000000, 0.000000000000000000 ) ) ;
#1085 =( NAMED_UNIT ( * ) PLANE_ANGLE_UNIT ( ) SI_UNIT ( $, .RADIAN. ) );
#1086 = ORIENTED_EDGE ( 'NONE', *, *, #7314, .F. ) ;
#1087 = LINE ( 'NONE', #10049, #583 ) ;
#1088 = ORIENTED_EDGE ( 'NONE', *, *, #4152, .T. ) ;
#1089 = CARTESIAN_POINT ( 'NONE',  ( 4.474999999999996980, 0.3000000000000009881, -1.625000000000000666 ) ) ;
#1090 = CARTESIAN_POINT ( 'NONE',  ( 5.524999999999997691, 0.1000000000000020872, -1.224999999999998312 ) ) ;
#1091 = VECTOR ( 'NONE', #5272, 1000.000000000000000 ) ;
#1092 = CARTESIAN_POINT ( 'NONE',  ( 4.031793621149188489, 1.449999999999999956, 0.3750000000000000000 ) ) ;
#1093 = MANIFOLD_SOLID_BREP ( 'LPattern3[6]', #3291 ) ;
#1094 = ORIENTED_EDGE ( 'NONE', *, *, #4550, .F. ) ;
#1095 = ORIENTED_EDGE ( 'NONE', *, *, #4467, .T. ) ;
#1096 = CARTESIAN_POINT ( 'NONE',  ( -0.6250000000000014433, 3.950000000000000178, -1.174999999999999822 ) ) ;
#1097 = DIRECTION ( 'NONE',  ( -1.000000000000000000, 0.000000000000000000, 0.000000000000000000 ) ) ;
#1098 = DIRECTION ( 'NONE',  ( 0.000000000000000000, -0.7071067811865475727, 0.7071067811865475727 ) ) ;
#1099 = CARTESIAN_POINT ( 'NONE',  ( 3.224999999999997424, 0.1792893218813486345, -1.745710678118654435 ) ) ;
#1100 = CARTESIAN_POINT ( 'NONE',  ( -4.969259957225201950E-17, 4.049999999999999822, 0.2749999999999984679 ) ) ;
#1101 = VECTOR ( 'NONE', #2248, 1000.000000000000000 ) ;
#1102 = DIRECTION ( 'NONE',  ( -1.000000000000000000, -0.000000000000000000, -0.000000000000000000 ) ) ;
#1103 = PLANE ( 'NONE',  #8565 ) ;
#1104 = LINE ( 'NONE', #7599, #1185 ) ;
#1105 = CARTESIAN_POINT ( 'NONE',  ( 13.12499999999999822, 1.449999999999999956, 0.3750000000000001110 ) ) ;
#1106 = CARTESIAN_POINT ( 'NONE',  ( 0.7249999999999973133, 0.4999999999999998890, -0.8249999999999997335 ) ) ;
#1107 = ADVANCED_FACE ( 'NONE', ( #1550 ), #8047, .F. ) ;
#1108 = CARTESIAN_POINT ( 'NONE',  ( 4.124999999999999112, 1.199999999999999734, 0.1750000000000000999 ) ) ;
#1109 = ORIENTED_EDGE ( 'NONE', *, *, #9987, .F. ) ;
#1110 = CARTESIAN_POINT ( 'NONE',  ( 2.781793621149188045, 1.449999999999999956, -0.02500000000000060854 ) ) ;
#1111 = MANIFOLD_SOLID_BREP ( 'LPattern3[5]', #4291 ) ;
#1112 = ORIENTED_EDGE ( 'NONE', *, *, #1576, .F. ) ;
#1113 = EDGE_CURVE ( 'NONE', #9465, #6292, #8104, .T. ) ;
#1114 = CARTESIAN_POINT ( 'NONE',  ( 2.124999999999997780, 3.950000000000000178, 0.3750000000000001110 ) ) ;
#1115 = EDGE_CURVE ( 'NONE', #10091, #2659, #4151, .T. ) ;
#1116 = DIRECTION ( 'NONE',  ( 0.000000000000000000, 0.000000000000000000, 1.000000000000000000 ) ) ;
#1117 = PLANE ( 'NONE',  #9418 ) ;
#1118 = EDGE_CURVE ( 'NONE', #8763, #795, #5795, .T. ) ;
#1119 = DIRECTION ( 'NONE',  ( -0.000000000000000000, -0.7071067811865431318, -0.7071067811865517916 ) ) ;
#1120 = ORIENTED_EDGE ( 'NONE', *, *, #10155, .T. ) ;
#1121 = ADVANCED_FACE ( 'NONE', ( #5040 ), #74, .F. ) ;
#1122 = DIRECTION ( 'NONE',  ( 0.000000000000000000, -1.000000000000000000, 8.642948658383689284E-16 ) ) ;
#1123 = EDGE_LOOP ( 'NONE', ( #5350, #3096, #8475, #9910 ) ) ;
#1124 = PLANE ( 'NONE',  #6605 ) ;
#1125 = LINE ( 'NONE', #1082, #2097 ) ;
#1126 = ADVANCED_FACE ( 'NONE', ( #3397 ), #233, .F. ) ;
#1127 = LINE ( 'NONE', #2856, #597 ) ;
#1128 = VERTEX_POINT ( 'NONE', #7371 ) ;
#1129 = FACE_OUTER_BOUND ( 'NONE', #6941, .T. ) ;
#1130 = VECTOR ( 'NONE', #2464, 1000.000000000000000 ) ;
#1131 = ORIENTED_EDGE ( 'NONE', *, *, #8487, .F. ) ;
#1132 = CARTESIAN_POINT ( 'NONE',  ( 0.2499999999999976130, 3.850000000000000977, 0.6750000000000004885 ) ) ;
#1133 = DIRECTION ( 'NONE',  ( 0.000000000000000000, -1.000000000000000000, 1.445602896647327084E-15 ) ) ;
#1134 = VECTOR ( 'NONE', #263, 1000.000000000000114 ) ;
#1135 = CARTESIAN_POINT ( 'NONE',  ( 0.7249999999999973133, 0.3500000000000009215, -1.324999999999999512 ) ) ;
#1136 = ORIENTED_EDGE ( 'NONE', *, *, #8030, .F. ) ;
#1137 = APPLICATION_PROTOCOL_DEFINITION ( 'draft international standard', 'automotive_design', 1998, #5052 ) ;
#1138 = DIRECTION ( 'NONE',  ( 0.000000000000000000, 0.7071067811865431318, 0.7071067811865519026 ) ) ;
#1139 = DIRECTION ( 'NONE',  ( 0.000000000000000000, 0.000000000000000000, -1.000000000000000000 ) ) ;
#1140 = CIRCLE ( 'NONE', #8618, 0.1000000000000000472 ) ;
#1141 = FACE_OUTER_BOUND ( 'NONE', #2154, .T. ) ;
#1142 = CARTESIAN_POINT ( 'NONE',  ( 7.375000000000000888, 0.000000000000000000, 0.2250000000000008105 ) ) ;
#1143 = LINE ( 'NONE', #5775, #433 ) ;
#1144 = VERTEX_POINT ( 'NONE', #3293 ) ;
#1145 = LINE ( 'NONE', #4371, #1821 ) ;
#1146 = CARTESIAN_POINT ( 'NONE',  ( 7.875000000000000000, 1.899999999999999689, 2.375000000000000888 ) ) ;
#1147 = STYLED_ITEM ( 'NONE', ( #7657 ), #4653 ) ;
#1148 = CARTESIAN_POINT ( 'NONE',  ( 1.774999999999998801, 1.449999999999999956, -1.224999999999999645 ) ) ;
#1149 = VECTOR ( 'NONE', #4254, 1000.000000000000000 ) ;
#1150 = AXIS2_PLACEMENT_3D ( 'NONE', #8094, #10503, #4024 ) ;
#1151 = VECTOR ( 'NONE', #9153, 1000.000000000000000 ) ;
#1152 = VECTOR ( 'NONE', #9366, 1000.000000000000000 ) ;
#1153 = ORIENTED_EDGE ( 'NONE', *, *, #8044, .T. ) ;
#1154 = DIRECTION ( 'NONE',  ( 1.000000000000000000, -0.000000000000000000, -0.000000000000000000 ) ) ;
#1155 = MANIFOLD_SOLID_BREP ( 'LPattern3[10]', #3124 ) ;
#1156 = VECTOR ( 'NONE', #1253, 1000.000000000000000 ) ;
#1157 = VERTEX_POINT ( 'NONE', #9075 ) ;
#1158 = VERTEX_POINT ( 'NONE', #8269 ) ;
#1159 = DIRECTION ( 'NONE',  ( -0.8944271909999159664, -0.4472135954999579832, 0.000000000000000000 ) ) ;
#1160 = EDGE_CURVE ( 'NONE', #1857, #10191, #4201, .T. ) ;
#1161 = VECTOR ( 'NONE', #5150, 1000.000000000000000 ) ;
#1162 = ADVANCED_FACE ( 'NONE', ( #182 ), #8325, .T. ) ;
#1163 = EDGE_CURVE ( 'NONE', #3129, #823, #5694, .T. ) ;
#1164 = PLANE ( 'NONE',  #6233 ) ;
#1165 = CARTESIAN_POINT ( 'NONE',  ( 7.781793621149187601, 3.449999999999999289, 0.3749999999999999445 ) ) ;
#1166 = VECTOR ( 'NONE', #912, 1000.000000000000000 ) ;
#1167 = DIRECTION ( 'NONE',  ( 1.000000000000000000, 0.000000000000000000, 0.000000000000000000 ) ) ;
#1168 = CARTESIAN_POINT ( 'NONE',  ( 2.874999999999999112, 1.449999999999999956, 0.1750000000000000999 ) ) ;
#1169 = CARTESIAN_POINT ( 'NONE',  ( 6.875000000000000000, 1.449999999999999956, 0.8749999999999998890 ) ) ;
#1170 = VERTEX_POINT ( 'NONE', #1268 ) ;
#1171 = MANIFOLD_SOLID_BREP ( 'LPattern3[3]', #5676 ) ;
#1172 = EDGE_CURVE ( 'NONE', #3338, #8263, #1953, .T. ) ;
#1173 = AXIS2_PLACEMENT_3D ( 'NONE', #10421, #2472, #7337 ) ;
#1174 = LINE ( 'NONE', #8029, #2363 ) ;
#1175 = ORIENTED_EDGE ( 'NONE', *, *, #1615, .F. ) ;
#1176 = LINE ( 'NONE', #9084, #5556 ) ;
#1177 = CARTESIAN_POINT ( 'NONE',  ( 2.874999999999999112, 1.449999999999999956, 0.1750000000000000999 ) ) ;
#1178 = DIRECTION ( 'NONE',  ( 0.000000000000000000, 0.000000000000000000, 1.000000000000000000 ) ) ;
#1179 = PLANE ( 'NONE',  #10522 ) ;
#1180 = VECTOR ( 'NONE', #6813, 1000.000000000000000 ) ;
#1181 = VERTEX_POINT ( 'NONE', #6962 ) ;
#1182 = DIRECTION ( 'NONE',  ( -1.000000000000000000, -3.336006684570783101E-16, 0.000000000000000000 ) ) ;
#1183 = LINE ( 'NONE', #301, #1161 ) ;
#1184 = DIRECTION ( 'NONE',  ( -1.000000000000000000, -0.000000000000000000, -0.000000000000000000 ) ) ;
#1185 = VECTOR ( 'NONE', #963, 1000.000000000000000 ) ;
#1186 = ORIENTED_EDGE ( 'NONE', *, *, #8819, .T. ) ;
#1187 = CARTESIAN_POINT ( 'NONE',  ( 0.5249999999999976907, 0.1500000000000037970, -1.816421356237308826 ) ) ;
#1188 = CARTESIAN_POINT ( 'NONE',  ( 3.224999999999997424, 0.1000000000000020872, -1.224999999999998312 ) ) ;
#1189 = DIRECTION ( 'NONE',  ( -1.000000000000000000, -0.000000000000000000, -0.000000000000000000 ) ) ;
#1190 = LINE ( 'NONE', #405, #7891 ) ;
#1191 = ORIENTED_EDGE ( 'NONE', *, *, #4738, .F. ) ;
#1192 = CARTESIAN_POINT ( 'NONE',  ( -4.299999999999998934, 3.850000000000000977, 0.6750000000000004885 ) ) ;
#1193 = ORIENTED_EDGE ( 'NONE', *, *, #6504, .F. ) ;
#1194 = VECTOR ( 'NONE', #8128, 1000.000000000000000 ) ;
#1195 = EDGE_CURVE ( 'NONE', #586, #4105, #5177, .T. ) ;
#1196 = DIRECTION ( 'NONE',  ( -0.000000000000000000, 1.000000000000000000, -0.000000000000000000 ) ) ;
#1197 = ORIENTED_EDGE ( 'NONE', *, *, #383, .F. ) ;
#1198 = CARTESIAN_POINT ( 'NONE',  ( 3.374999999999997780, 1.449999999999999956, 0.3750000000000000000 ) ) ;
#1199 = ORIENTED_EDGE ( 'NONE', *, *, #5728, .T. ) ;
#1200 = DIRECTION ( 'NONE',  ( 0.000000000000000000, 1.000000000000000000, 0.000000000000000000 ) ) ;
#1201 = EDGE_LOOP ( 'NONE', ( #8155, #10159, #10311, #5406 ) ) ;
#1202 = CARTESIAN_POINT ( 'NONE',  ( 4.274999999999999467, 1.199999999999999734, 0.1750000000000000722 ) ) ;
#1203 = DIRECTION ( 'NONE',  ( -0.000000000000000000, 0.000000000000000000, -1.000000000000000000 ) ) ;
#1204 = VERTEX_POINT ( 'NONE', #6910 ) ;
#1205 = ORIENTED_EDGE ( 'NONE', *, *, #2618, .T. ) ;
#1206 = DIRECTION ( 'NONE',  ( -0.000000000000000000, -0.000000000000000000, -1.000000000000000000 ) ) ;
#1207 = VECTOR ( 'NONE', #7452, 1000.000000000000114 ) ;
#1208 = CARTESIAN_POINT ( 'NONE',  ( 4.474999999999996980, 0.4999999999999998890, -0.8249999999999997335 ) ) ;
#1209 = ORIENTED_EDGE ( 'NONE', *, *, #6461, .T. ) ;
#1210 = LINE ( 'NONE', #2796, #5034 ) ;
#1211 = DIRECTION ( 'NONE',  ( 0.000000000000000000, 0.7071067811865431318, 0.7071067811865519026 ) ) ;
#1212 = FACE_OUTER_BOUND ( 'NONE', #10436, .T. ) ;
#1213 = EDGE_CURVE ( 'NONE', #9549, #804, #9421, .T. ) ;
#1214 = ORIENTED_EDGE ( 'NONE', *, *, #8591, .F. ) ;
#1215 = VECTOR ( 'NONE', #4301, 1000.000000000000000 ) ;
#1216 = VECTOR ( 'NONE', #5204, 1000.000000000000000 ) ;
#1217 = PRESENTATION_STYLE_ASSIGNMENT (( #7239 ) ) ;
#1218 = ORIENTED_EDGE ( 'NONE', *, *, #2435, .F. ) ;
#1219 = CARTESIAN_POINT ( 'NONE',  ( -1.125000000000001776, 0.5999999999999999778, 0.2250000000000008105 ) ) ;
#1220 = EDGE_CURVE ( 'NONE', #3127, #826, #8569, .T. ) ;
#1221 = VECTOR ( 'NONE', #7285, 1000.000000000000000 ) ;
#1222 = LINE ( 'NONE', #8581, #1816 ) ;
#1223 =( NAMED_UNIT ( * ) SI_UNIT ( $, .STERADIAN. ) SOLID_ANGLE_UNIT ( ) );
#1224 = AXIS2_PLACEMENT_3D ( 'NONE', #1305, #4530, #2938 ) ;
#1225 = VECTOR ( 'NONE', #9430, 1000.000000000000000 ) ;
#1226 = VERTEX_POINT ( 'NONE', #8620 ) ;
#1227 = CARTESIAN_POINT ( 'NONE',  ( 7.575000000000000178, 0.5999999999999999778, 0.2250000000000008105 ) ) ;
#1228 = ADVANCED_FACE ( 'NONE', ( #7570 ), #284, .F. ) ;
#1229 = EDGE_CURVE ( 'NONE', #7497, #2114, #10036, .T. ) ;
#1230 = ORIENTED_EDGE ( 'NONE', *, *, #5992, .F. ) ;
#1231 = AXIS2_PLACEMENT_3D ( 'NONE', #5589, #8638, #8755 ) ;
#1232 = LINE ( 'NONE', #10142, #1859 ) ;
#1233 = DIRECTION ( 'NONE',  ( 0.000000000000000000, 1.000000000000000000, 0.000000000000000000 ) ) ;
#1234 = EDGE_LOOP ( 'NONE', ( #7124, #6236, #1470, #3712 ) ) ;
#1235 = CARTESIAN_POINT ( 'NONE',  ( 0.000000000000000000, 4.049999999999999822, 0.4749999999999995337 ) ) ;
#1236 = DIRECTION ( 'NONE',  ( 1.000000000000000000, 0.000000000000000000, 0.000000000000000000 ) ) ;
#1237 = CARTESIAN_POINT ( 'NONE',  ( 11.25000000000000000, 0.000000000000000000, -1.224999999999999645 ) ) ;
#1238 = EDGE_CURVE ( 'NONE', #8944, #990, #4442, .T. ) ;
#1239 = CARTESIAN_POINT ( 'NONE',  ( 4.474999999999996980, 0.5000000000000022204, -1.324999999999999734 ) ) ;
#1240 = CARTESIAN_POINT ( 'NONE',  ( 3.224999999999997868, 1.199999999999999734, 0.3750000000000000000 ) ) ;
#1241 = CARTESIAN_POINT ( 'NONE',  ( -1.325000000000001510, 0.5999999999999999778, 0.2250000000000008105 ) ) ;
#1242 = DIRECTION ( 'NONE',  ( 0.000000000000000000, -1.000000000000000000, 0.000000000000000000 ) ) ;
#1243 = EDGE_CURVE ( 'NONE', #9927, #7778, #8757, .T. ) ;
#1244 = LINE ( 'NONE', #2037, #2716 ) ;
#1245 = VECTOR ( 'NONE', #8963, 1000.000000000000000 ) ;
#1246 = ORIENTED_EDGE ( 'NONE', *, *, #5567, .F. ) ;
#1247 = FACE_OUTER_BOUND ( 'NONE', #8199, .T. ) ;
#1248 = EDGE_CURVE ( 'NONE', #4855, #1569, #4648, .T. ) ;
#1249 = ORIENTED_EDGE ( 'NONE', *, *, #2919, .T. ) ;
#1250 = CARTESIAN_POINT ( 'NONE',  ( 0.000000000000000000, 4.049999999999999822, 0.5750000000000010658 ) ) ;
#1251 = ORIENTED_EDGE ( 'NONE', *, *, #5983, .F. ) ;
#1252 = VECTOR ( 'NONE', #8872, 1000.000000000000000 ) ;
#1253 = DIRECTION ( 'NONE',  ( 1.000000000000000000, -0.000000000000000000, -0.000000000000000000 ) ) ;
#1254 = VECTOR ( 'NONE', #6625, 1000.000000000000000 ) ;
#1255 = VERTEX_POINT ( 'NONE', #7659 ) ;
#1256 = DIRECTION ( 'NONE',  ( 0.000000000000000000, 0.000000000000000000, 1.000000000000000000 ) ) ;
#1257 = EDGE_CURVE ( 'NONE', #9314, #8127, #9220, .T. ) ;
#1258 = CARTESIAN_POINT ( 'NONE',  ( 6.249999999999998224, 2.899999999999999911, 0.000000000000000000 ) ) ;
#1259 = ORIENTED_EDGE ( 'NONE', *, *, #8554, .F. ) ;
#1260 = ADVANCED_FACE ( 'NONE', ( #6039 ), #1117, .F. ) ;
#1261 = ORIENTED_EDGE ( 'NONE', *, *, #764, .T. ) ;
#1262 = CARTESIAN_POINT ( 'NONE',  ( -1.125000000000000888, 1.800000000000000044, -1.374999999999997558 ) ) ;
#1263 = COLOUR_RGB ( '',0.7960784313725489669, 0.8235294117647058432, 0.9372549019607843146 ) ;
#1264 = VECTOR ( 'NONE', #4737, 1000.000000000000000 ) ;
#1265 = DIRECTION ( 'NONE',  ( 0.000000000000000000, 0.000000000000000000, 1.000000000000000000 ) ) ;
#1266 = AXIS2_PLACEMENT_3D ( 'NONE', #1344, #6227, #3711 ) ;
#1267 = ORIENTED_EDGE ( 'NONE', *, *, #932, .T. ) ;
#1268 = CARTESIAN_POINT ( 'NONE',  ( 5.724999999999997868, 0.1500000000000032419, -2.474999999999999645 ) ) ;
#1269 = CARTESIAN_POINT ( 'NONE',  ( 5.524999999999997691, 0.09999999999999999167, -0.8250000000000010658 ) ) ;
#1270 = DIRECTION ( 'NONE',  ( 0.000000000000000000, 0.000000000000000000, -1.000000000000000000 ) ) ;
#1271 = VERTEX_POINT ( 'NONE', #333 ) ;
#1272 = ORIENTED_EDGE ( 'NONE', *, *, #7365, .T. ) ;
#1273 = EDGE_CURVE ( 'NONE', #10218, #4933, #3588, .T. ) ;
#1274 = DIRECTION ( 'NONE',  ( 1.000000000000000000, 0.000000000000000000, 0.000000000000000000 ) ) ;
#1275 = LINE ( 'NONE', #6490, #1225 ) ;
#1276 = DIRECTION ( 'NONE',  ( 0.000000000000000000, 0.7071067811865545671, -0.7071067811865405783 ) ) ;
#1277 = SURFACE_SIDE_STYLE ('',( #8582 ) ) ;
#1278 = ORIENTED_EDGE ( 'NONE', *, *, #5617, .F. ) ;
#1279 = CARTESIAN_POINT ( 'NONE',  ( 7.375000000000000888, -0.1499999999999963862, 2.324999999999999734 ) ) ;
#1280 = ORIENTED_EDGE ( 'NONE', *, *, #7555, .T. ) ;
#1281 = EDGE_CURVE ( 'NONE', #842, #3512, #7068, .T. ) ;
#1282 = DIRECTION ( 'NONE',  ( 0.000000000000000000, 0.000000000000000000, 1.000000000000000000 ) ) ;
#1283 = ORIENTED_EDGE ( 'NONE', *, *, #8780, .F. ) ;
#1284 = EDGE_CURVE ( 'NONE', #874, #9359, #4546, .T. ) ;
#1285 = ORIENTED_EDGE ( 'NONE', *, *, #7235, .F. ) ;
#1286 = CARTESIAN_POINT ( 'NONE',  ( 2.874999999999999112, 4.049999999999999822, 0.2749999999999994671 ) ) ;
#1287 = CARTESIAN_POINT ( 'NONE',  ( 7.875000000000000000, 4.049999999999999822, 0.1750000000000002387 ) ) ;
#1288 = LINE ( 'NONE', #5530, #8526 ) ;
#1289 = AXIS2_PLACEMENT_3D ( 'NONE', #4555, #9487, #3550 ) ;
#1290 = DIRECTION ( 'NONE',  ( 1.000000000000000000, 0.000000000000000000, 0.000000000000000000 ) ) ;
#1291 = CARTESIAN_POINT ( 'NONE',  ( 4.474999999999996980, 0.4999999999999998890, -0.8249999999999997335 ) ) ;
#1292 = ORIENTED_EDGE ( 'NONE', *, *, #9598, .F. ) ;
#1293 = LINE ( 'NONE', #8702, #7268 ) ;
#1294 = DIRECTION ( 'NONE',  ( -1.000000000000000000, 0.000000000000000000, -0.000000000000000000 ) ) ;
#1295 = ORIENTED_EDGE ( 'NONE', *, *, #1445, .T. ) ;
#1296 = DIRECTION ( 'NONE',  ( 0.000000000000000000, -1.000000000000000000, -0.000000000000000000 ) ) ;
#1297 = VERTEX_POINT ( 'NONE', #8735 ) ;
#1298 = CARTESIAN_POINT ( 'NONE',  ( 1.774999999999998801, 1.016439536705160869E-17, 0.3750000000000000555 ) ) ;
#1299 = AXIS2_PLACEMENT_3D ( 'NONE', #9635, #4441, #3052 ) ;
#1300 = ADVANCED_FACE ( 'NONE', ( #3006 ), #645, .T. ) ;
#1301 = VERTEX_POINT ( 'NONE', #3177 ) ;
#1302 = VECTOR ( 'NONE', #5341, 1000.000000000000000 ) ;
#1303 = CARTESIAN_POINT ( 'NONE',  ( 0.5250000000000011324, 1.449999999999999956, 0.1750000000000000722 ) ) ;
#1304 = ORIENTED_EDGE ( 'NONE', *, *, #5748, .T. ) ;
#1305 = CARTESIAN_POINT ( 'NONE',  ( 4.274999999999999467, 1.199999999999999734, 0.1750000000000000722 ) ) ;
#1306 = CARTESIAN_POINT ( 'NONE',  ( 0.5479670385731003623, 2.250000000000000000, 1.075000000000000400 ) ) ;
#1307 = ORIENTED_EDGE ( 'NONE', *, *, #7578, .F. ) ;
#1308 = DIRECTION ( 'NONE',  ( 0.000000000000000000, -1.000000000000000000, -4.336808689942002945E-16 ) ) ;
#1309 = DIRECTION ( 'NONE',  ( 0.000000000000000000, 1.000000000000000000, 0.000000000000000000 ) ) ;
#1310 = ORIENTED_EDGE ( 'NONE', *, *, #7982, .F. ) ;
#1311 = EDGE_CURVE ( 'NONE', #519, #10540, #7129, .T. ) ;
#1312 = VECTOR ( 'NONE', #9686, 1000.000000000000000 ) ;
#1313 = VERTEX_POINT ( 'NONE', #2391 ) ;
#1314 = DIRECTION ( 'NONE',  ( 0.000000000000000000, -1.000000000000000000, 0.000000000000000000 ) ) ;
#1315 = VECTOR ( 'NONE', #1593, 1000.000000000000000 ) ;
#1316 = AXIS2_PLACEMENT_3D ( 'NONE', #5880, #10074, #2780 ) ;
#1317 = EDGE_CURVE ( 'NONE', #4949, #3905, #5390, .T. ) ;
#1318 = CARTESIAN_POINT ( 'NONE',  ( -1.325000000000001510, 0.000000000000000000, 0.2250000000000008105 ) ) ;
#1319 = ORIENTED_EDGE ( 'NONE', *, *, #6836, .F. ) ;
#1320 = EDGE_CURVE ( 'NONE', #3338, #6755, #10393, .T. ) ;
#1321 = CARTESIAN_POINT ( 'NONE',  ( -1.325000000000001510, 0.5999999999999999778, 0.2250000000000008105 ) ) ;
#1322 = DIRECTION ( 'NONE',  ( -1.000000000000000000, -0.000000000000000000, -0.000000000000000000 ) ) ;
#1323 = AXIS2_PLACEMENT_3D ( 'NONE', #5675, #3221, #5618 ) ;
#1324 = DIRECTION ( 'NONE',  ( -0.000000000000000000, 2.710505431213761393E-17, 1.000000000000000000 ) ) ;
#1325 = ORIENTED_EDGE ( 'NONE', *, *, #10073, .F. ) ;
#1326 = CARTESIAN_POINT ( 'NONE',  ( 0.5249999999999976907, -0.04999999999999567291, -2.474999999999999645 ) ) ;
#1327 = EDGE_LOOP ( 'NONE', ( #10282, #10538, #6332, #9277 ) ) ;
#1328 = VECTOR ( 'NONE', #6059, 1000.000000000000000 ) ;
#1329 = CARTESIAN_POINT ( 'NONE',  ( 1.774999999999997913, 0.5000000000000022204, -1.324999999999999734 ) ) ;
#1330 = DIRECTION ( 'NONE',  ( -1.000000000000000000, -0.000000000000000000, -0.000000000000000000 ) ) ;
#1331 = FACE_OUTER_BOUND ( 'NONE', #32, .T. ) ;
#1332 = ORIENTED_EDGE ( 'NONE', *, *, #4277, .T. ) ;
#1333 = DIRECTION ( 'NONE',  ( -0.000000000000000000, -1.000000000000000000, -0.000000000000000000 ) ) ;
#1334 = ORIENTED_EDGE ( 'NONE', *, *, #5160, .T. ) ;
#1335 = AXIS2_PLACEMENT_3D ( 'NONE', #9115, #1801, #1704 ) ;
#1336 = VECTOR ( 'NONE', #10179, 1000.000000000000000 ) ;
#1337 = CARTESIAN_POINT ( 'NONE',  ( 3.224999999999997424, 0.2500000000000037748, -1.816421356237308826 ) ) ;
#1338 = ORIENTED_EDGE ( 'NONE', *, *, #1381, .T. ) ;
#1339 = DIRECTION ( 'NONE',  ( -1.807003620809174632E-16, 0.000000000000000000, -1.000000000000000000 ) ) ;
#1340 = CARTESIAN_POINT ( 'NONE',  ( 5.524999999999998579, 2.575000000000000178, -1.200000000000000622 ) ) ;
#1341 = CARTESIAN_POINT ( 'NONE',  ( 0.7249999999999973133, 0.3000000000000009881, -1.625000000000000666 ) ) ;
#1342 = CARTESIAN_POINT ( 'NONE',  ( -2.500000000000000000, 4.049999999999999822, 0.4749999999999995337 ) ) ;
#1343 = AXIS2_PLACEMENT_3D ( 'NONE', #1767, #8270, #7660 ) ;
#1344 = CARTESIAN_POINT ( 'NONE',  ( 0.5250000000000011324, 1.199999999999999734, 0.1750000000000000722 ) ) ;
#1345 = EDGE_LOOP ( 'NONE', ( #4722, #4315, #5478, #7990, #3980 ) ) ;
#1346 = CARTESIAN_POINT ( 'NONE',  ( 0.3750000000000012212, 1.199999999999999734, 0.3750000000000000555 ) ) ;
#1347 = CARTESIAN_POINT ( 'NONE',  ( 7.575000000000000178, 1.899999999999999689, 2.475000000000000533 ) ) ;
#1348 = ORIENTED_EDGE ( 'NONE', *, *, #6053, .T. ) ;
#1349 = CARTESIAN_POINT ( 'NONE',  ( 7.875000000000000000, 4.049999999999999822, 2.475000000000000089 ) ) ;
#1350 = ADVANCED_FACE ( 'NONE', ( #536 ), #5509, .F. ) ;
#1351 = CARTESIAN_POINT ( 'NONE',  ( 3.024999999999999023, 1.199999999999999734, 0.1750000000000000722 ) ) ;
#1352 = LINE ( 'NONE', #6235, #10079 ) ;
#1353 = AXIS2_PLACEMENT_3D ( 'NONE', #13, #5627, #8209 ) ;
#1354 = ORIENTED_EDGE ( 'NONE', *, *, #4539, .F. ) ;
#1355 = ORIENTED_EDGE ( 'NONE', *, *, #718, .F. ) ;
#1356 = LINE ( 'NONE', #5427, #9888 ) ;
#1357 = ORIENTED_EDGE ( 'NONE', *, *, #5336, .F. ) ;
#1358 = CARTESIAN_POINT ( 'NONE',  ( 1.624999999999999334, 4.049999999999999822, 0.2749999999999994671 ) ) ;
#1359 = VERTEX_POINT ( 'NONE', #7246 ) ;
#1360 = LINE ( 'NONE', #629, #161 ) ;
#1361 = DIRECTION ( 'NONE',  ( 1.000000000000000000, 0.000000000000000000, 0.000000000000000000 ) ) ;
#1362 = ORIENTED_EDGE ( 'NONE', *, *, #5615, .F. ) ;
#1363 = DIRECTION ( 'NONE',  ( 0.000000000000000000, 5.251604272976699179E-15, -1.000000000000000000 ) ) ;
#1364 = FACE_OUTER_BOUND ( 'NONE', #6582, .T. ) ;
#1365 = ORIENTED_EDGE ( 'NONE', *, *, #5516, .F. ) ;
#1366 = ORIENTED_EDGE ( 'NONE', *, *, #2543, .T. ) ;
#1367 = EDGE_CURVE ( 'NONE', #4913, #8850, #4630, .T. ) ;
#1368 = VECTOR ( 'NONE', #7335, 1000.000000000000000 ) ;
#1369 = DIRECTION ( 'NONE',  ( 0.000000000000000000, 0.000000000000000000, 1.000000000000000000 ) ) ;
#1370 = ADVANCED_FACE ( 'NONE', ( #9535 ), #8677, .T. ) ;
#1371 = ADVANCED_FACE ( 'NONE', ( #8908 ), #1480, .F. ) ;
#1372 = VECTOR ( 'NONE', #1270, 1000.000000000000000 ) ;
#1373 = ORIENTED_EDGE ( 'NONE', *, *, #6913, .T. ) ;
#1374 = DIRECTION ( 'NONE',  ( 0.000000000000000000, 0.8944271909999175207, 0.4472135954999548191 ) ) ;
#1375 = ORIENTED_EDGE ( 'NONE', *, *, #2657, .F. ) ;
#1376 = EDGE_CURVE ( 'NONE', #1661, #8520, #7975, .T. ) ;
#1377 = CARTESIAN_POINT ( 'NONE',  ( 7.174999999999999822, 3.149999999999999911, 2.375000000000000444 ) ) ;
#1378 = PLANE ( 'NONE',  #8501 ) ;
#1379 = CARTESIAN_POINT ( 'NONE',  ( 0.7249999999999973133, -0.04999999999999568678, -2.474999999999999645 ) ) ;
#1380 = ORIENTED_EDGE ( 'NONE', *, *, #9986, .T. ) ;
#1381 = EDGE_CURVE ( 'NONE', #7506, #1157, #6260, .T. ) ;
#1382 = VERTEX_POINT ( 'NONE', #10283 ) ;
#1383 = CARTESIAN_POINT ( 'NONE',  ( 1.974999999999997646, 1.199999999999999734, 0.1750000000000000722 ) ) ;
#1384 = DIRECTION ( 'NONE',  ( 0.000000000000000000, -0.000000000000000000, 1.000000000000000000 ) ) ;
#1385 = ADVANCED_FACE ( 'NONE', ( #2952 ), #704, .F. ) ;
#1386 = LINE ( 'NONE', #2173, #6357 ) ;
#1387 = VECTOR ( 'NONE', #2517, 1000.000000000000000 ) ;
#1388 = EDGE_LOOP ( 'NONE', ( #3283, #1607, #4581, #4786 ) ) ;
#1389 = CARTESIAN_POINT ( 'NONE',  ( 3.224999999999997868, 3.950000000000000178, 0.3750000000000000000 ) ) ;
#1390 = VERTEX_POINT ( 'NONE', #1377 ) ;
#1391 = CARTESIAN_POINT ( 'NONE',  ( 7.774999999999999467, 2.349999999999999645, 1.675000000000000266 ) ) ;
#1392 = ORIENTED_EDGE ( 'NONE', *, *, #5801, .T. ) ;
#1393 = ORIENTED_EDGE ( 'NONE', *, *, #4878, .F. ) ;
#1394 = LINE ( 'NONE', #10353, #2754 ) ;
#1395 = CARTESIAN_POINT ( 'NONE',  ( 1.974999999999999423, 3.299999999999999822, -0.7749999999999999112 ) ) ;
#1396 = LINE ( 'NONE', #8869, #6498 ) ;
#1397 = DIRECTION ( 'NONE',  ( 1.000000000000000000, -0.000000000000000000, -0.000000000000000000 ) ) ;
#1398 = DIRECTION ( 'NONE',  ( 0.000000000000000000, 0.000000000000000000, 1.000000000000000000 ) ) ;
#1399 = VERTEX_POINT ( 'NONE', #4600 ) ;
#1400 = CARTESIAN_POINT ( 'NONE',  ( 0.5249999999999976907, 0.3000000000000009881, -1.625000000000000666 ) ) ;
#1401 = ORIENTED_EDGE ( 'NONE', *, *, #7731, .T. ) ;
#1402 = CARTESIAN_POINT ( 'NONE',  ( 5.724999999999997868, 3.950000000000000178, 0.1750000000000000722 ) ) ;
#1403 = VECTOR ( 'NONE', #2426, 1000.000000000000000 ) ;
#1404 = LINE ( 'NONE', #620, #6359 ) ;
#1405 = LINE ( 'NONE', #5213, #6656 ) ;
#1406 = ORIENTED_EDGE ( 'NONE', *, *, #9492, .T. ) ;
#1407 = LINE ( 'NONE', #2093, #2544 ) ;
#1408 = VECTOR ( 'NONE', #7504, 1000.000000000000000 ) ;
#1409 = VERTEX_POINT ( 'NONE', #588 ) ;
#1410 = PLANE ( 'NONE',  #6143 ) ;
#1411 = ORIENTED_EDGE ( 'NONE', *, *, #5831, .F. ) ;
#1412 = DIRECTION ( 'NONE',  ( 0.000000000000000000, 1.000000000000000000, 0.000000000000000000 ) ) ;
#1413 = ADVANCED_FACE ( 'NONE', ( #2331 ), #1428, .F. ) ;
#1414 = DIRECTION ( 'NONE',  ( -1.000000000000000000, -0.000000000000000000, -0.000000000000000000 ) ) ;
#1415 = EDGE_LOOP ( 'NONE', ( #7677, #22, #3573, #4309 ) ) ;
#1416 = CARTESIAN_POINT ( 'NONE',  ( -0.7249999999999965361, 4.049999999999999822, -1.775000000000000355 ) ) ;
#1417 = LINE ( 'NONE', #3631, #6163 ) ;
#1418 = EDGE_LOOP ( 'NONE', ( #10027, #8777, #3034, #7486, #5270, #6424, #3024, #7760, #1789, #10444, #8692, #4768, #9238, #8867, #6097, #5231, #7993, #584, #4213, #4516, #903, #7862, #7141, #783, #5379, #253, #8900, #4549, #7489, #8643, #2011, #7407, #8360, #7500, #1498, #4285, #4775, #8966, #3578, #4474, #1067, #3942, #7275, #665, #8917, #56, #5512, #4115 ) ) ;
#1419 = ORIENTED_EDGE ( 'NONE', *, *, #9656, .F. ) ;
#1420 = PLANE ( 'NONE',  #1033 ) ;
#1421 = VECTOR ( 'NONE', #10257, 1000.000000000000000 ) ;
#1422 = ADVANCED_FACE ( 'NONE', ( #5737 ), #7647, .F. ) ;
#1423 = VECTOR ( 'NONE', #1566, 1000.000000000000000 ) ;
#1424 = VERTEX_POINT ( 'NONE', #3229 ) ;
#1425 = ADVANCED_FACE ( 'NONE', ( #6017 ), #7360, .T. ) ;
#1426 = PLANE ( 'NONE',  #3505 ) ;
#1427 = VECTOR ( 'NONE', #126, 1000.000000000000000 ) ;
#1428 = PLANE ( 'NONE',  #6333 ) ;
#1429 = CARTESIAN_POINT ( 'NONE',  ( 7.575000000000000178, 0.000000000000000000, 2.475000000000000089 ) ) ;
#1430 = UNCERTAINTY_MEASURE_WITH_UNIT (LENGTH_MEASURE( 1.000000000000000082E-05 ), #8381, 'distance_accuracy_value', 'NONE');
#1431 = AXIS2_PLACEMENT_3D ( 'NONE', #9304, #525, #423 ) ;
#1432 = CARTESIAN_POINT ( 'NONE',  ( 7.375000000000000888, 0.5999999999999999778, 1.825000000000000622 ) ) ;
#1433 = ORIENTED_EDGE ( 'NONE', *, *, #3969, .F. ) ;
#1434 = VERTEX_POINT ( 'NONE', #7598 ) ;
#1435 = AXIS2_PLACEMENT_3D ( 'NONE', #9203, #6646, #7405 ) ;
#1436 = CARTESIAN_POINT ( 'NONE',  ( 3.024999999999999023, 4.049999999999999822, -1.224999999999999645 ) ) ;
#1437 = ADVANCED_FACE ( 'NONE', ( #811 ), #4823, .F. ) ;
#1438 = CARTESIAN_POINT ( 'NONE',  ( 5.374999999999999112, 3.950000000000000178, 0.3750000000000001110 ) ) ;
#1439 = EDGE_CURVE ( 'NONE', #3874, #709, #7306, .T. ) ;
#1440 = VERTEX_POINT ( 'NONE', #6848 ) ;
#1441 = CARTESIAN_POINT ( 'NONE',  ( 1.974999999999997646, 0.5000000000000022204, -1.324999999999999734 ) ) ;
#1442 = VERTEX_POINT ( 'NONE', #6749 ) ;
#1443 = CARTESIAN_POINT ( 'NONE',  ( 4.474999999999998757, 2.899999999999996803, -0.7749999999999999112 ) ) ;
#1444 = ORIENTED_EDGE ( 'NONE', *, *, #1961, .F. ) ;
#1445 = EDGE_CURVE ( 'NONE', #2397, #8084, #10070, .T. ) ;
#1446 = ORIENTED_EDGE ( 'NONE', *, *, #9629, .F. ) ;
#1447 = CARTESIAN_POINT ( 'NONE',  ( 1.774999999999999245, 1.199999999999999734, 0.1750000000000000722 ) ) ;
#1448 = CARTESIAN_POINT ( 'NONE',  ( 0.7249999999999973133, 0.1500000000000032419, -2.474999999999999645 ) ) ;
#1449 = DIRECTION ( 'NONE',  ( -0.000000000000000000, 2.710505431213761393E-17, 1.000000000000000000 ) ) ;
#1450 = FACE_OUTER_BOUND ( 'NONE', #10507, .T. ) ;
#1451 = CARTESIAN_POINT ( 'NONE',  ( 13.12499999999999822, 3.950000000000000178, -1.174999999999999822 ) ) ;
#1452 = ORIENTED_EDGE ( 'NONE', *, *, #2008, .F. ) ;
#1453 = PLANE ( 'NONE',  #3167 ) ;
#1454 = DIRECTION ( 'NONE',  ( -0.000000000000000000, 1.000000000000000000, 0.000000000000000000 ) ) ;
#1455 = VERTEX_POINT ( 'NONE', #868 ) ;
#1456 = DIRECTION ( 'NONE',  ( 1.000000000000000000, 0.000000000000000000, 0.000000000000000000 ) ) ;
#1457 = ORIENTED_EDGE ( 'NONE', *, *, #5061, .F. ) ;
#1458 = CARTESIAN_POINT ( 'NONE',  ( -1.025000000000001688, 4.049999999999999822, 0.2749999999999996336 ) ) ;
#1459 = ORIENTED_EDGE ( 'NONE', *, *, #3625, .T. ) ;
#1460 = ORIENTED_EDGE ( 'NONE', *, *, #10174, .F. ) ;
#1461 = CARTESIAN_POINT ( 'NONE',  ( 5.724999999999997868, 0.1500000000000037970, -1.816421356237308826 ) ) ;
#1462 = ORIENTED_EDGE ( 'NONE', *, *, #3020, .T. ) ;
#1463 = DIRECTION ( 'NONE',  ( 0.000000000000000000, -0.7071067811865545671, 0.7071067811865405783 ) ) ;
#1464 = LINE ( 'NONE', #7226, #4437 ) ;
#1465 = CARTESIAN_POINT ( 'NONE',  ( 6.974999999999999645, 4.049999999999999822, 0.000000000000000000 ) ) ;
#1466 = ORIENTED_EDGE ( 'NONE', *, *, #8101, .F. ) ;
#1467 = DIRECTION ( 'NONE',  ( 0.000000000000000000, 0.000000000000000000, -1.000000000000000000 ) ) ;
#1468 = CARTESIAN_POINT ( 'NONE',  ( -1.125000000000001776, 0.2500000000000000000, 0.2250000000000008105 ) ) ;
#1469 = ORIENTED_EDGE ( 'NONE', *, *, #7470, .F. ) ;
#1470 = ORIENTED_EDGE ( 'NONE', *, *, #6179, .F. ) ;
#1471 = VECTOR ( 'NONE', #5860, 1000.000000000000000 ) ;
#1472 = MECHANICAL_DESIGN_GEOMETRIC_PRESENTATION_REPRESENTATION (  '', ( #3263 ), #3652 ) ;
#1473 = DIRECTION ( 'NONE',  ( -4.688441826964343312E-16, -1.000000000000000000, 0.000000000000000000 ) ) ;
#1474 = ORIENTED_EDGE ( 'NONE', *, *, #5788, .T. ) ;
#1475 = DIRECTION ( 'NONE',  ( -0.000000000000000000, -0.000000000000000000, -1.000000000000000000 ) ) ;
#1476 = VECTOR ( 'NONE', #8596, 1000.000000000000000 ) ;
#1477 = PLANE ( 'NONE',  #9311 ) ;
#1478 = VECTOR ( 'NONE', #4868, 1000.000000000000000 ) ;
#1479 = ORIENTED_EDGE ( 'NONE', *, *, #864, .T. ) ;
#1480 = PLANE ( 'NONE',  #5670 ) ;
#1481 = FACE_OUTER_BOUND ( 'NONE', #4670, .T. ) ;
#1482 = ADVANCED_FACE ( 'NONE', ( #120 ), #4086, .T. ) ;
#1483 = VERTEX_POINT ( 'NONE', #1146 ) ;
#1484 = EDGE_CURVE ( 'NONE', #203, #8263, #3522, .T. ) ;
#1485 = VECTOR ( 'NONE', #9101, 1000.000000000000000 ) ;
#1486 = ORIENTED_EDGE ( 'NONE', *, *, #2692, .T. ) ;
#1487 = LINE ( 'NONE', #5632, #3353 ) ;
#1488 = CIRCLE ( 'NONE', #1316, 0.09999999999999982514 ) ;
#1489 = LINE ( 'NONE', #5517, #641 ) ;
#1490 = ORIENTED_EDGE ( 'NONE', *, *, #4240, .T. ) ;
#1491 = LINE ( 'NONE', #1441, #3342 ) ;
#1492 = EDGE_CURVE ( 'NONE', #2888, #4505, #8151, .T. ) ;
#1493 = ORIENTED_EDGE ( 'NONE', *, *, #8274, .F. ) ;
#1494 = ADVANCED_FACE ( 'NONE', ( #4372 ), #3571, .T. ) ;
#1495 = ADVANCED_FACE ( 'NONE', ( #1890 ), #1103, .F. ) ;
#1496 = VECTOR ( 'NONE', #3135, 1000.000000000000000 ) ;
#1497 = DIRECTION ( 'NONE',  ( -1.000000000000000000, -0.000000000000000000, -0.000000000000000000 ) ) ;
#1498 = ORIENTED_EDGE ( 'NONE', *, *, #5617, .T. ) ;
#1499 = CARTESIAN_POINT ( 'NONE',  ( 6.724999999999999645, 4.049999999999999822, 2.375000000000000444 ) ) ;
#1500 = ORIENTED_EDGE ( 'NONE', *, *, #2144, .F. ) ;
#1501 = FACE_OUTER_BOUND ( 'NONE', #1963, .T. ) ;
#1502 = CARTESIAN_POINT ( 'NONE',  ( 4.031793621149188489, 6.140988867593913192E-18, -0.02500000000000096242 ) ) ;
#1503 = DIRECTION ( 'NONE',  ( -1.000000000000000000, -0.000000000000000000, -0.000000000000000000 ) ) ;
#1504 = DIRECTION ( 'NONE',  ( 0.000000000000000000, -1.000000000000000000, -3.252606517456514091E-15 ) ) ;
#1505 = CARTESIAN_POINT ( 'NONE',  ( 4.474999999999996980, 0.1792893218813486345, -1.745710678118654435 ) ) ;
#1506 = ORIENTED_EDGE ( 'NONE', *, *, #3062, .F. ) ;
#1507 = CARTESIAN_POINT ( 'NONE',  ( -1.325000000000001510, 0.000000000000000000, 0.2250000000000008105 ) ) ;
#1508 = DIRECTION ( 'NONE',  ( 0.000000000000000000, -0.7071067811865431318, -0.7071067811865517916 ) ) ;
#1509 = VECTOR ( 'NONE', #4970, 1000.000000000000000 ) ;
#1510 = ORIENTED_EDGE ( 'NONE', *, *, #69, .T. ) ;
#1511 = DIRECTION ( 'NONE',  ( 0.000000000000000000, -0.7071067811865479058, 0.7071067811865472397 ) ) ;
#1512 = CARTESIAN_POINT ( 'NONE',  ( 1.975000000000000533, 4.000000000000000000, -1.224999999999999645 ) ) ;
#1513 = ADVANCED_FACE ( 'NONE', ( #2773 ), #8097, .F. ) ;
#1514 = DIRECTION ( 'NONE',  ( -0.000000000000000000, 0.000000000000000000, -1.000000000000000000 ) ) ;
#1515 = VERTEX_POINT ( 'NONE', #4140 ) ;
#1516 = VERTEX_POINT ( 'NONE', #11 ) ;
#1517 = EDGE_CURVE ( 'NONE', #3973, #365, #2443, .T. ) ;
#1518 = DIRECTION ( 'NONE',  ( 0.7071067811865505703, -7.666467083416910134E-17, 0.7071067811865444641 ) ) ;
#1519 = VECTOR ( 'NONE', #7586, 1000.000000000000000 ) ;
#1520 = ORIENTED_EDGE ( 'NONE', *, *, #5464, .T. ) ;
#1521 = DIRECTION ( 'NONE',  ( 0.000000000000000000, 0.7071067811865431318, 0.7071067811865519026 ) ) ;
#1522 = PRESENTATION_STYLE_ASSIGNMENT (( #1641 ) ) ;
#1523 = DIRECTION ( 'NONE',  ( 0.000000000000000000, -0.7071067811865479058, 0.7071067811865472397 ) ) ;
#1524 = VERTEX_POINT ( 'NONE', #3284 ) ;
#1525 = CARTESIAN_POINT ( 'NONE',  ( 5.524999999999997691, -0.04999999999999636680, -2.375000000000000000 ) ) ;
#1526 = CARTESIAN_POINT ( 'NONE',  ( 0.5250000000000011324, 2.575000000000000178, -1.200000000000000178 ) ) ;
#1527 = EDGE_LOOP ( 'NONE', ( #393, #6629, #5476, #3673 ) ) ;
#1528 = ADVANCED_FACE ( 'NONE', ( #1657 ), #4874, .F. ) ;
#1529 = CARTESIAN_POINT ( 'NONE',  ( 4.624999999999998224, 1.199999999999999734, 0.3750000000000000555 ) ) ;
#1530 = EDGE_CURVE ( 'NONE', #9359, #5005, #561, .T. ) ;
#1531 = VECTOR ( 'NONE', #4332, 1000.000000000000114 ) ;
#1532 = FILL_AREA_STYLE ('',( #8522 ) ) ;
#1533 = EDGE_LOOP ( 'NONE', ( #4377, #8975, #1751, #9257 ) ) ;
#1534 = CARTESIAN_POINT ( 'NONE',  ( 0.7249999999999999778, 3.950000000000000178, 0.1750000000000000722 ) ) ;
#1535 = DIRECTION ( 'NONE',  ( 0.000000000000000000, -1.000000000000000000, -4.336808689942002945E-16 ) ) ;
#1536 = VECTOR ( 'NONE', #4001, 1000.000000000000000 ) ;
#1537 = DIRECTION ( 'NONE',  ( -0.000000000000000000, 1.000000000000000000, 0.000000000000000000 ) ) ;
#1538 = VECTOR ( 'NONE', #2538, 1000.000000000000000 ) ;
#1539 = EDGE_LOOP ( 'NONE', ( #7350, #9222, #3875, #8774 ) ) ;
#1540 = ORIENTED_EDGE ( 'NONE', *, *, #8941, .F. ) ;
#1541 = DIRECTION ( 'NONE',  ( 1.000000000000000000, 0.000000000000000000, 0.000000000000000000 ) ) ;
#1542 = DIRECTION ( 'NONE',  ( 0.000000000000000000, -1.000000000000000000, 0.000000000000000000 ) ) ;
#1543 = DIRECTION ( 'NONE',  ( -0.000000000000000000, -0.000000000000000000, -1.000000000000000000 ) ) ;
#1544 = EDGE_LOOP ( 'NONE', ( #9355, #6609, #2410, #8077 ) ) ;
#1545 = VECTOR ( 'NONE', #1196, 1000.000000000000000 ) ;
#1546 = ORIENTED_EDGE ( 'NONE', *, *, #6496, .T. ) ;
#1547 = LINE ( 'NONE', #4832, #3851 ) ;
#1548 = EDGE_CURVE ( 'NONE', #2272, #7023, #6230, .T. ) ;
#1549 = DIRECTION ( 'NONE',  ( 0.000000000000000000, 0.000000000000000000, 1.000000000000000000 ) ) ;
#1550 = FACE_OUTER_BOUND ( 'NONE', #9817, .T. ) ;
#1551 = ORIENTED_EDGE ( 'NONE', *, *, #449, .T. ) ;
#1552 = CARTESIAN_POINT ( 'NONE',  ( 4.474999999999996980, 3.449999999999999289, 0.3749999999999999445 ) ) ;
#1553 = VERTEX_POINT ( 'NONE', #2873 ) ;
#1554 = DIRECTION ( 'NONE',  ( 0.000000000000000000, 0.000000000000000000, 1.000000000000000000 ) ) ;
#1555 = EDGE_CURVE ( 'NONE', #2680, #10326, #5311, .T. ) ;
#1556 = ORIENTED_EDGE ( 'NONE', *, *, #9660, .F. ) ;
#1557 = ORIENTED_EDGE ( 'NONE', *, *, #328, .F. ) ;
#1558 = CARTESIAN_POINT ( 'NONE',  ( 0.3750000000000012212, 2.575000000000000178, -1.200000000000000178 ) ) ;
#1559 = VECTOR ( 'NONE', #6118, 1000.000000000000000 ) ;
#1560 = EDGE_CURVE ( 'NONE', #2996, #2622, #4472, .T. ) ;
#1561 = DIRECTION ( 'NONE',  ( -1.000000000000000000, 0.000000000000000000, -1.807003620809174632E-16 ) ) ;
#1562 = CARTESIAN_POINT ( 'NONE',  ( 4.624999999999998224, 2.250000000000000000, 1.075000000000000400 ) ) ;
#1563 = EDGE_CURVE ( 'NONE', #3650, #3046, #7740, .T. ) ;
#1564 = CARTESIAN_POINT ( 'NONE',  ( 4.474999999999997868, 1.199999999999999734, 0.1750000000000000722 ) ) ;
#1565 = ORIENTED_EDGE ( 'NONE', *, *, #3111, .F. ) ;
#1566 = DIRECTION ( 'NONE',  ( -1.000000000000000000, 0.000000000000000000, -1.807003620809174632E-16 ) ) ;
#1567 = EDGE_LOOP ( 'NONE', ( #5844, #8553, #6694, #6135, #2991, #3015 ) ) ;
#1568 = LINE ( 'NONE', #4847, #9531 ) ;
#1569 = VERTEX_POINT ( 'NONE', #5209 ) ;
#1570 = CARTESIAN_POINT ( 'NONE',  ( -1.325000000000001510, 0.000000000000000000, 2.475000000000000089 ) ) ;
#1571 = DIRECTION ( 'NONE',  ( 0.000000000000000000, -1.000000000000000000, -3.252606517456514091E-15 ) ) ;
#1572 = VERTEX_POINT ( 'NONE', #8497 ) ;
#1573 = VECTOR ( 'NONE', #1363, 1000.000000000000000 ) ;
#1574 = ORIENTED_EDGE ( 'NONE', *, *, #6661, .F. ) ;
#1575 = AXIS2_PLACEMENT_3D ( 'NONE', #2785, #7607, #371 ) ;
#1576 = EDGE_CURVE ( 'NONE', #1693, #9779, #4419, .T. ) ;
#1577 = LINE ( 'NONE', #1744, #6425 ) ;
#1578 = ORIENTED_EDGE ( 'NONE', *, *, #7145, .F. ) ;
#1579 =( NAMED_UNIT ( * ) SI_UNIT ( $, .STERADIAN. ) SOLID_ANGLE_UNIT ( ) );
#1580 = LINE ( 'NONE', #2311, #1221 ) ;
#1581 = DIRECTION ( 'NONE',  ( 1.000000000000000000, 0.000000000000000000, 0.000000000000000000 ) ) ;
#1582 = PLANE ( 'NONE',  #8417 ) ;
#1583 = DIRECTION ( 'NONE',  ( 0.000000000000000000, -0.000000000000000000, -1.000000000000000000 ) ) ;
#1584 = EDGE_CURVE ( 'NONE', #938, #5288, #9448, .T. ) ;
#1585 = DIRECTION ( 'NONE',  ( 0.000000000000000000, -1.000000000000000000, 1.445602896647327084E-15 ) ) ;
#1586 = VECTOR ( 'NONE', #627, 1000.000000000000000 ) ;
#1587 = ORIENTED_EDGE ( 'NONE', *, *, #2179, .F. ) ;
#1588 = AXIS2_PLACEMENT_3D ( 'NONE', #5664, #2313, #6478 ) ;
#1589 = PLANE ( 'NONE',  #8670 ) ;
#1590 = EDGE_CURVE ( 'NONE', #552, #8658, #3618, .T. ) ;
#1591 = DIRECTION ( 'NONE',  ( -0.000000000000000000, 1.000000000000000000, 0.000000000000000000 ) ) ;
#1592 = EDGE_LOOP ( 'NONE', ( #6086, #5277, #1362, #4522 ) ) ;
#1593 = DIRECTION ( 'NONE',  ( 0.000000000000000000, 1.000000000000000000, -1.445602896647327084E-15 ) ) ;
#1594 = EDGE_CURVE ( 'NONE', #365, #8600, #5358, .T. ) ;
#1595 = DIRECTION ( 'NONE',  ( -1.000000000000000000, -0.000000000000000000, -0.000000000000000000 ) ) ;
#1596 = DIRECTION ( 'NONE',  ( 0.000000000000000000, -1.000000000000000000, -3.252606517456514091E-15 ) ) ;
#1597 = DIRECTION ( 'NONE',  ( -0.5773502691896257311, 0.5773502691896257311, 0.5773502691896257311 ) ) ;
#1598 = EDGE_LOOP ( 'NONE', ( #1153, #10460, #6207, #4425 ) ) ;
#1599 = ORIENTED_EDGE ( 'NONE', *, *, #9249, .F. ) ;
#1600 = CARTESIAN_POINT ( 'NONE',  ( 13.12499999999999822, -13.83708784390703705, -1.174999999999999822 ) ) ;
#1601 = CARTESIAN_POINT ( 'NONE',  ( -1.625000000000001332, 3.399999999999999911, 0.1750000000000001554 ) ) ;
#1602 = CARTESIAN_POINT ( 'NONE',  ( -1.375000000000001332, 2.899999999999999911, 0.1750000000000002387 ) ) ;
#1603 = EDGE_LOOP ( 'NONE', ( #2683, #6015, #3289, #416 ) ) ;
#1604 = AXIS2_PLACEMENT_3D ( 'NONE', #4532, #7698, #5167 ) ;
#1605 = UNCERTAINTY_MEASURE_WITH_UNIT (LENGTH_MEASURE( 1.000000000000000082E-05 ), #3213, 'distance_accuracy_value', 'NONE');
#1606 = EDGE_CURVE ( 'NONE', #2813, #3207, #8703, .T. ) ;
#1607 = ORIENTED_EDGE ( 'NONE', *, *, #4447, .F. ) ;
#1608 = LINE ( 'NONE', #4934, #7948 ) ;
#1609 = CLOSED_SHELL ( 'NONE', ( #3903, #10223, #7818, #8271, #5440, #4881, #2970, #1107, #3734, #582, #7849, #9823, #7390, #5973, #9938 ) ) ;
#1610 = DIRECTION ( 'NONE',  ( 0.000000000000000000, -1.000000000000000000, -3.252606517456514091E-15 ) ) ;
#1611 = ORIENTED_EDGE ( 'NONE', *, *, #982, .F. ) ;
#1612 = DIRECTION ( 'NONE',  ( 1.000000000000000000, 0.000000000000000000, 0.000000000000000000 ) ) ;
#1613 = EDGE_LOOP ( 'NONE', ( #1685, #5021, #1278, #10204, #9122, #1628 ) ) ;
#1614 = VECTOR ( 'NONE', #9716, 1000.000000000000000 ) ;
#1615 = EDGE_CURVE ( 'NONE', #8164, #8989, #3767, .T. ) ;
#1616 = VECTOR ( 'NONE', #6013, 1000.000000000000000 ) ;
#1617 = CARTESIAN_POINT ( 'NONE',  ( 1.774999999999997913, -0.1499999999999963862, -1.474999999999999645 ) ) ;
#1618 = ORIENTED_EDGE ( 'NONE', *, *, #10046, .F. ) ;
#1619 = DIRECTION ( 'NONE',  ( -1.000000000000000000, -0.000000000000000000, 0.000000000000000000 ) ) ;
#1620 = ORIENTED_EDGE ( 'NONE', *, *, #2556, .F. ) ;
#1621 = CARTESIAN_POINT ( 'NONE',  ( 5.724999999999997868, -0.1499999999999963862, -1.474999999999999645 ) ) ;
#1622 = CARTESIAN_POINT ( 'NONE',  ( 3.024999999999999023, 1.449999999999999956, -1.224999999999999645 ) ) ;
#1623 = LINE ( 'NONE', #7385, #7757 ) ;
#1624 = PRESENTATION_STYLE_ASSIGNMENT (( #8929 ) ) ;
#1625 = VECTOR ( 'NONE', #5897, 1000.000000000000000 ) ;
#1626 = DIRECTION ( 'NONE',  ( 0.000000000000000000, 1.000000000000000000, 0.000000000000000000 ) ) ;
#1627 = CARTESIAN_POINT ( 'NONE',  ( 0.7249999999999973133, 6.140988867593913192E-18, -0.02500000000000096242 ) ) ;
#1628 = ORIENTED_EDGE ( 'NONE', *, *, #8536, .T. ) ;
#1629 = FACE_OUTER_BOUND ( 'NONE', #9067, .T. ) ;
#1630 = EDGE_CURVE ( 'NONE', #3129, #2108, #10152, .T. ) ;
#1631 = EDGE_LOOP ( 'NONE', ( #6188, #1943, #2523, #969 ) ) ;
#1632 = LINE ( 'NONE', #789, #5391 ) ;
#1633 = EDGE_CURVE ( 'NONE', #5090, #6295, #10203, .T. ) ;
#1634 = ADVANCED_FACE ( 'NONE', ( #2084 ), #617, .F. ) ;
#1635 = FACE_OUTER_BOUND ( 'NONE', #1917, .T. ) ;
#1636 = ORIENTED_EDGE ( 'NONE', *, *, #78, .T. ) ;
#1637 = LINE ( 'NONE', #8997, #317 ) ;
#1638 = EDGE_LOOP ( 'NONE', ( #9808, #4682, #6469, #634 ) ) ;
#1639 = SHAPE_REPRESENTATION_RELATIONSHIP ( 'NONE' , 'NONE' ,  #9272, #5522 ) ;
#1640 = DIRECTION ( 'NONE',  ( 0.000000000000000000, -5.421010862427526114E-15, 1.000000000000000000 ) ) ;
#1641 = SURFACE_STYLE_USAGE ( .BOTH. , #7286 ) ;
#1642 = PLANE ( 'NONE',  #2087 ) ;
#1643 = PLANE ( 'NONE',  #9230 ) ;
#1644 = CARTESIAN_POINT ( 'NONE',  ( 4.474999999999996980, 0.3500000000000009215, -1.324999999999999512 ) ) ;
#1645 = ORIENTED_EDGE ( 'NONE', *, *, #8087, .F. ) ;
#1646 = DIRECTION ( 'NONE',  ( 0.000000000000000000, 1.000000000000000000, 0.000000000000000000 ) ) ;
#1647 = EDGE_CURVE ( 'NONE', #10255, #9368, #7096, .T. ) ;
#1648 = EDGE_CURVE ( 'NONE', #6727, #4093, #9345, .T. ) ;
#1649 = DIRECTION ( 'NONE',  ( -0.000000000000000000, -0.7071067811865474617, 0.7071067811865474617 ) ) ;
#1650 = PRESENTATION_STYLE_ASSIGNMENT (( #9821 ) ) ;
#1651 = CARTESIAN_POINT ( 'NONE',  ( 4.274999999999997691, 0.1500000000000037970, -1.816421356237308826 ) ) ;
#1652 = DIRECTION ( 'NONE',  ( 0.000000000000000000, -1.000000000000000000, 0.000000000000000000 ) ) ;
#1653 = CARTESIAN_POINT ( 'NONE',  ( 1.774999999999997913, -0.1499999999999963862, -2.374999999999999112 ) ) ;
#1654 = ORIENTED_EDGE ( 'NONE', *, *, #6142, .T. ) ;
#1655 = AXIS2_PLACEMENT_3D ( 'NONE', #8699, #1290, #6068 ) ;
#1656 = ORIENTED_EDGE ( 'NONE', *, *, #7029, .F. ) ;
#1657 = FACE_OUTER_BOUND ( 'NONE', #10056, .T. ) ;
#1658 = LINE ( 'NONE', #3285, #6959 ) ;
#1659 = UNCERTAINTY_MEASURE_WITH_UNIT (LENGTH_MEASURE( 1.000000000000000082E-05 ), #3751, 'distance_accuracy_value', 'NONE');
#1660 = CARTESIAN_POINT ( 'NONE',  ( 2.874999999999999112, 3.950000000000000178, 0.3750000000000000555 ) ) ;
#1661 = VERTEX_POINT ( 'NONE', #2428 ) ;
#1662 = ADVANCED_FACE ( 'NONE', ( #2989 ), #6299, .F. ) ;
#1663 = VECTOR ( 'NONE', #3396, 1000.000000000000000 ) ;
#1664 = EDGE_LOOP ( 'NONE', ( #4749, #2123, #9141, #4902 ) ) ;
#1665 = EDGE_CURVE ( 'NONE', #9368, #4933, #9519, .T. ) ;
#1666 = DIRECTION ( 'NONE',  ( 1.000000000000000000, 0.000000000000000000, 0.000000000000000000 ) ) ;
#1667 = DIRECTION ( 'NONE',  ( -0.000000000000000000, 0.7071067811865474617, 0.7071067811865474617 ) ) ;
#1668 =( NAMED_UNIT ( * ) SI_UNIT ( $, .STERADIAN. ) SOLID_ANGLE_UNIT ( ) );
#1669 = ORIENTED_EDGE ( 'NONE', *, *, #3393, .F. ) ;
#1670 = LINE ( 'NONE', #3241, #4343 ) ;
#1671 = VECTOR ( 'NONE', #7991, 1000.000000000000000 ) ;
#1672 = EDGE_CURVE ( 'NONE', #2390, #5758, #3101, .T. ) ;
#1673 = ORIENTED_EDGE ( 'NONE', *, *, #2113, .F. ) ;
#1674 = VECTOR ( 'NONE', #2770, 1000.000000000000000 ) ;
#1675 = CYLINDRICAL_SURFACE ( 'NONE', #4711, 0.05000000000000012768 ) ;
#1676 = ORIENTED_EDGE ( 'NONE', *, *, #7574, .F. ) ;
#1677 = AXIS2_PLACEMENT_3D ( 'NONE', #1383, #492, #541 ) ;
#1678 = DIRECTION ( 'NONE',  ( 3.336006684570783101E-16, 1.000000000000000000, -0.000000000000000000 ) ) ;
#1679 = ORIENTED_EDGE ( 'NONE', *, *, #3811, .T. ) ;
#1680 = CARTESIAN_POINT ( 'NONE',  ( 0.5249999999999976907, 0.1500000000000032419, -2.474999999999999645 ) ) ;
#1681 = CARTESIAN_POINT ( 'NONE',  ( 4.474999999999996980, 0.1000000000000020872, -1.224999999999998312 ) ) ;
#1682 = DIRECTION ( 'NONE',  ( 1.000000000000000000, 0.000000000000000000, -0.000000000000000000 ) ) ;
#1683 = LINE ( 'NONE', #544, #2276 ) ;
#1684 = DIRECTION ( 'NONE',  ( 1.000000000000000000, 0.000000000000000000, -0.000000000000000000 ) ) ;
#1685 = ORIENTED_EDGE ( 'NONE', *, *, #5200, .T. ) ;
#1686 = LINE ( 'NONE', #5813, #1368 ) ;
#1687 = VECTOR ( 'NONE', #4724, 1000.000000000000000 ) ;
#1688 = ORIENTED_EDGE ( 'NONE', *, *, #9431, .F. ) ;
#1689 = DIRECTION ( 'NONE',  ( -1.000000000000000000, 0.000000000000000000, 0.000000000000000000 ) ) ;
#1690 = DIRECTION ( 'NONE',  ( 0.000000000000000000, -5.421010862427526114E-15, 1.000000000000000000 ) ) ;
#1691 = VERTEX_POINT ( 'NONE', #9571 ) ;
#1692 = CARTESIAN_POINT ( 'NONE',  ( 5.874999999999997335, 1.199999999999999734, 0.3750000000000000555 ) ) ;
#1693 = VERTEX_POINT ( 'NONE', #2314 ) ;
#1694 = CARTESIAN_POINT ( 'NONE',  ( 1.774999999999997913, 0.1792893218813486067, -1.745710678118654435 ) ) ;
#1695 = LINE ( 'NONE', #6745, #6127 ) ;
#1696 = LINE ( 'NONE', #4129, #3849 ) ;
#1697 = CARTESIAN_POINT ( 'NONE',  ( 3.224999999999997424, -0.1499999999999963862, -1.474999999999999645 ) ) ;
#1698 = ADVANCED_FACE ( 'NONE', ( #10490 ), #5551, .F. ) ;
#1699 = ORIENTED_EDGE ( 'NONE', *, *, #4765, .F. ) ;
#1700 = PLANE ( 'NONE',  #4077 ) ;
#1701 = VECTOR ( 'NONE', #8881, 1000.000000000000000 ) ;
#1702 = AXIS2_PLACEMENT_3D ( 'NONE', #7524, #2611, #1811 ) ;
#1703 = CARTESIAN_POINT ( 'NONE',  ( 1.919910864525443017, 1.899999999999999689, 2.375000000000000888 ) ) ;
#1704 = DIRECTION ( 'NONE',  ( -1.000000000000000000, 0.000000000000000000, 0.000000000000000000 ) ) ;
#1705 = DIRECTION ( 'NONE',  ( 0.000000000000000000, 0.000000000000000000, 1.000000000000000000 ) ) ;
#1706 = CARTESIAN_POINT ( 'NONE',  ( 5.524999999999998579, 4.049999999999999822, -1.224999999999999645 ) ) ;
#1707 = ADVANCED_FACE ( 'NONE', ( #3216 ), #8773, .F. ) ;
#1708 = CARTESIAN_POINT ( 'NONE',  ( 2.781793621149188045, 3.050000000000000266, 0.000000000000000000 ) ) ;
#1709 = ORIENTED_EDGE ( 'NONE', *, *, #7521, .F. ) ;
#1710 = ADVANCED_FACE ( 'NONE', ( #4012 ), #1642, .F. ) ;
#1711 = DIRECTION ( 'NONE',  ( -1.000000000000000000, -1.084202172485505297E-16, 0.000000000000000000 ) ) ;
#1712 = AXIS2_PLACEMENT_3D ( 'NONE', #1997, #1159, #10125 ) ;
#1713 = ADVANCED_FACE ( 'NONE', ( #8890 ), #3047, .F. ) ;
#1714 = DIRECTION ( 'NONE',  ( 1.000000000000000000, 0.000000000000000000, 0.000000000000000000 ) ) ;
#1715 = ORIENTED_EDGE ( 'NONE', *, *, #5854, .T. ) ;
#1716 = AXIS2_PLACEMENT_3D ( 'NONE', #5538, #7276, #4683 ) ;
#1717 = VERTEX_POINT ( 'NONE', #7057 ) ;
#1718 = EDGE_CURVE ( 'NONE', #8877, #7163, #4859, .T. ) ;
#1719 = LINE ( 'NONE', #9219, #1663 ) ;
#1720 = ORIENTED_EDGE ( 'NONE', *, *, #5370, .F. ) ;
#1721 = PLANE ( 'NONE',  #2662 ) ;
#1722 = AXIS2_PLACEMENT_3D ( 'NONE', #4632, #3773, #8500 ) ;
#1723 = ORIENTED_EDGE ( 'NONE', *, *, #7097, .T. ) ;
#1724 = ADVANCED_FACE ( 'NONE', ( #7961 ), #689, .F. ) ;
#1725 = LINE ( 'NONE', #6390, #4373 ) ;
#1726 = ORIENTED_EDGE ( 'NONE', *, *, #2349, .T. ) ;
#1727 = DIRECTION ( 'NONE',  ( 0.000000000000000000, 1.000000000000000000, 0.000000000000000000 ) ) ;
#1728 = EDGE_CURVE ( 'NONE', #4025, #4958, #743, .T. ) ;
#1729 = ORIENTED_EDGE ( 'NONE', *, *, #2117, .T. ) ;
#1730 = CARTESIAN_POINT ( 'NONE',  ( 1.774999999999999245, 1.449999999999999956, 0.1750000000000000722 ) ) ;
#1731 = ADVANCED_FACE ( 'NONE', ( #5610 ), #1582, .F. ) ;
#1732 = LINE ( 'NONE', #5704, #5444 ) ;
#1733 = CARTESIAN_POINT ( 'NONE',  ( 5.724999999999997868, 0.4999999999999998890, -0.8249999999999997335 ) ) ;
#1734 =( NAMED_UNIT ( * ) SI_UNIT ( $, .STERADIAN. ) SOLID_ANGLE_UNIT ( ) );
#1735 = ORIENTED_EDGE ( 'NONE', *, *, #5788, .F. ) ;
#1736 = CARTESIAN_POINT ( 'NONE',  ( -6.875000000000000000, 3.950000000000000178, 0.3750000000000001110 ) ) ;
#1737 = CARTESIAN_POINT ( 'NONE',  ( 5.524999999999998579, 3.450000000000001510, 1.870248747537497357E-14 ) ) ;
#1738 = ORIENTED_EDGE ( 'NONE', *, *, #10290, .F. ) ;
#1739 = LINE ( 'NONE', #197, #3891 ) ;
#1740 = ORIENTED_EDGE ( 'NONE', *, *, #8405, .F. ) ;
#1741 = CARTESIAN_POINT ( 'NONE',  ( -7.875000000000000000, 4.049999999999999822, 2.475000000000000089 ) ) ;
#1742 = DIRECTION ( 'NONE',  ( 0.000000000000000000, 0.000000000000000000, 1.000000000000000000 ) ) ;
#1743 = EDGE_LOOP ( 'NONE', ( #8623, #10532, #6132, #7922 ) ) ;
#1744 = CARTESIAN_POINT ( 'NONE',  ( 3.024999999999999023, 2.574999999999999734, -1.200000000000000178 ) ) ;
#1745 = ORIENTED_EDGE ( 'NONE', *, *, #1938, .T. ) ;
#1746 = DIRECTION ( 'NONE',  ( 1.000000000000000000, 0.000000000000000000, 0.000000000000000000 ) ) ;
#1747 = ORIENTED_EDGE ( 'NONE', *, *, #1064, .F. ) ;
#1748 = DIRECTION ( 'NONE',  ( -1.000000000000000000, 0.000000000000000000, -1.807003620809174632E-16 ) ) ;
#1749 = DIRECTION ( 'NONE',  ( -1.000000000000000000, 4.688441826964343312E-16, 0.000000000000000000 ) ) ;
#1750 = LINE ( 'NONE', #961, #3297 ) ;
#1751 = ORIENTED_EDGE ( 'NONE', *, *, #268, .T. ) ;
#1752 = LINE ( 'NONE', #4184, #3038 ) ;
#1753 = CIRCLE ( 'NONE', #5102, 0.09999999999999982514 ) ;
#1754 = ADVANCED_FACE ( 'NONE', ( #2205 ), #8081, .F. ) ;
#1755 = DIRECTION ( 'NONE',  ( -0.000000000000000000, -0.000000000000000000, -1.000000000000000000 ) ) ;
#1756 = DIRECTION ( 'NONE',  ( -0.000000000000000000, 0.7071067811865474617, 0.7071067811865474617 ) ) ;
#1757 = VERTEX_POINT ( 'NONE', #3900 ) ;
#1758 = UNCERTAINTY_MEASURE_WITH_UNIT (LENGTH_MEASURE( 1.000000000000000082E-05 ), #5400, 'distance_accuracy_value', 'NONE');
#1759 = ORIENTED_EDGE ( 'NONE', *, *, #6486, .T. ) ;
#1760 = EDGE_CURVE ( 'NONE', #4571, #4145, #10431, .T. ) ;
#1761 = VECTOR ( 'NONE', #8714, 1000.000000000000114 ) ;
#1762 = EDGE_CURVE ( 'NONE', #7962, #2403, #9001, .T. ) ;
#1763 = VERTEX_POINT ( 'NONE', #2536 ) ;
#1764 = VECTOR ( 'NONE', #5019, 1000.000000000000114 ) ;
#1765 = DIRECTION ( 'NONE',  ( -1.000000000000000000, 0.000000000000000000, -0.000000000000000000 ) ) ;
#1766 = VECTOR ( 'NONE', #10021, 1000.000000000000000 ) ;
#1767 = CARTESIAN_POINT ( 'NONE',  ( 3.224999999999997424, -0.04999999999999636680, -2.375000000000000000 ) ) ;
#1768 = ORIENTED_EDGE ( 'NONE', *, *, #9333, .T. ) ;
#1769 = PLANE ( 'NONE',  #5183 ) ;
#1770 = VECTOR ( 'NONE', #218, 1000.000000000000000 ) ;
#1771 = VERTEX_POINT ( 'NONE', #3422 ) ;
#1772 = EDGE_CURVE ( 'NONE', #874, #185, #3322, .T. ) ;
#1773 = CARTESIAN_POINT ( 'NONE',  ( 5.724999999999997868, 0.3500000000000009215, -1.324999999999999512 ) ) ;
#1774 = VERTEX_POINT ( 'NONE', #53 ) ;
#1775 = VECTOR ( 'NONE', #2666, 1000.000000000000000 ) ;
#1776 = DIRECTION ( 'NONE',  ( -1.000000000000000000, 0.000000000000000000, 0.000000000000000000 ) ) ;
#1777 = FACE_OUTER_BOUND ( 'NONE', #9739, .T. ) ;
#1778 = EDGE_CURVE ( 'NONE', #7564, #5170, #7552, .T. ) ;
#1779 = DIRECTION ( 'NONE',  ( -0.000000000000000000, -4.553649124439118623E-15, 1.000000000000000000 ) ) ;
#1780 = EDGE_LOOP ( 'NONE', ( #5252, #5746, #1759, #9181 ) ) ;
#1781 = CARTESIAN_POINT ( 'NONE',  ( -1.625000000000001332, 4.049999999999999822, -1.775000000000000355 ) ) ;
#1782 = PRESENTATION_LAYER_ASSIGNMENT (  '', '', ( #9796 ) ) ;
#1783 = VERTEX_POINT ( 'NONE', #6593 ) ;
#1784 = CARTESIAN_POINT ( 'NONE',  ( 0.5249999999999976907, -0.04999999999999636680, -2.375000000000000000 ) ) ;
#1785 = CLOSED_SHELL ( 'NONE', ( #3438, #4585, #2487, #1713, #1077, #6678, #7017, #6858 ) ) ;
#1786 = ORIENTED_EDGE ( 'NONE', *, *, #7431, .T. ) ;
#1787 = DIRECTION ( 'NONE',  ( -1.000000000000000000, -0.000000000000000000, -0.000000000000000000 ) ) ;
#1788 = CARTESIAN_POINT ( 'NONE',  ( -1.250000000000000000, 4.049999999999999822, 0.2749999999999986344 ) ) ;
#1789 = ORIENTED_EDGE ( 'NONE', *, *, #5286, .F. ) ;
#1790 = LINE ( 'NONE', #1692, #6051 ) ;
#1791 = ORIENTED_EDGE ( 'NONE', *, *, #1320, .F. ) ;
#1792 = DIRECTION ( 'NONE',  ( -1.000000000000000000, -0.000000000000000000, -0.000000000000000000 ) ) ;
#1793 = CARTESIAN_POINT ( 'NONE',  ( 5.524999999999998579, 1.449999999999999956, -1.224999999999999645 ) ) ;
#1794 = CARTESIAN_POINT ( 'NONE',  ( 7.575000000000000178, 0.000000000000000000, 0.000000000000000000 ) ) ;
#1795 = CARTESIAN_POINT ( 'NONE',  ( 4.274999999999999467, 4.049999999999999822, -1.224999999999999645 ) ) ;
#1796 = ORIENTED_EDGE ( 'NONE', *, *, #1633, .F. ) ;
#1797 = DIRECTION ( 'NONE',  ( -1.000000000000000000, 0.000000000000000000, 0.000000000000000000 ) ) ;
#1798 = CARTESIAN_POINT ( 'NONE',  ( -1.250000000000000000, 4.049999999999999822, 0.2750000000000002442 ) ) ;
#1799 = EDGE_CURVE ( 'NONE', #3078, #3586, #4128, .T. ) ;
#1800 = CARTESIAN_POINT ( 'NONE',  ( 5.724999999999997868, 0.3000000000000009881, -1.625000000000000666 ) ) ;
#1801 = DIRECTION ( 'NONE',  ( -0.000000000000000000, -0.4472135954999579832, -0.8944271909999159664 ) ) ;
#1802 = VERTEX_POINT ( 'NONE', #9918 ) ;
#1803 = DIRECTION ( 'NONE',  ( 0.000000000000000000, 0.000000000000000000, -1.000000000000000000 ) ) ;
#1804 = ORIENTED_EDGE ( 'NONE', *, *, #5807, .F. ) ;
#1805 = DIRECTION ( 'NONE',  ( 0.000000000000000000, -1.000000000000000000, 0.000000000000000000 ) ) ;
#1806 = ORIENTED_EDGE ( 'NONE', *, *, #424, .T. ) ;
#1807 = VERTEX_POINT ( 'NONE', #9968 ) ;
#1808 = AXIS2_PLACEMENT_3D ( 'NONE', #9969, #2640, #156 ) ;
#1809 = CARTESIAN_POINT ( 'NONE',  ( 5.724999999999998757, 1.449999999999999956, -1.224999999999999645 ) ) ;
#1810 = FACE_OUTER_BOUND ( 'NONE', #7653, .T. ) ;
#1811 = DIRECTION ( 'NONE',  ( -1.000000000000000000, 0.000000000000000000, 0.000000000000000000 ) ) ;
#1812 = EDGE_CURVE ( 'NONE', #7780, #5838, #1695, .T. ) ;
#1813 = DIRECTION ( 'NONE',  ( 1.000000000000000000, 0.000000000000000000, -0.000000000000000000 ) ) ;
#1814 = EDGE_CURVE ( 'NONE', #7212, #4496, #3270, .T. ) ;
#1815 = ORIENTED_EDGE ( 'NONE', *, *, #4945, .T. ) ;
#1816 = VECTOR ( 'NONE', #2016, 1000.000000000000000 ) ;
#1817 = FILL_AREA_STYLE_COLOUR ( '', #2690 ) ;
#1818 = VERTEX_POINT ( 'NONE', #10015 ) ;
#1819 = DIRECTION ( 'NONE',  ( 0.000000000000000000, 0.000000000000000000, -1.000000000000000000 ) ) ;
#1820 = DIRECTION ( 'NONE',  ( -1.000000000000000000, -0.000000000000000000, -0.000000000000000000 ) ) ;
#1821 = VECTOR ( 'NONE', #5110, 1000.000000000000000 ) ;
#1822 = EDGE_CURVE ( 'NONE', #3810, #842, #9055, .T. ) ;
#1823 = CARTESIAN_POINT ( 'NONE',  ( -1.525000000000001243, 2.349999999999999645, 1.675000000000000266 ) ) ;
#1824 = CIRCLE ( 'NONE', #10333, 0.1000000000000000472 ) ;
#1825 = ORIENTED_EDGE ( 'NONE', *, *, #3744, .T. ) ;
#1826 = CARTESIAN_POINT ( 'NONE',  ( 5.524999999999997691, 3.950000000000000178, 0.3750000000000001110 ) ) ;
#1827 = EDGE_CURVE ( 'NONE', #9049, #7905, #2586, .T. ) ;
#1828 = ORIENTED_EDGE ( 'NONE', *, *, #150, .F. ) ;
#1829 = DIRECTION ( 'NONE',  ( 0.000000000000000000, 0.000000000000000000, -1.000000000000000000 ) ) ;
#1830 = AXIS2_PLACEMENT_3D ( 'NONE', #2218, #2949, #7811 ) ;
#1831 = CARTESIAN_POINT ( 'NONE',  ( 5.724999999999997868, 0.2500000000000037748, -1.816421356237308826 ) ) ;
#1832 = VECTOR ( 'NONE', #2581, 1000.000000000000000 ) ;
#1833 = DIRECTION ( 'NONE',  ( 0.000000000000000000, 1.000000000000000000, 0.000000000000000000 ) ) ;
#1834 = ORIENTED_EDGE ( 'NONE', *, *, #3801, .F. ) ;
#1835 = DIRECTION ( 'NONE',  ( 0.000000000000000000, -1.000000000000000000, 2.710505431213761393E-17 ) ) ;
#1836 = ORIENTED_EDGE ( 'NONE', *, *, #6888, .T. ) ;
#1837 = FACE_OUTER_BOUND ( 'NONE', #488, .T. ) ;
#1838 = FACE_OUTER_BOUND ( 'NONE', #3557, .T. ) ;
#1839 = CARTESIAN_POINT ( 'NONE',  ( 3.024999999999998579, 1.449999999999999956, 0.000000000000000000 ) ) ;
#1840 = CARTESIAN_POINT ( 'NONE',  ( 6.875000000000000000, 0.7428932188134522718, 0.8749999999999998890 ) ) ;
#1841 = ORIENTED_EDGE ( 'NONE', *, *, #6823, .F. ) ;
#1842 = DIRECTION ( 'NONE',  ( -1.000000000000000000, 0.000000000000000000, 0.000000000000000000 ) ) ;
#1843 = VECTOR ( 'NONE', #9714, 1000.000000000000114 ) ;
#1844 = DIRECTION ( 'NONE',  ( 0.000000000000000000, 1.000000000000000000, 2.282530889443167515E-16 ) ) ;
#1845 = CARTESIAN_POINT ( 'NONE',  ( 6.531793621149187601, 3.050000000000000266, 0.000000000000000000 ) ) ;
#1846 = ADVANCED_FACE ( 'NONE', ( #4963 ), #8196, .T. ) ;
#1847 = CARTESIAN_POINT ( 'NONE',  ( -1.125000000000001776, 0.5999999999999999778, 1.825000000000000622 ) ) ;
#1848 = VECTOR ( 'NONE', #10194, 1000.000000000000000 ) ;
#1849 = CARTESIAN_POINT ( 'NONE',  ( 5.524999999999997691, -0.04999999999999636680, -2.375000000000000000 ) ) ;
#1850 = ORIENTED_EDGE ( 'NONE', *, *, #481, .F. ) ;
#1851 = FACE_OUTER_BOUND ( 'NONE', #321, .T. ) ;
#1852 = EDGE_LOOP ( 'NONE', ( #4246, #2050, #1910, #2795 ) ) ;
#1853 = DIRECTION ( 'NONE',  ( -0.000000000000000000, 0.000000000000000000, 1.000000000000000000 ) ) ;
#1854 = EDGE_CURVE ( 'NONE', #3412, #9034, #4072, .T. ) ;
#1855 = ORIENTED_EDGE ( 'NONE', *, *, #10455, .F. ) ;
#1856 = ADVANCED_FACE ( 'NONE', ( #5922 ), #9200, .F. ) ;
#1857 = VERTEX_POINT ( 'NONE', #4180 ) ;
#1858 = DIRECTION ( 'NONE',  ( 0.000000000000000000, -0.000000000000000000, -1.000000000000000000 ) ) ;
#1859 = VECTOR ( 'NONE', #7729, 999.9999999999998863 ) ;
#1860 = SURFACE_SIDE_STYLE ('',( #3487 ) ) ;
#1861 = LINE ( 'NONE', #2560, #5182 ) ;
#1862 = DIRECTION ( 'NONE',  ( 1.000000000000000000, 0.000000000000000000, 0.000000000000000000 ) ) ;
#1863 = CARTESIAN_POINT ( 'NONE',  ( 5.524999999999998579, 1.449999999999999956, -0.7749999999999999112 ) ) ;
#1864 = ORIENTED_EDGE ( 'NONE', *, *, #2070, .F. ) ;
#1865 = VECTOR ( 'NONE', #5981, 1000.000000000000000 ) ;
#1866 = DIRECTION ( 'NONE',  ( -0.000000000000000000, -0.000000000000000000, 1.000000000000000000 ) ) ;
#1867 = ORIENTED_EDGE ( 'NONE', *, *, #5948, .F. ) ;
#1868 = EDGE_CURVE ( 'NONE', #5812, #3868, #9106, .T. ) ;
#1869 = CARTESIAN_POINT ( 'NONE',  ( 3.224999999999997424, 0.4999999999999998890, -0.8249999999999997335 ) ) ;
#1870 = LINE ( 'NONE', #9185, #1215 ) ;
#1871 = VECTOR ( 'NONE', #5393, 1000.000000000000000 ) ;
#1872 = AXIS2_PLACEMENT_3D ( 'NONE', #6594, #7964, #2316 ) ;
#1873 = ORIENTED_EDGE ( 'NONE', *, *, #7615, .T. ) ;
#1874 = LINE ( 'NONE', #6001, #2446 ) ;
#1875 = EDGE_LOOP ( 'NONE', ( #9850, #623, #3939, #6080 ) ) ;
#1876 = CARTESIAN_POINT ( 'NONE',  ( 4.124999999999999112, 2.574999999999999734, -1.200000000000000178 ) ) ;
#1877 = EDGE_CURVE ( 'NONE', #4499, #5445, #5017, .T. ) ;
#1878 = DIRECTION ( 'NONE',  ( 0.000000000000000000, 0.000000000000000000, 1.000000000000000000 ) ) ;
#1879 = VECTOR ( 'NONE', #622, 1000.000000000000114 ) ;
#1880 = LINE ( 'NONE', #8291, #8830 ) ;
#1881 = ORIENTED_EDGE ( 'NONE', *, *, #9950, .T. ) ;
#1882 = EDGE_CURVE ( 'NONE', #347, #9967, #1753, .T. ) ;
#1883 = CARTESIAN_POINT ( 'NONE',  ( 1.974999999999997646, 0.1000000000000020872, -1.224999999999998312 ) ) ;
#1884 = ORIENTED_EDGE ( 'NONE', *, *, #9578, .F. ) ;
#1885 = CARTESIAN_POINT ( 'NONE',  ( 7.875000000000000000, 2.349999999999999645, 1.675000000000000266 ) ) ;
#1886 =( NAMED_UNIT ( * ) SI_UNIT ( $, .STERADIAN. ) SOLID_ANGLE_UNIT ( ) );
#1887 = FACE_OUTER_BOUND ( 'NONE', #5418, .T. ) ;
#1888 = PLANE ( 'NONE',  #2638 ) ;
#1889 = CARTESIAN_POINT ( 'NONE',  ( 0.3750000000000012212, 4.049999999999999822, 0.4749999999999995337 ) ) ;
#1890 = FACE_OUTER_BOUND ( 'NONE', #1996, .T. ) ;
#1891 = DIRECTION ( 'NONE',  ( 1.000000000000000000, 0.000000000000000000, -1.807003620809174632E-16 ) ) ;
#1892 = ADVANCED_FACE ( 'NONE', ( #1838 ), #2639, .F. ) ;
#1893 = LINE ( 'NONE', #367, #5382 ) ;
#1894 = ADVANCED_FACE ( 'NONE', ( #310 ), #2079, .F. ) ;
#1895 = DIRECTION ( 'NONE',  ( -1.000000000000000000, 0.000000000000000000, -0.000000000000000000 ) ) ;
#1896 = ORIENTED_EDGE ( 'NONE', *, *, #1115, .T. ) ;
#1897 = DIRECTION ( 'NONE',  ( 0.000000000000000000, 1.000000000000000000, 0.000000000000000000 ) ) ;
#1898 = VECTOR ( 'NONE', #779, 1000.000000000000000 ) ;
#1899 = EDGE_LOOP ( 'NONE', ( #7324, #1804, #8602, #8100, #8704, #5426, #1587, #1636, #5367, #8576, #5765, #2299, #3593, #6984, #2242, #3044, #2216, #2191, #7072, #9320, #43, #4434, #6351, #5435, #6459, #5394, #6110, #5011, #608, #8283, #5594, #4822, #1209, #399, #10334, #4346, #3116, #7775, #7277, #8619, #4789, #1043, #4576, #9741, #1915, #10417, #3075, #2580, #4680, #2383, #5175, #2306, #5924, #624, #6961, #9027, #3317, #7088, #3307, #441, #6895, #3165, #5514, #3402, #8272, #941, #9847, #6914 ) ) ;
#1900 = EDGE_CURVE ( 'NONE', #8600, #5884, #4367, .T. ) ;
#1901 = ORIENTED_EDGE ( 'NONE', *, *, #3846, .F. ) ;
#1902 = CARTESIAN_POINT ( 'NONE',  ( -1.125000000000000888, 0.000000000000000000, 0.000000000000000000 ) ) ;
#1903 = EDGE_CURVE ( 'NONE', #8812, #3680, #1929, .T. ) ;
#1904 = VECTOR ( 'NONE', #2355, 1000.000000000000000 ) ;
#1905 =( NAMED_UNIT ( * ) SI_UNIT ( $, .STERADIAN. ) SOLID_ANGLE_UNIT ( ) );
#1906 = ORIENTED_EDGE ( 'NONE', *, *, #3594, .T. ) ;
#1907 = CARTESIAN_POINT ( 'NONE',  ( 1.774999999999997913, 0.1000000000000020872, -1.224999999999998312 ) ) ;
#1908 = LINE ( 'NONE', #3446, #10200 ) ;
#1909 = VECTOR ( 'NONE', #2636, 1000.000000000000000 ) ;
#1910 = ORIENTED_EDGE ( 'NONE', *, *, #9742, .T. ) ;
#1911 = EDGE_CURVE ( 'NONE', #79, #1080, #5205, .T. ) ;
#1912 = CARTESIAN_POINT ( 'NONE',  ( -8.125000000000000000, 3.950000000000000178, -1.174999999999999822 ) ) ;
#1913 = ORIENTED_EDGE ( 'NONE', *, *, #4738, .T. ) ;
#1914 = DIRECTION ( 'NONE',  ( 0.000000000000000000, 2.282530889443167515E-16, -1.000000000000000000 ) ) ;
#1915 = ORIENTED_EDGE ( 'NONE', *, *, #8152, .T. ) ;
#1916 = CARTESIAN_POINT ( 'NONE',  ( -7.875000000000000000, 4.049999999999999822, 2.475000000000000089 ) ) ;
#1917 = EDGE_LOOP ( 'NONE', ( #4998, #9773, #4379, #6077 ) ) ;
#1918 = EDGE_CURVE ( 'NONE', #2265, #8373, #358, .T. ) ;
#1919 = AXIS2_PLACEMENT_3D ( 'NONE', #3974, #1541, #9476 ) ;
#1920 = DIRECTION ( 'NONE',  ( -0.000000000000000000, 1.000000000000000000, 5.421010862427526114E-15 ) ) ;
#1921 = VECTOR ( 'NONE', #1042, 1000.000000000000000 ) ;
#1922 = DIRECTION ( 'NONE',  ( 0.000000000000000000, 0.000000000000000000, -1.000000000000000000 ) ) ;
#1923 = ORIENTED_EDGE ( 'NONE', *, *, #3023, .F. ) ;
#1924 = CARTESIAN_POINT ( 'NONE',  ( 3.224999999999997424, 0.4999999999999998890, -0.8249999999999997335 ) ) ;
#1925 = ORIENTED_EDGE ( 'NONE', *, *, #303, .F. ) ;
#1926 = FACE_OUTER_BOUND ( 'NONE', #527, .T. ) ;
#1927 = VERTEX_POINT ( 'NONE', #6882 ) ;
#1928 =( NAMED_UNIT ( * ) PLANE_ANGLE_UNIT ( ) SI_UNIT ( $, .RADIAN. ) );
#1929 = LINE ( 'NONE', #454, #7366 ) ;
#1930 = CARTESIAN_POINT ( 'NONE',  ( -1.525000000000001243, 4.049999999999999822, 1.675000000000000266 ) ) ;
#1931 = CARTESIAN_POINT ( 'NONE',  ( 0.7249999999999999778, 4.049999999999999822, -1.174999999999999822 ) ) ;
#1932 = ADVANCED_FACE ( 'NONE', ( #5256 ), #5353, .T. ) ;
#1933 = ORIENTED_EDGE ( 'NONE', *, *, #2904, .F. ) ;
#1934 = PLANE ( 'NONE',  #6410 ) ;
#1935 = DIRECTION ( 'NONE',  ( 1.000000000000000000, 0.000000000000000000, 0.000000000000000000 ) ) ;
#1936 = CARTESIAN_POINT ( 'NONE',  ( 6.249999999999999112, 0.000000000000000000, -1.224999999999999645 ) ) ;
#1937 = ADVANCED_FACE ( 'NONE', ( #2920 ), #6011, .F. ) ;
#1938 = EDGE_CURVE ( 'NONE', #9615, #2397, #9242, .T. ) ;
#1939 = LINE ( 'NONE', #162, #4577 ) ;
#1940 = COLOUR_RGB ( '',0.7960784313725489669, 0.8235294117647058432, 0.9372549019607843146 ) ;
#1941 = VECTOR ( 'NONE', #7835, 1000.000000000000000 ) ;
#1942 = DIRECTION ( 'NONE',  ( 0.000000000000000000, -0.000000000000000000, -1.000000000000000000 ) ) ;
#1943 = ORIENTED_EDGE ( 'NONE', *, *, #4334, .F. ) ;
#1944 = DIRECTION ( 'NONE',  ( 0.000000000000000000, 0.000000000000000000, -1.000000000000000000 ) ) ;
#1945 = VERTEX_POINT ( 'NONE', #9442 ) ;
#1946 = ORIENTED_EDGE ( 'NONE', *, *, #7791, .F. ) ;
#1947 = EDGE_CURVE ( 'NONE', #3236, #10427, #10147, .T. ) ;
#1948 = PLANE ( 'NONE',  #9712 ) ;
#1949 = EDGE_CURVE ( 'NONE', #1818, #3745, #8542, .T. ) ;
#1950 = CARTESIAN_POINT ( 'NONE',  ( 1.625000000000000666, 3.250000000000000000, 0.6750000000000004885 ) ) ;
#1951 = ORIENTED_EDGE ( 'NONE', *, *, #10155, .F. ) ;
#1952 = CARTESIAN_POINT ( 'NONE',  ( 7.275000000000000355, 1.999999999999999112, 2.475000000000000089 ) ) ;
#1953 = LINE ( 'NONE', #2057, #9611 ) ;
#1954 = FACE_OUTER_BOUND ( 'NONE', #10059, .T. ) ;
#1955 = ORIENTED_EDGE ( 'NONE', *, *, #8332, .T. ) ;
#1956 = EDGE_CURVE ( 'NONE', #203, #681, #2127, .T. ) ;
#1957 = LINE ( 'NONE', #1079, #9691 ) ;
#1958 = ORIENTED_EDGE ( 'NONE', *, *, #4185, .T. ) ;
#1959 = PLANE ( 'NONE',  #2616 ) ;
#1960 = LINE ( 'NONE', #7024, #2325 ) ;
#1961 = EDGE_CURVE ( 'NONE', #7372, #5736, #9392, .T. ) ;
#1962 = PLANE ( 'NONE',  #8259 ) ;
#1963 = EDGE_LOOP ( 'NONE', ( #6124, #6759, #3664, #2445 ) ) ;
#1964 = CARTESIAN_POINT ( 'NONE',  ( 7.275000000000000355, 4.049999999999999822, -1.474999999999996536 ) ) ;
#1965 = VECTOR ( 'NONE', #4793, 1000.000000000000000 ) ;
#1966 = VERTEX_POINT ( 'NONE', #8442 ) ;
#1967 = CARTESIAN_POINT ( 'NONE',  ( 4.474999999999996980, 3.050000000000000266, -0.02500000000000021302 ) ) ;
#1968 = CARTESIAN_POINT ( 'NONE',  ( 0.7250000000000008660, 3.950000000000000178, -1.174999999999999822 ) ) ;
#1969 = AXIS2_PLACEMENT_3D ( 'NONE', #4833, #7194, #8046 ) ;
#1970 = CARTESIAN_POINT ( 'NONE',  ( 4.031793621149188489, 1.449999999999999956, -0.02500000000000060854 ) ) ;
#1971 = EDGE_LOOP ( 'NONE', ( #1923, #3740, #4266, #10195 ) ) ;
#1972 = DIRECTION ( 'NONE',  ( 0.000000000000000000, 0.000000000000000000, -1.000000000000000000 ) ) ;
#1973 = VECTOR ( 'NONE', #5042, 1000.000000000000000 ) ;
#1974 = CARTESIAN_POINT ( 'NONE',  ( 3.224999999999997424, -0.1499999999999963862, -1.474999999999999645 ) ) ;
#1975 = CARTESIAN_POINT ( 'NONE',  ( 4.624999999999998224, 1.449999999999999956, 0.3750000000000000000 ) ) ;
#1976 = DIRECTION ( 'NONE',  ( -1.000000000000000000, -0.000000000000000000, -0.000000000000000000 ) ) ;
#1977 = FACE_OUTER_BOUND ( 'NONE', #547, .T. ) ;
#1978 = VECTOR ( 'NONE', #3004, 1000.000000000000000 ) ;
#1979 = PLANE ( 'NONE',  #7817 ) ;
#1980 = VECTOR ( 'NONE', #885, 1000.000000000000000 ) ;
#1981 = ORIENTED_EDGE ( 'NONE', *, *, #7578, .T. ) ;
#1982 = DIRECTION ( 'NONE',  ( 0.000000000000000000, -0.7071067811865472397, -0.7071067811865479058 ) ) ;
#1983 = VERTEX_POINT ( 'NONE', #10108 ) ;
#1984 = PLANE ( 'NONE',  #7969 ) ;
#1985 = ORIENTED_EDGE ( 'NONE', *, *, #2224, .T. ) ;
#1986 = CARTESIAN_POINT ( 'NONE',  ( -1.375000000000001332, 2.899999999999999911, -0.3249999999999997891 ) ) ;
#1987 = ADVANCED_FACE ( 'NONE', ( #1141 ), #7783, .F. ) ;
#1988 = VECTOR ( 'NONE', #2398, 1000.000000000000000 ) ;
#1989 = FACE_OUTER_BOUND ( 'NONE', #4803, .T. ) ;
#1990 = VERTEX_POINT ( 'NONE', #1188 ) ;
#1991 = ORIENTED_EDGE ( 'NONE', *, *, #2525, .T. ) ;
#1992 = LINE ( 'NONE', #3479, #5280 ) ;
#1993 = PLANE ( 'NONE',  #8934 ) ;
#1994 = VECTOR ( 'NONE', #8556, 1000.000000000000000 ) ;
#1995 = ORIENTED_EDGE ( 'NONE', *, *, #9131, .F. ) ;
#1996 = EDGE_LOOP ( 'NONE', ( #3864, #7169, #5035, #10030 ) ) ;
#1997 = CARTESIAN_POINT ( 'NONE',  ( 7.174999999999999822, 3.149999999999999911, 2.375000000000000444 ) ) ;
#1998 = VECTOR ( 'NONE', #5916, 1000.000000000000114 ) ;
#1999 = EDGE_CURVE ( 'NONE', #3925, #2834, #2816, .T. ) ;
#2000 = ADVANCED_FACE ( 'NONE', ( #3657 ), #7735, .F. ) ;
#2001 = CARTESIAN_POINT ( 'NONE',  ( -1.125000000000001776, 0.2500000000000000000, 2.375000000000000888 ) ) ;
#2002 = ORIENTED_EDGE ( 'NONE', *, *, #888, .F. ) ;
#2003 = STYLED_ITEM ( 'NONE', ( #1217 ), #8086 ) ;
#2004 = PLANE ( 'NONE',  #5342 ) ;
#2005 = CARTESIAN_POINT ( 'NONE',  ( 4.274999999999997691, 0.3500000000000009215, -1.374999999999999778 ) ) ;
#2006 = CARTESIAN_POINT ( 'NONE',  ( 0.7249999999999999778, 1.199999999999999734, 0.3750000000000000000 ) ) ;
#2007 = ORIENTED_EDGE ( 'NONE', *, *, #6836, .T. ) ;
#2008 = EDGE_CURVE ( 'NONE', #8496, #118, #1288, .T. ) ;
#2009 = VECTOR ( 'NONE', #7572, 1000.000000000000000 ) ;
#2010 = CARTESIAN_POINT ( 'NONE',  ( -1.125000000000000888, 3.399999999999999911, 0.1750000000000001554 ) ) ;
#2011 = ORIENTED_EDGE ( 'NONE', *, *, #3482, .T. ) ;
#2012 = DIRECTION ( 'NONE',  ( 0.000000000000000000, -0.7071067811865475727, 0.7071067811865475727 ) ) ;
#2013 = EDGE_CURVE ( 'NONE', #8438, #4979, #7833, .T. ) ;
#2014 = CARTESIAN_POINT ( 'NONE',  ( 4.624999999999998224, 3.950000000000000178, 0.1750000000000000999 ) ) ;
#2015 = ORIENTED_EDGE ( 'NONE', *, *, #1827, .F. ) ;
#2016 = DIRECTION ( 'NONE',  ( -0.000000000000000000, 0.000000000000000000, 1.000000000000000000 ) ) ;
#2017 = CARTESIAN_POINT ( 'NONE',  ( 0.7249999999999999778, 4.049999999999999822, 0.4749999999999995337 ) ) ;
#2018 = EDGE_CURVE ( 'NONE', #5122, #5371, #8640, .T. ) ;
#2019 = ORIENTED_EDGE ( 'NONE', *, *, #6906, .T. ) ;
#2020 = DIRECTION ( 'NONE',  ( 0.000000000000000000, -0.7071067811865431318, -0.7071067811865517916 ) ) ;
#2021 = VECTOR ( 'NONE', #7247, 1000.000000000000000 ) ;
#2022 = ORIENTED_EDGE ( 'NONE', *, *, #5037, .T. ) ;
#2023 = PLANE ( 'NONE',  #2851 ) ;
#2024 = EDGE_CURVE ( 'NONE', #9399, #4536, #9380, .T. ) ;
#2025 = CARTESIAN_POINT ( 'NONE',  ( -1.525000000000001243, 4.049999999999999822, 0.6750000000000002665 ) ) ;
#2026 = AXIS2_PLACEMENT_3D ( 'NONE', #6887, #7741, #10153 ) ;
#2027 = ORIENTED_EDGE ( 'NONE', *, *, #10098, .F. ) ;
#2028 = DIRECTION ( 'NONE',  ( 0.000000000000000000, 0.000000000000000000, -1.000000000000000000 ) ) ;
#2029 = DIRECTION ( 'NONE',  ( 0.000000000000000000, 1.000000000000000000, 0.000000000000000000 ) ) ;
#2030 = DIRECTION ( 'NONE',  ( -1.000000000000000000, -0.000000000000000000, -0.000000000000000000 ) ) ;
#2031 = DIRECTION ( 'NONE',  ( 1.000000000000000000, 0.000000000000000000, 0.000000000000000000 ) ) ;
#2032 = DIRECTION ( 'NONE',  ( 0.000000000000000000, -5.421010862427520198E-16, 1.000000000000000000 ) ) ;
#2033 = CARTESIAN_POINT ( 'NONE',  ( 0.5249999999999985789, 1.577500000000001235, -1.577499999999999902 ) ) ;
#2034 = ORIENTED_EDGE ( 'NONE', *, *, #6948, .T. ) ;
#2035 = DIRECTION ( 'NONE',  ( 1.000000000000000000, 0.000000000000000000, 0.000000000000000000 ) ) ;
#2036 = CARTESIAN_POINT ( 'NONE',  ( 0.7249999999999973133, 3.450000000000001510, 1.870248747537497357E-14 ) ) ;
#2037 = CARTESIAN_POINT ( 'NONE',  ( 1.974999999999997646, -0.1499999999999963862, -1.474999999999999645 ) ) ;
#2038 = VERTEX_POINT ( 'NONE', #669 ) ;
#2039 = AXIS2_PLACEMENT_3D ( 'NONE', #2827, #463, #3670 ) ;
#2040 = FACE_OUTER_BOUND ( 'NONE', #7202, .T. ) ;
#2041 = ORIENTED_EDGE ( 'NONE', *, *, #5679, .F. ) ;
#2042 = CARTESIAN_POINT ( 'NONE',  ( 1.774999999999998801, 2.899999999999996803, -0.7749999999999999112 ) ) ;
#2043 = ORIENTED_EDGE ( 'NONE', *, *, #2024, .T. ) ;
#2044 = LINE ( 'NONE', #6896, #1994 ) ;
#2045 = CARTESIAN_POINT ( 'NONE',  ( 0.5249999999999985789, 3.299999999999999822, -1.224999999999999645 ) ) ;
#2046 = EDGE_LOOP ( 'NONE', ( #6733, #8701, #6047, #2800 ) ) ;
#2047 = CARTESIAN_POINT ( 'NONE',  ( 2.781793621149188045, 1.016439536705160869E-17, 0.3750000000000000555 ) ) ;
#2048 = CARTESIAN_POINT ( 'NONE',  ( 7.875000000000000000, 0.000000000000000000, 2.475000000000000089 ) ) ;
#2049 = VERTEX_POINT ( 'NONE', #7267 ) ;
#2050 = ORIENTED_EDGE ( 'NONE', *, *, #5801, .F. ) ;
#2051 = DIRECTION ( 'NONE',  ( 0.000000000000000000, -0.000000000000000000, -1.000000000000000000 ) ) ;
#2052 = EDGE_CURVE ( 'NONE', #3287, #3228, #8756, .T. ) ;
#2053 = LINE ( 'NONE', #5939, #5558 ) ;
#2054 = AXIS2_PLACEMENT_3D ( 'NONE', #7436, #244, #3304 ) ;
#2055 = CARTESIAN_POINT ( 'NONE',  ( 4.474999999999997868, 1.449999999999999956, -1.224999999999999645 ) ) ;
#2056 = ORIENTED_EDGE ( 'NONE', *, *, #864, .F. ) ;
#2057 = CARTESIAN_POINT ( 'NONE',  ( 3.224999999999997868, 1.449999999999999956, 0.1750000000000000722 ) ) ;
#2058 = CARTESIAN_POINT ( 'NONE',  ( 7.575000000000000178, 1.899999999999999911, 1.825000000000000622 ) ) ;
#2059 = EDGE_CURVE ( 'NONE', #3387, #10513, #7886, .T. ) ;
#2060 = CARTESIAN_POINT ( 'NONE',  ( 4.274999999999999467, 3.950000000000000178, -1.174999999999999822 ) ) ;
#2061 = ORIENTED_EDGE ( 'NONE', *, *, #6589, .T. ) ;
#2062 = EDGE_CURVE ( 'NONE', #9439, #4252, #1396, .T. ) ;
#2063 = AXIS2_PLACEMENT_3D ( 'NONE', #5920, #7451, #2534 ) ;
#2064 = VECTOR ( 'NONE', #6553, 1000.000000000000000 ) ;
#2065 = VERTEX_POINT ( 'NONE', #4568 ) ;
#2066 = DIRECTION ( 'NONE',  ( 0.000000000000000000, -0.000000000000000000, 1.000000000000000000 ) ) ;
#2067 = DIRECTION ( 'NONE',  ( -1.000000000000000000, -0.000000000000000000, -0.000000000000000000 ) ) ;
#2068 = ORIENTED_EDGE ( 'NONE', *, *, #10127, .F. ) ;
#2069 = CARTESIAN_POINT ( 'NONE',  ( 1.774999999999997913, 0.1500000000000032419, -2.474999999999999645 ) ) ;
#2070 = EDGE_CURVE ( 'NONE', #598, #8216, #4792, .T. ) ;
#2071 = ORIENTED_EDGE ( 'NONE', *, *, #8021, .T. ) ;
#2072 = EDGE_CURVE ( 'NONE', #6295, #9512, #3072, .T. ) ;
#2073 = VECTOR ( 'NONE', #8868, 1000.000000000000000 ) ;
#2074 = DIRECTION ( 'NONE',  ( 0.000000000000000000, 1.000000000000000000, 0.000000000000000000 ) ) ;
#2075 = ADVANCED_FACE ( 'NONE', ( #7997 ), #9610, .T. ) ;
#2076 = VERTEX_POINT ( 'NONE', #4730 ) ;
#2077 = PLANE ( 'NONE',  #8227 ) ;
#2078 = DIRECTION ( 'NONE',  ( -0.000000000000000000, -0.000000000000000000, -1.000000000000000000 ) ) ;
#2079 = PLANE ( 'NONE',  #10241 ) ;
#2080 = DIRECTION ( 'NONE',  ( 1.000000000000000000, 0.000000000000000000, 0.000000000000000000 ) ) ;
#2081 = DIRECTION ( 'NONE',  ( 0.000000000000000000, -0.7071067811865472397, -0.7071067811865479058 ) ) ;
#2082 = ORIENTED_EDGE ( 'NONE', *, *, #10187, .T. ) ;
#2083 = CARTESIAN_POINT ( 'NONE',  ( 0.8749999999999998890, 4.049999999999999822, 0.2749999999999994671 ) ) ;
#2084 = FACE_OUTER_BOUND ( 'NONE', #5234, .T. ) ;
#2085 = VERTEX_POINT ( 'NONE', #8809 ) ;
#2086 = CARTESIAN_POINT ( 'NONE',  ( 4.624999999999998224, 4.049999999999999822, 0.1750000000000000999 ) ) ;
#2087 = AXIS2_PLACEMENT_3D ( 'NONE', #4693, #7113, #6479 ) ;
#2088 = VECTOR ( 'NONE', #2550, 1000.000000000000000 ) ;
#2089 = ORIENTED_EDGE ( 'NONE', *, *, #5127, .T. ) ;
#2090 = PLANE ( 'NONE',  #1722 ) ;
#2091 = ORIENTED_EDGE ( 'NONE', *, *, #2958, .T. ) ;
#2092 = EDGE_CURVE ( 'NONE', #7056, #2406, #3199, .T. ) ;
#2093 = CARTESIAN_POINT ( 'NONE',  ( 1.974999999999997646, -0.04999999999999568678, -2.474999999999999645 ) ) ;
#2094 = VERTEX_POINT ( 'NONE', #8060 ) ;
#2095 = VECTOR ( 'NONE', #4901, 1000.000000000000000 ) ;
#2096 = CARTESIAN_POINT ( 'NONE',  ( -8.125000000000000000, 1.449999999999999956, 0.3750000000000001110 ) ) ;
#2097 = VECTOR ( 'NONE', #4300, 1000.000000000000000 ) ;
#2098 = ORIENTED_EDGE ( 'NONE', *, *, #3020, .F. ) ;
#2099 = CARTESIAN_POINT ( 'NONE',  ( 1.974999999999997646, 1.577500000000001235, -1.577499999999999902 ) ) ;
#2100 = DIRECTION ( 'NONE',  ( 0.000000000000000000, -0.000000000000000000, -1.000000000000000000 ) ) ;
#2101 = ORIENTED_EDGE ( 'NONE', *, *, #932, .F. ) ;
#2102 = VERTEX_POINT ( 'NONE', #2185 ) ;
#2103 = LINE ( 'NONE', #7706, #7980 ) ;
#2104 = AXIS2_PLACEMENT_3D ( 'NONE', #3257, #2468, #9795 ) ;
#2105 = DIRECTION ( 'NONE',  ( 0.000000000000000000, 0.7071067811865381358, 0.7071067811865570096 ) ) ;
#2106 = DIRECTION ( 'NONE',  ( -0.000000000000000000, -0.000000000000000000, -1.000000000000000000 ) ) ;
#2107 = STYLED_ITEM ( 'NONE', ( #9776 ), #1155 ) ;
#2108 = VERTEX_POINT ( 'NONE', #4622 ) ;
#2109 = FILL_AREA_STYLE_COLOUR ( '', #9805 ) ;
#2110 = DIRECTION ( 'NONE',  ( 0.000000000000000000, 0.000000000000000000, 1.000000000000000000 ) ) ;
#2111 = CARTESIAN_POINT ( 'NONE',  ( 3.374999999999997780, 3.950000000000000178, 0.3750000000000001110 ) ) ;
#2112 = EDGE_LOOP ( 'NONE', ( #7438, #7816, #8905, #3721 ) ) ;
#2113 = EDGE_CURVE ( 'NONE', #1297, #7875, #3936, .T. ) ;
#2114 = VERTEX_POINT ( 'NONE', #1341 ) ;
#2115 = DIRECTION ( 'NONE',  ( -3.336006684570783101E-16, 1.000000000000000000, 0.000000000000000000 ) ) ;
#2116 = CARTESIAN_POINT ( 'NONE',  ( 3.024999999999998579, 3.299999999999999822, -0.7749999999999999112 ) ) ;
#2117 = EDGE_CURVE ( 'NONE', #375, #5079, #725, .T. ) ;
#2118 = LINE ( 'NONE', #7822, #4193 ) ;
#2119 = VERTEX_POINT ( 'NONE', #7205 ) ;
#2120 = CARTESIAN_POINT ( 'NONE',  ( 4.474999999999996980, -0.04999999999999636680, -2.375000000000000000 ) ) ;
#2121 = ORIENTED_EDGE ( 'NONE', *, *, #6045, .T. ) ;
#2122 = FACE_OUTER_BOUND ( 'NONE', #2366, .T. ) ;
#2123 = ORIENTED_EDGE ( 'NONE', *, *, #4010, .T. ) ;
#2124 = CARTESIAN_POINT ( 'NONE',  ( 1.974999999999997646, 0.3500000000000009215, -1.324999999999999512 ) ) ;
#2125 = CARTESIAN_POINT ( 'NONE',  ( -6.875000000000000000, -13.83708784390703705, 0.3750000000000001110 ) ) ;
#2126 = EDGE_CURVE ( 'NONE', #2420, #289, #3027, .T. ) ;
#2127 = LINE ( 'NONE', #5304, #1559 ) ;
#2128 = VECTOR ( 'NONE', #1189, 1000.000000000000000 ) ;
#2129 = CARTESIAN_POINT ( 'NONE',  ( 3.024999999999998579, 2.899999999999996803, -0.7749999999999999112 ) ) ;
#2130 = ADVANCED_FACE ( 'NONE', ( #10305 ), #3762, .F. ) ;
#2131 = PLANE ( 'NONE',  #6184 ) ;
#2132 = ORIENTED_EDGE ( 'NONE', *, *, #10289, .F. ) ;
#2133 = LINE ( 'NONE', #6938, #5189 ) ;
#2134 = DIRECTION ( 'NONE',  ( -0.000000000000000000, 0.000000000000000000, 1.000000000000000000 ) ) ;
#2135 = EDGE_LOOP ( 'NONE', ( #2301, #1319, #2002, #3041, #8998, #7866, #1599, #3702 ) ) ;
#2136 = FACE_OUTER_BOUND ( 'NONE', #7358, .T. ) ;
#2137 = ORIENTED_EDGE ( 'NONE', *, *, #6042, .T. ) ;
#2138 = DIRECTION ( 'NONE',  ( -0.000000000000000000, -0.7071067811865474617, -0.7071067811865474617 ) ) ;
#2139 = VECTOR ( 'NONE', #3130, 1000.000000000000000 ) ;
#2140 = CARTESIAN_POINT ( 'NONE',  ( 1.919910864525443017, 0.5999999999999999778, 1.825000000000000622 ) ) ;
#2141 = ORIENTED_EDGE ( 'NONE', *, *, #2763, .F. ) ;
#2142 = EDGE_LOOP ( 'NONE', ( #1295, #4879, #2491, #1745 ) ) ;
#2143 = VECTOR ( 'NONE', #8032, 1000.000000000000000 ) ;
#2144 = EDGE_CURVE ( 'NONE', #217, #7135, #2413, .T. ) ;
#2145 = DIRECTION ( 'NONE',  ( -1.000000000000000000, -0.000000000000000000, -0.000000000000000000 ) ) ;
#2146 = ORIENTED_EDGE ( 'NONE', *, *, #2224, .F. ) ;
#2147 = CARTESIAN_POINT ( 'NONE',  ( 7.875000000000000000, 1.899999999999999689, 2.475000000000000533 ) ) ;
#2148 = CARTESIAN_POINT ( 'NONE',  ( 7.375000000000000888, 0.2500000000000000000, 2.375000000000000888 ) ) ;
#2149 = ORIENTED_EDGE ( 'NONE', *, *, #2436, .T. ) ;
#2150 = CARTESIAN_POINT ( 'NONE',  ( 1.974999999999999423, 2.899999999999999023, -0.7750000000000006883 ) ) ;
#2151 = DIRECTION ( 'NONE',  ( -1.000000000000000000, -0.000000000000000000, -0.000000000000000000 ) ) ;
#2152 = VERTEX_POINT ( 'NONE', #3140 ) ;
#2153 = AXIS2_PLACEMENT_3D ( 'NONE', #7323, #1619, #8229 ) ;
#2154 = EDGE_LOOP ( 'NONE', ( #4882, #2485, #170, #29 ) ) ;
#2155 = CARTESIAN_POINT ( 'NONE',  ( 0.5249999999999985789, 3.050000000000000266, -0.1050000000000000655 ) ) ;
#2156 = EDGE_CURVE ( 'NONE', #142, #4306, #6398, .T. ) ;
#2157 = DIRECTION ( 'NONE',  ( -1.000000000000000000, -0.000000000000000000, 0.000000000000000000 ) ) ;
#2158 = AXIS2_PLACEMENT_3D ( 'NONE', #9470, #2157, #8028 ) ;
#2159 = EDGE_CURVE ( 'NONE', #2548, #2076, #136, .T. ) ;
#2160 = ORIENTED_EDGE ( 'NONE', *, *, #4559, .T. ) ;
#2161 = VECTOR ( 'NONE', #5271, 1000.000000000000000 ) ;
#2162 = EDGE_CURVE ( 'NONE', #6994, #3650, #3456, .T. ) ;
#2163 = CARTESIAN_POINT ( 'NONE',  ( 0.2499999999999976130, 0.7699999999999888045, 0.5350000000000094680 ) ) ;
#2164 = CARTESIAN_POINT ( 'NONE',  ( 3.224999999999997424, 0.3500000000000009215, -1.374999999999999778 ) ) ;
#2165 = CARTESIAN_POINT ( 'NONE',  ( 0.5249999999999985789, 1.449999999999999956, -1.224999999999999645 ) ) ;
#2166 = AXIS2_PLACEMENT_3D ( 'NONE', #551, #2233, #2964 ) ;
#2167 = DIRECTION ( 'NONE',  ( -1.000000000000000000, -0.000000000000000000, -0.000000000000000000 ) ) ;
#2168 = VECTOR ( 'NONE', #4453, 1000.000000000000000 ) ;
#2169 = ORIENTED_EDGE ( 'NONE', *, *, #5297, .T. ) ;
#2170 = VECTOR ( 'NONE', #3592, 1000.000000000000000 ) ;
#2171 = CARTESIAN_POINT ( 'NONE',  ( 1.624999999999999334, 3.950000000000000178, 0.1750000000000000999 ) ) ;
#2172 = FACE_OUTER_BOUND ( 'NONE', #9547, .T. ) ;
#2173 = CARTESIAN_POINT ( 'NONE',  ( 3.224999999999999201, 2.899999999999999023, -0.7750000000000006883 ) ) ;
#2174 = ORIENTED_EDGE ( 'NONE', *, *, #9641, .F. ) ;
#2175 = LINE ( 'NONE', #10189, #8144 ) ;
#2176 = VERTEX_POINT ( 'NONE', #1681 ) ;
#2177 = VECTOR ( 'NONE', #2985, 1000.000000000000000 ) ;
#2178 = VECTOR ( 'NONE', #2577, 999.9999999999998863 ) ;
#2179 = EDGE_CURVE ( 'NONE', #4863, #1783, #7484, .T. ) ;
#2180 = DIRECTION ( 'NONE',  ( 0.000000000000000000, 0.000000000000000000, -1.000000000000000000 ) ) ;
#2181 = VERTEX_POINT ( 'NONE', #2619 ) ;
#2182 = VERTEX_POINT ( 'NONE', #889 ) ;
#2183 = CARTESIAN_POINT ( 'NONE',  ( 4.474999999999996980, -0.04999999999999636680, -2.375000000000000000 ) ) ;
#2184 = PLANE ( 'NONE',  #63 ) ;
#2185 = CARTESIAN_POINT ( 'NONE',  ( 7.375000000000000000, 2.899999999999999911, 0.1750000000000002387 ) ) ;
#2186 = PLANE ( 'NONE',  #8293 ) ;
#2187 = VECTOR ( 'NONE', #10285, 1000.000000000000000 ) ;
#2188 = DIRECTION ( 'NONE',  ( -1.000000000000000000, 0.000000000000000000, 1.807003620809174632E-16 ) ) ;
#2189 = EDGE_LOOP ( 'NONE', ( #1292, #9839, #2452, #8768, #3679, #1460 ) ) ;
#2190 = CARTESIAN_POINT ( 'NONE',  ( 0.7249999999999999778, 4.049999999999999822, -1.224999999999999645 ) ) ;
#2191 = ORIENTED_EDGE ( 'NONE', *, *, #2393, .F. ) ;
#2192 = DIRECTION ( 'NONE',  ( 0.000000000000000000, -1.000000000000000000, 0.000000000000000000 ) ) ;
#2193 = EDGE_CURVE ( 'NONE', #4802, #7778, #6519, .T. ) ;
#2194 = ORIENTED_EDGE ( 'NONE', *, *, #3747, .F. ) ;
#2195 = LINE ( 'NONE', #6991, #6972 ) ;
#2196 = EDGE_CURVE ( 'NONE', #10048, #372, #9790, .T. ) ;
#2197 = VECTOR ( 'NONE', #7442, 1000.000000000000000 ) ;
#2198 = VERTEX_POINT ( 'NONE', #8927 ) ;
#2199 = ORIENTED_EDGE ( 'NONE', *, *, #621, .T. ) ;
#2200 = CARTESIAN_POINT ( 'NONE',  ( -1.325000000000001510, -0.1499999999999963862, 2.324999999999999734 ) ) ;
#2201 = ORIENTED_EDGE ( 'NONE', *, *, #8225, .T. ) ;
#2202 = FACE_OUTER_BOUND ( 'NONE', #962, .T. ) ;
#2203 = EDGE_LOOP ( 'NONE', ( #1747, #2613, #1246, #2582 ) ) ;
#2204 = DIRECTION ( 'NONE',  ( 0.000000000000000000, 1.000000000000000000, 0.000000000000000000 ) ) ;
#2205 = FACE_OUTER_BOUND ( 'NONE', #867, .T. ) ;
#2206 = ORIENTED_EDGE ( 'NONE', *, *, #8562, .F. ) ;
#2207 = CARTESIAN_POINT ( 'NONE',  ( 7.875000000000000000, 0.4999999999999998890, -0.8249999999999997335 ) ) ;
#2208 = DIRECTION ( 'NONE',  ( 0.000000000000000000, -1.000000000000000000, -0.000000000000000000 ) ) ;
#2209 = ORIENTED_EDGE ( 'NONE', *, *, #5714, .F. ) ;
#2210 = DIRECTION ( 'NONE',  ( -0.000000000000000000, 0.000000000000000000, 1.000000000000000000 ) ) ;
#2211 = ORIENTED_EDGE ( 'NONE', *, *, #4169, .T. ) ;
#2212 = VECTOR ( 'NONE', #5024, 1000.000000000000000 ) ;
#2213 = DIRECTION ( 'NONE',  ( 0.000000000000000000, 0.000000000000000000, 1.000000000000000000 ) ) ;
#2214 = EDGE_CURVE ( 'NONE', #5736, #1524, #86, .T. ) ;
#2215 = ADVANCED_FACE ( 'NONE', ( #6576 ), #7384, .F. ) ;
#2216 = ORIENTED_EDGE ( 'NONE', *, *, #2929, .F. ) ;
#2217 = EDGE_CURVE ( 'NONE', #1170, #4089, #4256, .T. ) ;
#2218 = CARTESIAN_POINT ( 'NONE',  ( -4.969259957225206264E-17, 4.049999999999999822, 0.2749999999999986344 ) ) ;
#2219 = ORIENTED_EDGE ( 'NONE', *, *, #5366, .T. ) ;
#2220 = DIRECTION ( 'NONE',  ( 0.000000000000000000, 1.000000000000000000, 0.000000000000000000 ) ) ;
#2221 = DIRECTION ( 'NONE',  ( -2.358912948743652103E-16, 0.7071067811865474617, -0.7071067811865474617 ) ) ;
#2222 = PLANE ( 'NONE',  #7514 ) ;
#2223 = ORIENTED_EDGE ( 'NONE', *, *, #3667, .F. ) ;
#2224 = EDGE_CURVE ( 'NONE', #9862, #2291, #3252, .T. ) ;
#2225 = ORIENTED_EDGE ( 'NONE', *, *, #9005, .T. ) ;
#2226 = PLANE ( 'NONE',  #3654 ) ;
#2227 = DIRECTION ( 'NONE',  ( -0.000000000000000000, -0.7071067811865474617, -0.7071067811865474617 ) ) ;
#2228 = VECTOR ( 'NONE', #5156, 1000.000000000000000 ) ;
#2229 = EDGE_LOOP ( 'NONE', ( #2034, #6400, #4318, #9274 ) ) ;
#2230 = LINE ( 'NONE', #6056, #1302 ) ;
#2231 = ORIENTED_EDGE ( 'NONE', *, *, #5113, .F. ) ;
#2232 = EDGE_CURVE ( 'NONE', #709, #1693, #9843, .T. ) ;
#2233 = DIRECTION ( 'NONE',  ( -1.000000000000000000, 4.688441826964343312E-16, 0.000000000000000000 ) ) ;
#2234 = ORIENTED_EDGE ( 'NONE', *, *, #3367, .F. ) ;
#2235 = VERTEX_POINT ( 'NONE', #5649 ) ;
#2236 = DIRECTION ( 'NONE',  ( -1.000000000000000000, 0.000000000000000000, 0.000000000000000000 ) ) ;
#2237 =( GEOMETRIC_REPRESENTATION_CONTEXT ( 3 ) GLOBAL_UNCERTAINTY_ASSIGNED_CONTEXT ( ( #5032 ) ) GLOBAL_UNIT_ASSIGNED_CONTEXT ( ( #9000, #906, #5609 ) ) REPRESENTATION_CONTEXT ( 'NONE', 'WORKASPACE' ) );
#2238 = DIRECTION ( 'NONE',  ( 0.000000000000000000, -1.000000000000000000, -3.252606517456514091E-15 ) ) ;
#2239 = DIRECTION ( 'NONE',  ( 1.000000000000000000, 0.000000000000000000, 0.000000000000000000 ) ) ;
#2240 = LINE ( 'NONE', #2358, #5029 ) ;
#2241 = DIRECTION ( 'NONE',  ( 0.000000000000000000, 0.7071067811865431318, 0.7071067811865519026 ) ) ;
#2242 = ORIENTED_EDGE ( 'NONE', *, *, #8562, .T. ) ;
#2243 = DIRECTION ( 'NONE',  ( -1.000000000000000000, 0.000000000000000000, 0.000000000000000000 ) ) ;
#2244 = CARTESIAN_POINT ( 'NONE',  ( 5.724999999999997868, -0.1499999999999963862, -1.474999999999999645 ) ) ;
#2245 = ORIENTED_EDGE ( 'NONE', *, *, #7188, .T. ) ;
#2246 = DIRECTION ( 'NONE',  ( -1.000000000000000000, -0.000000000000000000, -0.000000000000000000 ) ) ;
#2247 = AXIS2_PLACEMENT_3D ( 'NONE', #2767, #9387, #3656 ) ;
#2248 = DIRECTION ( 'NONE',  ( -0.000000000000000000, -0.000000000000000000, 1.000000000000000000 ) ) ;
#2249 = LINE ( 'NONE', #5483, #857 ) ;
#2250 = ORIENTED_EDGE ( 'NONE', *, *, #5127, .F. ) ;
#2251 = VERTEX_POINT ( 'NONE', #9902 ) ;
#2252 = CARTESIAN_POINT ( 'NONE',  ( 0.000000000000000000, 4.049999999999999822, 0.4749999999999995337 ) ) ;
#2253 = ORIENTED_EDGE ( 'NONE', *, *, #6148, .T. ) ;
#2254 = CARTESIAN_POINT ( 'NONE',  ( 0.000000000000000000, 0.000000000000000000, 0.000000000000000000 ) ) ;
#2255 = LINE ( 'NONE', #4750, #3930 ) ;
#2256 = ADVANCED_FACE ( 'NONE', ( #3408 ), #8280, .F. ) ;
#2257 = VECTOR ( 'NONE', #553, 1000.000000000000000 ) ;
#2258 = ORIENTED_EDGE ( 'NONE', *, *, #973, .T. ) ;
#2259 = DIRECTION ( 'NONE',  ( 0.000000000000000000, -1.000000000000000000, -4.553649124439118623E-15 ) ) ;
#2260 = VERTEX_POINT ( 'NONE', #2570 ) ;
#2261 = DIRECTION ( 'NONE',  ( 0.000000000000000000, 0.000000000000000000, 1.000000000000000000 ) ) ;
#2262 = LINE ( 'NONE', #5495, #276 ) ;
#2263 = VECTOR ( 'NONE', #5261, 1000.000000000000000 ) ;
#2264 = EDGE_CURVE ( 'NONE', #9383, #6075, #4212, .T. ) ;
#2265 = VERTEX_POINT ( 'NONE', #35 ) ;
#2267 = EDGE_CURVE ( 'NONE', #2748, #7086, #5050, .T. ) ;
#2266 = VECTOR ( 'NONE', #5909, 1000.000000000000000 ) ;
#2268 = ORIENTED_EDGE ( 'NONE', *, *, #1947, .T. ) ;
#2269 = DIRECTION ( 'NONE',  ( 0.000000000000000000, 0.000000000000000000, -1.000000000000000000 ) ) ;
#2270 = LINE ( 'NONE', #4702, #9169 ) ;
#2271 = AXIS2_PLACEMENT_3D ( 'NONE', #7487, #6630, #3554 ) ;
#2272 = VERTEX_POINT ( 'NONE', #2463 ) ;
#2273 = DIRECTION ( 'NONE',  ( 1.000000000000000000, 0.000000000000000000, 0.000000000000000000 ) ) ;
#2274 = ORIENTED_EDGE ( 'NONE', *, *, #8021, .F. ) ;
#2275 = CARTESIAN_POINT ( 'NONE',  ( 4.124999999999999112, 1.199999999999999734, 0.1750000000000000999 ) ) ;
#2276 = VECTOR ( 'NONE', #5999, 1000.000000000000000 ) ;
#2277 = DIRECTION ( 'NONE',  ( 0.000000000000000000, 1.000000000000000000, 0.000000000000000000 ) ) ;
#2278 = VECTOR ( 'NONE', #10479, 1000.000000000000000 ) ;
#2279 = CARTESIAN_POINT ( 'NONE',  ( -1.025000000000001688, 0.2500000000000000000, 2.475000000000000089 ) ) ;
#2280 = EDGE_LOOP ( 'NONE', ( #6968, #4816, #2141, #2231, #2268, #4583 ) ) ;
#2281 = COLOUR_RGB ( '',0.7960784313725489669, 0.8235294117647058432, 0.9372549019607843146 ) ;
#2282 = ORIENTED_EDGE ( 'NONE', *, *, #9653, .F. ) ;
#2283 = VECTOR ( 'NONE', #6936, 1000.000000000000114 ) ;
#2284 = LINE ( 'NONE', #5692, #4531 ) ;
#2285 = CARTESIAN_POINT ( 'NONE',  ( 0.7249999999999973133, 1.577500000000001235, -1.577499999999999902 ) ) ;
#2286 = EDGE_CURVE ( 'NONE', #2888, #9495, #1732, .T. ) ;
#2287 = EDGE_LOOP ( 'NONE', ( #447, #330, #3967, #1479 ) ) ;
#2288 = DIRECTION ( 'NONE',  ( 0.000000000000000000, 0.000000000000000000, -1.000000000000000000 ) ) ;
#2289 = ORIENTED_EDGE ( 'NONE', *, *, #3987, .F. ) ;
#2290 = DIRECTION ( 'NONE',  ( 1.000000000000000000, 0.000000000000000000, -0.000000000000000000 ) ) ;
#2291 = VERTEX_POINT ( 'NONE', #8233 ) ;
#2292 = EDGE_CURVE ( 'NONE', #9788, #6321, #9087, .T. ) ;
#2293 = VERTEX_POINT ( 'NONE', #6679 ) ;
#2294 = DIRECTION ( 'NONE',  ( 0.000000000000000000, 0.000000000000000000, 1.000000000000000000 ) ) ;
#2295 =( LENGTH_UNIT ( ) NAMED_UNIT ( * ) SI_UNIT ( .MILLI., .METRE. ) );
#2296 = CARTESIAN_POINT ( 'NONE',  ( 3.024999999999998579, 1.449999999999999956, -1.224999999999999645 ) ) ;
#2297 = CARTESIAN_POINT ( 'NONE',  ( 5.281793621149187601, 1.449999999999999956, -0.02500000000000060854 ) ) ;
#2298 = DIRECTION ( 'NONE',  ( 0.000000000000000000, 0.000000000000000000, -1.000000000000000000 ) ) ;
#2299 = ORIENTED_EDGE ( 'NONE', *, *, #9069, .T. ) ;
#2300 = LINE ( 'NONE', #9041, #9784 ) ;
#2301 = ORIENTED_EDGE ( 'NONE', *, *, #4520, .F. ) ;
#2302 = CARTESIAN_POINT ( 'NONE',  ( 0.5249999999999976907, 0.5000000000000022204, -1.324999999999999734 ) ) ;
#2303 = CARTESIAN_POINT ( 'NONE',  ( 14.12499999999999822, 1.999999999999999112, 2.475000000000000089 ) ) ;
#2304 = LINE ( 'NONE', #7160, #179 ) ;
#2305 = DIRECTION ( 'NONE',  ( -1.000000000000000000, 0.000000000000000000, 0.000000000000000000 ) ) ;
#2306 = ORIENTED_EDGE ( 'NONE', *, *, #6674, .F. ) ;
#2307 = ORIENTED_EDGE ( 'NONE', *, *, #6774, .T. ) ;
#2308 = CARTESIAN_POINT ( 'NONE',  ( -8.125000000000000000, 4.000000000000000000, -1.224999999999999645 ) ) ;
#2309 = ORIENTED_EDGE ( 'NONE', *, *, #87, .F. ) ;
#2310 = CARTESIAN_POINT ( 'NONE',  ( 3.024999999999998579, 3.449999999999999289, 0.2949999999999999289 ) ) ;
#2311 = CARTESIAN_POINT ( 'NONE',  ( 7.774999999999999467, 4.049999999999999822, 1.675000000000000266 ) ) ;
#2312 = ORIENTED_EDGE ( 'NONE', *, *, #10225, .F. ) ;
#2313 = DIRECTION ( 'NONE',  ( -1.000000000000000000, 0.000000000000000000, -0.000000000000000000 ) ) ;
#2314 = CARTESIAN_POINT ( 'NONE',  ( 4.274999999999998579, 1.449999999999999956, 0.3750000000000000000 ) ) ;
#2315 = ORIENTED_EDGE ( 'NONE', *, *, #1013, .T. ) ;
#2316 = DIRECTION ( 'NONE',  ( 1.000000000000000000, 0.000000000000000000, -0.000000000000000000 ) ) ;
#2317 = DIRECTION ( 'NONE',  ( 0.000000000000000000, -1.000000000000000000, -2.456395547037470490E-16 ) ) ;
#2318 = EDGE_LOOP ( 'NONE', ( #3616, #2211, #3901, #7638, #4478, #615 ) ) ;
#2319 = LINE ( 'NONE', #10438, #2702 ) ;
#2320 = VECTOR ( 'NONE', #7834, 1000.000000000000000 ) ;
#2321 = ADVANCED_FACE ( 'NONE', ( #9952 ), #9136, .F. ) ;
#2322 = CARTESIAN_POINT ( 'NONE',  ( 0.5250000000000002442, 4.000000000000000000, -1.224999999999999645 ) ) ;
#2323 = ORIENTED_EDGE ( 'NONE', *, *, #1367, .T. ) ;
#2324 = DIRECTION ( 'NONE',  ( -1.000000000000000000, -0.000000000000000000, -0.000000000000000000 ) ) ;
#2325 = VECTOR ( 'NONE', #7872, 1000.000000000000000 ) ;
#2326 = DIRECTION ( 'NONE',  ( 1.000000000000000000, -3.336006684570783101E-16, 0.000000000000000000 ) ) ;
#2327 = FACE_OUTER_BOUND ( 'NONE', #3870, .T. ) ;
#2328 = AXIS2_PLACEMENT_3D ( 'NONE', #4081, #9640, #1705 ) ;
#2329 = ORIENTED_EDGE ( 'NONE', *, *, #5792, .T. ) ;
#2330 = ORIENTED_EDGE ( 'NONE', *, *, #10226, .T. ) ;
#2331 = FACE_OUTER_BOUND ( 'NONE', #5976, .T. ) ;
#2332 = FACE_OUTER_BOUND ( 'NONE', #6534, .T. ) ;
#2333 = PRESENTATION_LAYER_ASSIGNMENT (  '', '', ( #1147 ) ) ;
#2334 = LINE ( 'NONE', #3179, #5785 ) ;
#2335 = ORIENTED_EDGE ( 'NONE', *, *, #6608, .F. ) ;
#2336 = VECTOR ( 'NONE', #616, 1000.000000000000000 ) ;
#2337 = UNCERTAINTY_MEASURE_WITH_UNIT (LENGTH_MEASURE( 1.000000000000000082E-05 ), #3431, 'distance_accuracy_value', 'NONE');
#2338 = EDGE_CURVE ( 'NONE', #7828, #6509, #1870, .T. ) ;
#2339 = VERTEX_POINT ( 'NONE', #7579 ) ;
#2340 = CARTESIAN_POINT ( 'NONE',  ( 4.624999999999998224, 1.199999999999999734, 0.1750000000000000999 ) ) ;
#2341 = VECTOR ( 'NONE', #10236, 1000.000000000000000 ) ;
#2342 = DIRECTION ( 'NONE',  ( 0.000000000000000000, 0.000000000000000000, 1.000000000000000000 ) ) ;
#2343 = PLANE ( 'NONE',  #2946 ) ;
#2344 = VERTEX_POINT ( 'NONE', #6778 ) ;
#2345 = LINE ( 'NONE', #6330, #6761 ) ;
#2346 = ORIENTED_EDGE ( 'NONE', *, *, #5267, .T. ) ;
#2347 = EDGE_CURVE ( 'NONE', #8538, #7694, #8379, .T. ) ;
#2348 = VECTOR ( 'NONE', #5641, 1000.000000000000114 ) ;
#2349 = EDGE_CURVE ( 'NONE', #842, #9906, #5906, .T. ) ;
#2350 = DIRECTION ( 'NONE',  ( -0.000000000000000000, 0.000000000000000000, 1.000000000000000000 ) ) ;
#2351 = EDGE_LOOP ( 'NONE', ( #6987, #5586, #7298, #2219, #8952, #9744 ) ) ;
#2352 = DIRECTION ( 'NONE',  ( 0.000000000000000000, 0.000000000000000000, -1.000000000000000000 ) ) ;
#2353 = VERTEX_POINT ( 'NONE', #571 ) ;
#2354 = DIRECTION ( 'NONE',  ( 0.000000000000000000, 0.000000000000000000, 1.000000000000000000 ) ) ;
#2355 = DIRECTION ( 'NONE',  ( 0.000000000000000000, 0.000000000000000000, 1.000000000000000000 ) ) ;
#2356 = ADVANCED_FACE ( 'NONE', ( #10429 ), #1410, .F. ) ;
#2357 = DIRECTION ( 'NONE',  ( 0.000000000000000000, 0.000000000000000000, 1.000000000000000000 ) ) ;
#2358 = CARTESIAN_POINT ( 'NONE',  ( -1.125000000000000888, 3.399999999999999911, -0.3249999999999997891 ) ) ;
#2359 = CARTESIAN_POINT ( 'NONE',  ( 7.875000000000000000, 0.6499999999999999112, -1.574999999999999512 ) ) ;
#2360 = VERTEX_POINT ( 'NONE', #3898 ) ;
#2361 = CARTESIAN_POINT ( 'NONE',  ( 5.374999999999999112, 4.049999999999999822, 0.4749999999999995337 ) ) ;
#2362 = PLANE ( 'NONE',  #95 ) ;
#2363 = VECTOR ( 'NONE', #5443, 1000.000000000000227 ) ;
#2364 = ORIENTED_EDGE ( 'NONE', *, *, #758, .F. ) ;
#2365 = FACE_OUTER_BOUND ( 'NONE', #7594, .T. ) ;
#2366 = EDGE_LOOP ( 'NONE', ( #2932, #1578, #10373, #8235, #1834 ) ) ;
#2367 = CARTESIAN_POINT ( 'NONE',  ( 4.274999999999999467, 2.574999999999999734, -1.200000000000000178 ) ) ;
#2368 = EDGE_CURVE ( 'NONE', #3465, #1382, #7904, .T. ) ;
#2369 = CARTESIAN_POINT ( 'NONE',  ( -0.1250000000000018319, 3.950000000000000178, 0.8749999999999996669 ) ) ;
#2370 = EDGE_LOOP ( 'NONE', ( #3722, #4170, #7516, #3726 ) ) ;
#2371 = ORIENTED_EDGE ( 'NONE', *, *, #2052, .T. ) ;
#2372 = FACE_OUTER_BOUND ( 'NONE', #2135, .T. ) ;
#2373 = AXIS2_PLACEMENT_3D ( 'NONE', #1863, #9990, #6769 ) ;
#2374 = EDGE_LOOP ( 'NONE', ( #3944, #7903, #9777, #6772 ) ) ;
#2375 = DIRECTION ( 'NONE',  ( -0.000000000000000000, 0.7071067811865474617, 0.7071067811865474617 ) ) ;
#2376 = FACE_OUTER_BOUND ( 'NONE', #5080, .T. ) ;
#2377 = DIRECTION ( 'NONE',  ( -0.000000000000000000, 0.000000000000000000, 1.000000000000000000 ) ) ;
#2378 = LINE ( 'NONE', #3050, #9121 ) ;
#2379 = ORIENTED_EDGE ( 'NONE', *, *, #8519, .T. ) ;
#2380 = LINE ( 'NONE', #4076, #5396 ) ;
#2381 = EDGE_CURVE ( 'NONE', #459, #6893, #3045, .T. ) ;
#2382 = VECTOR ( 'NONE', #4602, 1000.000000000000000 ) ;
#2383 = ORIENTED_EDGE ( 'NONE', *, *, #7070, .F. ) ;
#2384 = DIRECTION ( 'NONE',  ( 1.000000000000000000, 0.000000000000000000, 0.000000000000000000 ) ) ;
#2385 = DIRECTION ( 'NONE',  ( 0.000000000000000000, -3.336006684570783101E-16, 1.000000000000000000 ) ) ;
#2386 = VECTOR ( 'NONE', #3377, 1000.000000000000000 ) ;
#2387 = DIRECTION ( 'NONE',  ( 1.000000000000000000, 0.000000000000000000, -0.000000000000000000 ) ) ;
#2388 = VECTOR ( 'NONE', #6481, 1000.000000000000000 ) ;
#2389 = EDGE_LOOP ( 'NONE', ( #10367, #9954, #9894, #10211 ) ) ;
#2390 = VERTEX_POINT ( 'NONE', #3836 ) ;
#2391 = CARTESIAN_POINT ( 'NONE',  ( 6.875000000000000888, -6.123233995736742617E-17, 2.475000000000000089 ) ) ;
#2392 = CARTESIAN_POINT ( 'NONE',  ( 1.774999999999999245, 1.449999999999999956, -1.224999999999999645 ) ) ;
#2393 = EDGE_CURVE ( 'NONE', #6176, #9530, #794, .T. ) ;
#2394 = DIRECTION ( 'NONE',  ( -1.000000000000000000, 0.000000000000000000, -1.807003620809174632E-16 ) ) ;
#2395 = ORIENTED_EDGE ( 'NONE', *, *, #3202, .T. ) ;
#2396 = AXIS2_PLACEMENT_3D ( 'NONE', #1602, #4827, #8367 ) ;
#2397 = VERTEX_POINT ( 'NONE', #8827 ) ;
#2398 = DIRECTION ( 'NONE',  ( -1.000000000000000000, 0.000000000000000000, 0.000000000000000000 ) ) ;
#2399 = EDGE_CURVE ( 'NONE', #5629, #3810, #6356, .T. ) ;
#2400 = LINE ( 'NONE', #8914, #9844 ) ;
#2401 = DIRECTION ( 'NONE',  ( 0.000000000000000000, 0.000000000000000000, 1.000000000000000000 ) ) ;
#2402 = EDGE_CURVE ( 'NONE', #8684, #5505, #9627, .T. ) ;
#2403 = VERTEX_POINT ( 'NONE', #687 ) ;
#2404 = CARTESIAN_POINT ( 'NONE',  ( 4.624999999999998224, 4.049999999999999822, 0.4749999999999995337 ) ) ;
#2405 = EDGE_CURVE ( 'NONE', #8302, #8980, #1580, .T. ) ;
#2406 = VERTEX_POINT ( 'NONE', #7109 ) ;
#2407 = FACE_OUTER_BOUND ( 'NONE', #1875, .T. ) ;
#2408 = ORIENTED_EDGE ( 'NONE', *, *, #3583, .T. ) ;
#2409 = LINE ( 'NONE', #5645, #825 ) ;
#2410 = ORIENTED_EDGE ( 'NONE', *, *, #7470, .T. ) ;
#2411 = CARTESIAN_POINT ( 'NONE',  ( 7.375000000000000000, 3.399999999999999911, -1.174999999999999822 ) ) ;
#2412 = VECTOR ( 'NONE', #8982, 1000.000000000000114 ) ;
#2413 = LINE ( 'NONE', #7941, #4423 ) ;
#2414 = DIRECTION ( 'NONE',  ( 1.000000000000000000, 0.000000000000000000, 0.000000000000000000 ) ) ;
#2415 = LINE ( 'NONE', #1505, #4980 ) ;
#2416 = DIRECTION ( 'NONE',  ( 0.000000000000000000, -0.000000000000000000, -1.000000000000000000 ) ) ;
#2417 = LINE ( 'NONE', #4057, #3784 ) ;
#2418 = ORIENTED_EDGE ( 'NONE', *, *, #7431, .F. ) ;
#2419 = LINE ( 'NONE', #677, #8861 ) ;
#2420 = VERTEX_POINT ( 'NONE', #6296 ) ;
#2421 = PLANE ( 'NONE',  #1173 ) ;
#2422 = VECTOR ( 'NONE', #3630, 1000.000000000000000 ) ;
#2423 = ORIENTED_EDGE ( 'NONE', *, *, #10237, .T. ) ;
#2424 = CARTESIAN_POINT ( 'NONE',  ( 7.375000000000000000, 0.000000000000000000, 0.000000000000000000 ) ) ;
#2425 = ORIENTED_EDGE ( 'NONE', *, *, #10526, .F. ) ;
#2426 = DIRECTION ( 'NONE',  ( 1.000000000000000000, 0.000000000000000000, 0.000000000000000000 ) ) ;
#2427 = LINE ( 'NONE', #6298, #5453 ) ;
#2428 = CARTESIAN_POINT ( 'NONE',  ( 2.124999999999997780, 1.449999999999999956, 0.3750000000000000000 ) ) ;
#2429 = ORIENTED_EDGE ( 'NONE', *, *, #647, .F. ) ;
#2430 = PLANE ( 'NONE',  #1872 ) ;
#2431 = DIRECTION ( 'NONE',  ( -1.000000000000000000, 0.000000000000000000, -1.807003620809174632E-16 ) ) ;
#2432 = VECTOR ( 'NONE', #1054, 1000.000000000000000 ) ;
#2433 = ORIENTED_EDGE ( 'NONE', *, *, #9020, .T. ) ;
#2434 = CARTESIAN_POINT ( 'NONE',  ( 4.274999999999999467, 3.950000000000000178, 0.3750000000000000000 ) ) ;
#2435 = EDGE_CURVE ( 'NONE', #4753, #5799, #5548, .T. ) ;
#2436 = EDGE_CURVE ( 'NONE', #1802, #4019, #2255, .T. ) ;
#2437 = CARTESIAN_POINT ( 'NONE',  ( 13.12499999999999822, -13.83708784390703705, 0.3750000000000001110 ) ) ;
#2438 = LINE ( 'NONE', #8092, #1478 ) ;
#2439 = LINE ( 'NONE', #4870, #4982 ) ;
#2440 = CARTESIAN_POINT ( 'NONE',  ( 0.5249999999999985789, 1.449999999999999956, -0.02500000000000060854 ) ) ;
#2441 = ORIENTED_EDGE ( 'NONE', *, *, #7049, .F. ) ;
#2442 = ORIENTED_EDGE ( 'NONE', *, *, #528, .F. ) ;
#2443 = LINE ( 'NONE', #5685, #1245 ) ;
#2444 = DIRECTION ( 'NONE',  ( -0.000000000000000000, 0.000000000000000000, 1.000000000000000000 ) ) ;
#2445 = ORIENTED_EDGE ( 'NONE', *, *, #1814, .F. ) ;
#2446 = VECTOR ( 'NONE', #9955, 1000.000000000000000 ) ;
#2447 = ORIENTED_EDGE ( 'NONE', *, *, #8967, .T. ) ;
#2448 = VECTOR ( 'NONE', #3086, 1000.000000000000000 ) ;
#2449 = VECTOR ( 'NONE', #9452, 1000.000000000000000 ) ;
#2450 = CARTESIAN_POINT ( 'NONE',  ( 1.625000000000000666, 2.250000000000000000, 1.075000000000000400 ) ) ;
#2451 =( NAMED_UNIT ( * ) PLANE_ANGLE_UNIT ( ) SI_UNIT ( $, .RADIAN. ) );
#2452 = ORIENTED_EDGE ( 'NONE', *, *, #4489, .T. ) ;
#2453 = CARTESIAN_POINT ( 'NONE',  ( 7.875000000000000000, 1.800000000000000044, -1.175000000000000044 ) ) ;
#2454 = ORIENTED_EDGE ( 'NONE', *, *, #670, .T. ) ;
#2455 = VECTOR ( 'NONE', #2067, 1000.000000000000000 ) ;
#2456 = EDGE_CURVE ( 'NONE', #7256, #3570, #8015, .T. ) ;
#2457 = VECTOR ( 'NONE', #157, 1000.000000000000000 ) ;
#2458 = CARTESIAN_POINT ( 'NONE',  ( 1.974999999999997646, 0.1792893218813486345, -1.745710678118654435 ) ) ;
#2459 = ORIENTED_EDGE ( 'NONE', *, *, #6891, .T. ) ;
#2460 = LINE ( 'NONE', #8171, #4205 ) ;
#2461 = ORIENTED_EDGE ( 'NONE', *, *, #8357, .F. ) ;
#2462 = FACE_OUTER_BOUND ( 'NONE', #9033, .T. ) ;
#2463 = CARTESIAN_POINT ( 'NONE',  ( 0.7249999999999999778, 4.000000000000000000, -1.224999999999999645 ) ) ;
#2464 = DIRECTION ( 'NONE',  ( -1.000000000000000000, 0.000000000000000000, 0.000000000000000000 ) ) ;
#2465 = LINE ( 'NONE', #2359, #8570 ) ;
#2466 = VERTEX_POINT ( 'NONE', #7224 ) ;
#2467 = LINE ( 'NONE', #4796, #763 ) ;
#2468 = DIRECTION ( 'NONE',  ( 0.000000000000000000, -0.000000000000000000, 1.000000000000000000 ) ) ;
#2469 = VERTEX_POINT ( 'NONE', #10487 ) ;
#2470 = DIRECTION ( 'NONE',  ( 0.000000000000000000, -5.251604272976699968E-15, 1.000000000000000000 ) ) ;
#2471 = ORIENTED_EDGE ( 'NONE', *, *, #526, .F. ) ;
#2472 = DIRECTION ( 'NONE',  ( -0.000000000000000000, 0.3713906763541011125, 0.9284766908852604139 ) ) ;
#2473 = CARTESIAN_POINT ( 'NONE',  ( 1.974999999999998090, 3.950000000000000178, 0.3750000000000000000 ) ) ;
#2474 = ORIENTED_EDGE ( 'NONE', *, *, #7996, .T. ) ;
#2475 = EDGE_CURVE ( 'NONE', #3046, #3265, #7846, .T. ) ;
#2476 = DIRECTION ( 'NONE',  ( 1.000000000000000000, 0.000000000000000000, 0.000000000000000000 ) ) ;
#2477 = ORIENTED_EDGE ( 'NONE', *, *, #7300, .T. ) ;
#2478 = LINE ( 'NONE', #4069, #1194 ) ;
#2479 = PLANE ( 'NONE',  #8042 ) ;
#2480 = ORIENTED_EDGE ( 'NONE', *, *, #6915, .T. ) ;
#2481 = CARTESIAN_POINT ( 'NONE',  ( 2.781793621149188045, 6.140988867593913192E-18, -0.02500000000000096242 ) ) ;
#2482 = CARTESIAN_POINT ( 'NONE',  ( -0.1250000000000018319, 3.950000000000000178, 0.8749999999999996669 ) ) ;
#2483 = CARTESIAN_POINT ( 'NONE',  ( 0.7249999999999999778, 1.449999999999999956, 0.1750000000000000722 ) ) ;
#2484 = DIRECTION ( 'NONE',  ( -1.277744513902812275E-16, 0.7071067811865474617, -0.7071067811865475727 ) ) ;
#2485 = ORIENTED_EDGE ( 'NONE', *, *, #1665, .F. ) ;
#2486 = FACE_OUTER_BOUND ( 'NONE', #3233, .T. ) ;
#2487 = ADVANCED_FACE ( 'NONE', ( #2202 ), #10544, .F. ) ;
#2488 =( NAMED_UNIT ( * ) SI_UNIT ( $, .STERADIAN. ) SOLID_ANGLE_UNIT ( ) );
#2489 = CARTESIAN_POINT ( 'NONE',  ( 1.625000000000000666, 2.649999999999998135, 1.075000000000000400 ) ) ;
#2490 = DIRECTION ( 'NONE',  ( -0.000000000000000000, 0.7071067811865545671, -0.7071067811865405783 ) ) ;
#2491 = ORIENTED_EDGE ( 'NONE', *, *, #10154, .F. ) ;
#2492 = ADVANCED_FACE ( 'NONE', ( #8887 ), #8078, .F. ) ;
#2493 = VECTOR ( 'NONE', #10306, 1000.000000000000000 ) ;
#2494 = DIRECTION ( 'NONE',  ( -1.084202172485505297E-16, 1.000000000000000000, 0.000000000000000000 ) ) ;
#2495 = DIRECTION ( 'NONE',  ( 1.000000000000000000, 0.000000000000000000, 0.000000000000000000 ) ) ;
#2496 = LINE ( 'NONE', #8849, #201 ) ;
#2497 = ORIENTED_EDGE ( 'NONE', *, *, #2793, .F. ) ;
#2498 = EDGE_CURVE ( 'NONE', #6292, #1483, #5429, .T. ) ;
#2499 = VECTOR ( 'NONE', #1075, 1000.000000000000000 ) ;
#2500 = ORIENTED_EDGE ( 'NONE', *, *, #6112, .F. ) ;
#2501 = AXIS2_PLACEMENT_3D ( 'NONE', #7478, #1813, #5850 ) ;
#2502 = CARTESIAN_POINT ( 'NONE',  ( 0.2499999999999976130, 0.000000000000000000, 0.6750000000000004885 ) ) ;
#2503 = AXIS2_PLACEMENT_3D ( 'NONE', #1208, #282, #6816 ) ;
#2504 = CARTESIAN_POINT ( 'NONE',  ( 5.724999999999997868, 6.140988867593913192E-18, -0.02500000000000096242 ) ) ;
#2505 = VERTEX_POINT ( 'NONE', #6535 ) ;
#2506 = PLANE ( 'NONE',  #643 ) ;
#2507 = AXIS2_PLACEMENT_3D ( 'NONE', #10057, #7637, #8393 ) ;
#2508 = ORIENTED_EDGE ( 'NONE', *, *, #2681, .F. ) ;
#2509 = AXIS2_PLACEMENT_3D ( 'NONE', #9643, #3971, #2387 ) ;
#2510 = DIRECTION ( 'NONE',  ( 0.000000000000000000, 0.000000000000000000, 1.000000000000000000 ) ) ;
#2511 = ORIENTED_EDGE ( 'NONE', *, *, #7249, .F. ) ;
#2512 = AXIS2_PLACEMENT_3D ( 'NONE', #9377, #2012, #1274 ) ;
#2513 = FACE_OUTER_BOUND ( 'NONE', #3755, .T. ) ;
#2514 = ORIENTED_EDGE ( 'NONE', *, *, #4451, .F. ) ;
#2515 = CARTESIAN_POINT ( 'NONE',  ( 7.575000000000000178, -0.1499999999999963862, 2.324999999999999734 ) ) ;
#2516 = AXIS2_PLACEMENT_3D ( 'NONE', #6026, #9353, #418 ) ;
#2517 = DIRECTION ( 'NONE',  ( 0.000000000000000000, -1.000000000000000000, 2.710505431213761393E-17 ) ) ;
#2518 = DIRECTION ( 'NONE',  ( -0.000000000000000000, -0.000000000000000000, 1.000000000000000000 ) ) ;
#2519 = CARTESIAN_POINT ( 'NONE',  ( -1.625000000000001332, 4.049999999999999822, 0.1750000000000002387 ) ) ;
#2520 = ORIENTED_EDGE ( 'NONE', *, *, #5113, .T. ) ;
#2521 = CARTESIAN_POINT ( 'NONE',  ( -0.6250000000000023315, 0.2499999999999999445, 0.2250000000000008105 ) ) ;
#2522 = DIRECTION ( 'NONE',  ( 0.000000000000000000, -1.000000000000000000, 0.000000000000000000 ) ) ;
#2523 = ORIENTED_EDGE ( 'NONE', *, *, #810, .F. ) ;
#2524 = CARTESIAN_POINT ( 'NONE',  ( 4.474999999999997868, 1.449999999999999956, -0.7749999999999999112 ) ) ;
#2525 = EDGE_CURVE ( 'NONE', #2813, #3467, #7550, .T. ) ;
#2526 = AXIS2_PLACEMENT_3D ( 'NONE', #5585, #3990, #9605 ) ;
#2527 = VERTEX_POINT ( 'NONE', #8347 ) ;
#2528 = CARTESIAN_POINT ( 'NONE',  ( 0.7249999999999999778, 1.449999999999999956, 0.1750000000000000722 ) ) ;
#2529 = DIRECTION ( 'NONE',  ( 0.000000000000000000, 0.000000000000000000, -1.000000000000000000 ) ) ;
#2530 = DIRECTION ( 'NONE',  ( -1.000000000000000000, 0.000000000000000000, 0.000000000000000000 ) ) ;
#2531 = EDGE_LOOP ( 'NONE', ( #8745, #7549, #5927, #7368, #10451, #1486 ) ) ;
#2532 = DIRECTION ( 'NONE',  ( 1.000000000000000000, 0.000000000000000000, 0.000000000000000000 ) ) ;
#2533 = DIRECTION ( 'NONE',  ( 0.000000000000000000, 0.000000000000000000, 1.000000000000000000 ) ) ;
#2534 = DIRECTION ( 'NONE',  ( 1.000000000000000000, 0.000000000000000000, 0.000000000000000000 ) ) ;
#2535 = AXIS2_PLACEMENT_3D ( 'NONE', #3115, #4396, #3056 ) ;
#2536 = CARTESIAN_POINT ( 'NONE',  ( 7.875000000000000000, 4.049999999999999822, 2.475000000000000089 ) ) ;
#2537 = VERTEX_POINT ( 'NONE', #8297 ) ;
#2538 = DIRECTION ( 'NONE',  ( 1.000000000000000000, 0.000000000000000000, 1.807003620809174632E-16 ) ) ;
#2539 = CARTESIAN_POINT ( 'NONE',  ( 1.974999999999998090, 4.049999999999999822, 0.2749999999999994671 ) ) ;
#2540 = ADVANCED_FACE ( 'NONE', ( #7501 ), #6591, .F. ) ;
#2541 = ORIENTED_EDGE ( 'NONE', *, *, #1999, .T. ) ;
#2542 = LINE ( 'NONE', #6597, #10058 ) ;
#2543 = EDGE_CURVE ( 'NONE', #7905, #8672, #9052, .T. ) ;
#2544 = VECTOR ( 'NONE', #3720, 1000.000000000000000 ) ;
#2545 = VECTOR ( 'NONE', #7477, 1000.000000000000000 ) ;
#2546 = LINE ( 'NONE', #113, #5900 ) ;
#2547 = LINE ( 'NONE', #7297, #8837 ) ;
#2548 = VERTEX_POINT ( 'NONE', #152 ) ;
#2549 = CARTESIAN_POINT ( 'NONE',  ( 0.5249999999999976907, 0.2500000000000037748, -1.816421356237308826 ) ) ;
#2550 = DIRECTION ( 'NONE',  ( -1.000000000000000000, 0.000000000000000000, -0.000000000000000000 ) ) ;
#2551 = PLANE ( 'NONE',  #8036 ) ;
#2552 = ORIENTED_EDGE ( 'NONE', *, *, #1877, .T. ) ;
#2553 = EDGE_CURVE ( 'NONE', #1783, #10433, #8946, .T. ) ;
#2554 = AXIS2_PLACEMENT_3D ( 'NONE', #3731, #7756, #6141 ) ;
#2555 = DIRECTION ( 'NONE',  ( 1.000000000000000000, 0.000000000000000000, 0.000000000000000000 ) ) ;
#2556 = EDGE_CURVE ( 'NONE', #82, #7719, #103, .T. ) ;
#2557 = ORIENTED_EDGE ( 'NONE', *, *, #5516, .T. ) ;
#2558 = VECTOR ( 'NONE', #4740, 1000.000000000000000 ) ;
#2559 = ORIENTED_EDGE ( 'NONE', *, *, #9921, .T. ) ;
#2560 = CARTESIAN_POINT ( 'NONE',  ( -1.325000000000001510, 1.899999999999999689, 2.475000000000000533 ) ) ;
#2561 = CARTESIAN_POINT ( 'NONE',  ( 4.624999999999998224, 1.199999999999999734, 0.1750000000000000999 ) ) ;
#2562 = ORIENTED_EDGE ( 'NONE', *, *, #7860, .T. ) ;
#2563 = DIRECTION ( 'NONE',  ( 1.807003620809174632E-16, 0.000000000000000000, -1.000000000000000000 ) ) ;
#2564 = VECTOR ( 'NONE', #9537, 1000.000000000000000 ) ;
#2565 = ORIENTED_EDGE ( 'NONE', *, *, #10384, .T. ) ;
#2566 = LINE ( 'NONE', #7481, #7296 ) ;
#2567 = ORIENTED_EDGE ( 'NONE', *, *, #6102, .T. ) ;
#2568 = LINE ( 'NONE', #9727, #7279 ) ;
#2569 = DIRECTION ( 'NONE',  ( 0.000000000000000000, -1.000000000000000000, 0.000000000000000000 ) ) ;
#2570 = CARTESIAN_POINT ( 'NONE',  ( 0.7249999999999973133, 1.449999999999999956, -0.02500000000000060854 ) ) ;
#2571 = CARTESIAN_POINT ( 'NONE',  ( 5.724999999999997868, 0.1000000000000020872, -1.224999999999998312 ) ) ;
#2572 = ORIENTED_EDGE ( 'NONE', *, *, #336, .F. ) ;
#2573 = CARTESIAN_POINT ( 'NONE',  ( -0.6250000000000023315, -6.123233995736742617E-17, 2.475000000000000089 ) ) ;
#2574 = ORIENTED_EDGE ( 'NONE', *, *, #9723, .F. ) ;
#2575 = LINE ( 'NONE', #5097, #24 ) ;
#2576 = EDGE_LOOP ( 'NONE', ( #4401, #1565, #3418, #808 ) ) ;
#2577 = DIRECTION ( 'NONE',  ( 0.5773502691896257311, 0.5773502691896257311, 0.5773502691896257311 ) ) ;
#2578 = FACE_BOUND ( 'NONE', #8660, .T. ) ;
#2579 = VECTOR ( 'NONE', #1748, 1000.000000000000000 ) ;
#2580 = ORIENTED_EDGE ( 'NONE', *, *, #9985, .F. ) ;
#2581 = DIRECTION ( 'NONE',  ( -0.000000000000000000, -0.000000000000000000, 1.000000000000000000 ) ) ;
#2582 = ORIENTED_EDGE ( 'NONE', *, *, #3290, .F. ) ;
#2583 = LINE ( 'NONE', #3268, #2751 ) ;
#2584 = ORIENTED_EDGE ( 'NONE', *, *, #7300, .F. ) ;
#2585 = FACE_OUTER_BOUND ( 'NONE', #9584, .T. ) ;
#2586 = LINE ( 'NONE', #1793, #4265 ) ;
#2587 = DIRECTION ( 'NONE',  ( 0.000000000000000000, -1.000000000000000000, 8.642948658383689284E-16 ) ) ;
#2588 = CARTESIAN_POINT ( 'NONE',  ( 7.375000000000000888, 0.2500000000000000000, 2.475000000000000089 ) ) ;
#2589 = VERTEX_POINT ( 'NONE', #848 ) ;
#2590 = CARTESIAN_POINT ( 'NONE',  ( 4.474999999999996980, 1.199999999999999734, 0.1750000000000000722 ) ) ;
#2591 = CARTESIAN_POINT ( 'NONE',  ( 0.2499999999999976130, 0.000000000000000000, 2.075000000000000622 ) ) ;
#2592 = PLANE ( 'NONE',  #1323 ) ;
#2593 = LINE ( 'NONE', #4867, #1509 ) ;
#2594 = VECTOR ( 'NONE', #5964, 1000.000000000000000 ) ;
#2595 = ORIENTED_EDGE ( 'NONE', *, *, #10175, .F. ) ;
#2596 = EDGE_CURVE ( 'NONE', #766, #8646, #5721, .T. ) ;
#2597 = EDGE_CURVE ( 'NONE', #1440, #9830, #3319, .T. ) ;
#2598 = DIRECTION ( 'NONE',  ( -0.000000000000000000, -1.000000000000000000, -0.000000000000000000 ) ) ;
#2599 = PRESENTATION_LAYER_ASSIGNMENT (  '', '', ( #3081 ) ) ;
#2600 = ORIENTED_EDGE ( 'NONE', *, *, #7182, .F. ) ;
#2601 = DIRECTION ( 'NONE',  ( -0.000000000000000000, -0.000000000000000000, -1.000000000000000000 ) ) ;
#2602 = UNCERTAINTY_MEASURE_WITH_UNIT (LENGTH_MEASURE( 1.000000000000000082E-05 ), #2609, 'distance_accuracy_value', 'NONE');
#2603 = ORIENTED_EDGE ( 'NONE', *, *, #5642, .F. ) ;
#2604 = ADVANCED_FACE ( 'NONE', ( #1837 ), #9864, .F. ) ;
#2605 = ORIENTED_EDGE ( 'NONE', *, *, #1762, .F. ) ;
#2606 = EDGE_CURVE ( 'NONE', #8341, #7851, #9810, .T. ) ;
#2607 = DIRECTION ( 'NONE',  ( 0.000000000000000000, -0.7071067811865472397, -0.7071067811865479058 ) ) ;
#2608 = DIRECTION ( 'NONE',  ( 1.000000000000000000, -0.000000000000000000, -0.000000000000000000 ) ) ;
#2609 =( LENGTH_UNIT ( ) NAMED_UNIT ( * ) SI_UNIT ( .MILLI., .METRE. ) );
#2610 = VECTOR ( 'NONE', #2220, 1000.000000000000000 ) ;
#2611 = DIRECTION ( 'NONE',  ( 0.000000000000000000, -0.7071067811865475727, 0.7071067811865475727 ) ) ;
#2612 = LINE ( 'NONE', #8327, #10014 ) ;
#2613 = ORIENTED_EDGE ( 'NONE', *, *, #8579, .F. ) ;
#2614 = DIRECTION ( 'NONE',  ( 0.000000000000000000, 1.000000000000000000, 0.000000000000000000 ) ) ;
#2615 = ORIENTED_EDGE ( 'NONE', *, *, #2381, .F. ) ;
#2616 = AXIS2_PLACEMENT_3D ( 'NONE', #5187, #7665, #3595 ) ;
#2617 = LINE ( 'NONE', #2411, #6528 ) ;
#2618 = EDGE_CURVE ( 'NONE', #99, #8877, #9151, .T. ) ;
#2619 = CARTESIAN_POINT ( 'NONE',  ( 1.974999999999998535, 1.449999999999999956, -1.224999999999999645 ) ) ;
#2620 = FILL_AREA_STYLE ('',( #3501 ) ) ;
#2621 = EDGE_CURVE ( 'NONE', #1717, #9568, #4178, .T. ) ;
#2622 = VERTEX_POINT ( 'NONE', #3371 ) ;
#2623 = PLANE ( 'NONE',  #4292 ) ;
#2624 = ORIENTED_EDGE ( 'NONE', *, *, #489, .F. ) ;
#2625 = LINE ( 'NONE', #93, #10220 ) ;
#2626 = VECTOR ( 'NONE', #2910, 1000.000000000000114 ) ;
#2627 = AXIS2_PLACEMENT_3D ( 'NONE', #943, #4168, #6581 ) ;
#2628 = PLANE ( 'NONE',  #3536 ) ;
#2629 = ADVANCED_FACE ( 'NONE', ( #7345 ), #2479, .F. ) ;
#2630 = LINE ( 'NONE', #7496, #6244 ) ;
#2631 = ORIENTED_EDGE ( 'NONE', *, *, #9423, .T. ) ;
#2632 = EDGE_CURVE ( 'NONE', #10043, #9314, #6642, .T. ) ;
#2633 = FACE_OUTER_BOUND ( 'NONE', #9565, .T. ) ;
#2634 = ORIENTED_EDGE ( 'NONE', *, *, #2126, .T. ) ;
#2635 = DIRECTION ( 'NONE',  ( 0.000000000000000000, 0.000000000000000000, 1.000000000000000000 ) ) ;
#2636 = DIRECTION ( 'NONE',  ( -4.353108952907898122E-16, -0.9284766908852604139, 0.3713906763541011125 ) ) ;
#2637 = SURFACE_SIDE_STYLE ('',( #9054 ) ) ;
#2638 = AXIS2_PLACEMENT_3D ( 'NONE', #312, #7596, #260 ) ;
#2639 = PLANE ( 'NONE',  #6311 ) ;
#2640 = DIRECTION ( 'NONE',  ( 1.000000000000000000, 0.000000000000000000, 0.000000000000000000 ) ) ;
#2641 = DIRECTION ( 'NONE',  ( 0.000000000000000000, 0.000000000000000000, 1.000000000000000000 ) ) ;
#2642 = ORIENTED_EDGE ( 'NONE', *, *, #3928, .T. ) ;
#2643 = DIRECTION ( 'NONE',  ( 0.000000000000000000, 0.7071067811865519026, -0.7071067811865432429 ) ) ;
#2644 = PLANE ( 'NONE',  #4564 ) ;
#2645 = CARTESIAN_POINT ( 'NONE',  ( 7.875000000000000000, 3.399999999999999911, -1.174999999999999822 ) ) ;
#2646 = CARTESIAN_POINT ( 'NONE',  ( 7.575000000000000178, 0.000000000000000000, 2.475000000000000089 ) ) ;
#2647 = CARTESIAN_POINT ( 'NONE',  ( 7.375000000000000888, 0.000000000000000000, 0.2250000000000008105 ) ) ;
#2648 = ORIENTED_EDGE ( 'NONE', *, *, #7874, .T. ) ;
#2649 = ORIENTED_EDGE ( 'NONE', *, *, #268, .F. ) ;
#2650 = EDGE_CURVE ( 'NONE', #3861, #3195, #956, .T. ) ;
#2651 = VERTEX_POINT ( 'NONE', #52 ) ;
#2652 = AXIS2_PLACEMENT_3D ( 'NONE', #9554, #6463, #1682 ) ;
#2653 = CARTESIAN_POINT ( 'NONE',  ( 6.000000000000000888, 0.000000000000000000, 2.075000000000000622 ) ) ;
#2654 = PLANE ( 'NONE',  #987 ) ;
#2655 = DIRECTION ( 'NONE',  ( 1.000000000000000000, -0.000000000000000000, -0.000000000000000000 ) ) ;
#2656 = CARTESIAN_POINT ( 'NONE',  ( 0.7249999999999973133, 0.1500000000000037970, -1.816421356237308826 ) ) ;
#2657 = EDGE_CURVE ( 'NONE', #2114, #3010, #2583, .T. ) ;
#2658 = ADVANCED_FACE ( 'NONE', ( #5822 ), #3421, .T. ) ;
#2659 = VERTEX_POINT ( 'NONE', #4856 ) ;
#2660 = ADVANCED_FACE ( 'NONE', ( #6793 ), #5302, .F. ) ;
#2661 = AXIS2_PLACEMENT_3D ( 'NONE', #5693, #6328, #1549 ) ;
#2662 = AXIS2_PLACEMENT_3D ( 'NONE', #4204, #6670, #930 ) ;
#2663 = CARTESIAN_POINT ( 'NONE',  ( 4.274999999999999467, 4.049999999999999822, -1.224999999999999645 ) ) ;
#2664 = VERTEX_POINT ( 'NONE', #1187 ) ;
#2665 = DIRECTION ( 'NONE',  ( -1.000000000000000000, -0.000000000000000000, -0.000000000000000000 ) ) ;
#2666 = DIRECTION ( 'NONE',  ( 0.000000000000000000, 0.000000000000000000, 1.000000000000000000 ) ) ;
#2667 = DIRECTION ( 'NONE',  ( 0.000000000000000000, 0.000000000000000000, -1.000000000000000000 ) ) ;
#2668 = AXIS2_PLACEMENT_3D ( 'NONE', #9785, #4894, #2352 ) ;
#2669 = DIRECTION ( 'NONE',  ( -1.000000000000000000, -0.000000000000000000, 0.000000000000000000 ) ) ;
#2670 = EDGE_LOOP ( 'NONE', ( #9666, #4224, #6780, #5631 ) ) ;
#2671 = DIRECTION ( 'NONE',  ( -1.000000000000000000, 0.000000000000000000, 0.000000000000000000 ) ) ;
#2672 = EDGE_CURVE ( 'NONE', #9880, #3805, #2684, .T. ) ;
#2673 = ORIENTED_EDGE ( 'NONE', *, *, #9947, .T. ) ;
#2674 = PLANE ( 'NONE',  #4395 ) ;
#2675 = VECTOR ( 'NONE', #535, 1000.000000000000000 ) ;
#2676 = EDGE_CURVE ( 'NONE', #2755, #10255, #5203, .T. ) ;
#2677 = CYLINDRICAL_SURFACE ( 'NONE', #3019, 0.1000000000000000472 ) ;
#2678 = VECTOR ( 'NONE', #10264, 1000.000000000000000 ) ;
#2679 = PLANE ( 'NONE',  #3193 ) ;
#2680 = VERTEX_POINT ( 'NONE', #1096 ) ;
#2681 = EDGE_CURVE ( 'NONE', #2895, #6103, #7678, .T. ) ;
#2682 = CARTESIAN_POINT ( 'NONE',  ( 1.974999999999997646, 0.1500000000000037970, -1.816421356237308826 ) ) ;
#2683 = ORIENTED_EDGE ( 'NONE', *, *, #8312, .F. ) ;
#2684 = LINE ( 'NONE', #3564, #9580 ) ;
#2685 = FACE_OUTER_BOUND ( 'NONE', #4353, .T. ) ;
#2686 = DIRECTION ( 'NONE',  ( -1.000000000000000000, 0.000000000000000000, 0.000000000000000000 ) ) ;
#2687 = LINE ( 'NONE', #9243, #7391 ) ;
#2688 = DIRECTION ( 'NONE',  ( 0.000000000000000000, 1.000000000000000000, 0.000000000000000000 ) ) ;
#2689 = DIRECTION ( 'NONE',  ( 0.000000000000000000, 0.000000000000000000, -1.000000000000000000 ) ) ;
#2690 = COLOUR_RGB ( '',0.7960784313725489669, 0.8235294117647058432, 0.9372549019607843146 ) ;
#2691 = CARTESIAN_POINT ( 'NONE',  ( 7.575000000000000178, 1.899999999999999689, 2.475000000000000533 ) ) ;
#2692 = EDGE_CURVE ( 'NONE', #3576, #540, #6839, .T. ) ;
#2693 = AXIS2_PLACEMENT_3D ( 'NONE', #8801, #10405, #8053 ) ;
#2694 = CARTESIAN_POINT ( 'NONE',  ( 2.124999999999997780, 3.950000000000000178, 0.1750000000000000999 ) ) ;
#2695 = ORIENTED_EDGE ( 'NONE', *, *, #5572, .T. ) ;
#2696 = PLANE ( 'NONE',  #9765 ) ;
#2697 = ORIENTED_EDGE ( 'NONE', *, *, #7670, .T. ) ;
#2698 = VERTEX_POINT ( 'NONE', #1286 ) ;
#2699 = CARTESIAN_POINT ( 'NONE',  ( 5.724999999999997868, 1.449999999999999956, 0.1750000000000000722 ) ) ;
#2700 = VECTOR ( 'NONE', #1755, 1000.000000000000000 ) ;
#2701 = VECTOR ( 'NONE', #4312, 1000.000000000000000 ) ;
#2702 = VECTOR ( 'NONE', #5557, 1000.000000000000000 ) ;
#2703 = EDGE_CURVE ( 'NONE', #478, #9178, #4511, .T. ) ;
#2704 = CARTESIAN_POINT ( 'NONE',  ( 0.7250000000000008660, 3.950000000000000178, 0.3750000000000001110 ) ) ;
#2705 = CARTESIAN_POINT ( 'NONE',  ( 1.774999999999997913, -0.04999999999999636680, -2.375000000000000000 ) ) ;
#2706 = DIRECTION ( 'NONE',  ( 0.000000000000000000, 0.000000000000000000, 1.000000000000000000 ) ) ;
#2707 = ORIENTED_EDGE ( 'NONE', *, *, #5956, .T. ) ;
#2708 = VECTOR ( 'NONE', #3847, 1000.000000000000000 ) ;
#2709 = DIRECTION ( 'NONE',  ( 0.000000000000000000, 1.000000000000000000, 0.000000000000000000 ) ) ;
#2710 = EDGE_CURVE ( 'NONE', #10513, #10521, #6932, .T. ) ;
#2711 = EDGE_LOOP ( 'NONE', ( #4849, #10352, #1199, #1828, #8540 ) ) ;
#2712 = DIRECTION ( 'NONE',  ( 0.7071067811865490160, -0.000000000000000000, 0.7071067811865460184 ) ) ;
#2713 = EDGE_CURVE ( 'NONE', #1516, #7453, #5919, .T. ) ;
#2714 = ADVANCED_FACE ( 'NONE', ( #1926 ), #3514, .T. ) ;
#2715 = DIRECTION ( 'NONE',  ( -1.000000000000000000, 0.000000000000000000, 0.000000000000000000 ) ) ;
#2716 = VECTOR ( 'NONE', #6125, 1000.000000000000000 ) ;
#2717 = CARTESIAN_POINT ( 'NONE',  ( 4.274999999999997691, -0.04999999999999568678, -2.474999999999999645 ) ) ;
#2718 = ORIENTED_EDGE ( 'NONE', *, *, #7377, .F. ) ;
#2719 = LINE ( 'NONE', #1826, #7561 ) ;
#2720 = ORIENTED_EDGE ( 'NONE', *, *, #9364, .T. ) ;
#2721 = CARTESIAN_POINT ( 'NONE',  ( 0.7249999999999999778, 1.449999999999999956, -1.224999999999999645 ) ) ;
#2722 = VECTOR ( 'NONE', #9924, 1000.000000000000000 ) ;
#2723 = CARTESIAN_POINT ( 'NONE',  ( 4.274999999999997691, -0.04999999999999567291, -2.474999999999999645 ) ) ;
#2724 = VERTEX_POINT ( 'NONE', #8590 ) ;
#2725 = EDGE_CURVE ( 'NONE', #1763, #8980, #9336, .T. ) ;
#2726 = EDGE_LOOP ( 'NONE', ( #7219, #9582, #4662, #1679 ) ) ;
#2727 = LINE ( 'NONE', #503, #2594 ) ;
#2728 = CARTESIAN_POINT ( 'NONE',  ( -1.375000000000001332, 3.399999999999999911, 0.1750000000000002387 ) ) ;
#2729 = DIRECTION ( 'NONE',  ( 0.000000000000000000, -5.251604272976699968E-15, 1.000000000000000000 ) ) ;
#2730 = CARTESIAN_POINT ( 'NONE',  ( -0.1250000000000018319, 1.449999999999999956, 0.8749999999999996669 ) ) ;
#2731 = DIRECTION ( 'NONE',  ( -0.000000000000000000, -4.553649124439118623E-15, 1.000000000000000000 ) ) ;
#2732 = ORIENTED_EDGE ( 'NONE', *, *, #10502, .F. ) ;
#2733 = CARTESIAN_POINT ( 'NONE',  ( 3.024999999999999911, 3.950000000000000178, 0.3750000000000001110 ) ) ;
#2734 = CARTESIAN_POINT ( 'NONE',  ( -8.125000000000000000, 1.449999999999999956, 0.3750000000000001110 ) ) ;
#2735 = PLANE ( 'NONE',  #6651 ) ;
#2736 = LINE ( 'NONE', #5972, #3 ) ;
#2737 = LINE ( 'NONE', #5975, #7709 ) ;
#2738 = ORIENTED_EDGE ( 'NONE', *, *, #2553, .T. ) ;
#2739 = CARTESIAN_POINT ( 'NONE',  ( 0.5250000000000011324, 1.199999999999999734, 0.3750000000000000000 ) ) ;
#2740 = ADVANCED_FACE ( 'NONE', ( #8440 ), #2077, .F. ) ;
#2741 = VECTOR ( 'NONE', #8333, 1000.000000000000114 ) ;
#2742 = ORIENTED_EDGE ( 'NONE', *, *, #2456, .T. ) ;
#2743 = ORIENTED_EDGE ( 'NONE', *, *, #9819, .T. ) ;
#2744 = VECTOR ( 'NONE', #2029, 1000.000000000000000 ) ;
#2745 = EDGE_CURVE ( 'NONE', #7457, #9831, #8490, .T. ) ;
#2746 = EDGE_CURVE ( 'NONE', #2622, #9758, #2727, .T. ) ;
#2747 = FACE_OUTER_BOUND ( 'NONE', #7469, .T. ) ;
#2748 = VERTEX_POINT ( 'NONE', #8395 ) ;
#2749 = LINE ( 'NONE', #5132, #2981 ) ;
#2750 = CARTESIAN_POINT ( 'NONE',  ( -1.525000000000001243, 2.349999999999999645, 1.675000000000000266 ) ) ;
#2751 = VECTOR ( 'NONE', #9916, 1000.000000000000000 ) ;
#2752 = ORIENTED_EDGE ( 'NONE', *, *, #8149, .T. ) ;
#2753 = CARTESIAN_POINT ( 'NONE',  ( 1.974999999999997646, 0.4999999999999998890, -0.8249999999999997335 ) ) ;
#2754 = VECTOR ( 'NONE', #667, 1000.000000000000000 ) ;
#2755 = VERTEX_POINT ( 'NONE', #9241 ) ;
#2756 = DIRECTION ( 'NONE',  ( 1.000000000000000000, -0.000000000000000000, -0.000000000000000000 ) ) ;
#2757 = VECTOR ( 'NONE', #4627, 1000.000000000000000 ) ;
#2758 = CARTESIAN_POINT ( 'NONE',  ( -1.325000000000001510, 0.000000000000000000, 0.2250000000000008105 ) ) ;
#2759 = CARTESIAN_POINT ( 'NONE',  ( 1.974999999999997646, 0.3000000000000008771, -1.374999999999999778 ) ) ;
#2760 = VERTEX_POINT ( 'NONE', #1885 ) ;
#2761 = AXIS2_PLACEMENT_3D ( 'NONE', #9247, #2494, #1711 ) ;
#2762 = CARTESIAN_POINT ( 'NONE',  ( -1.125000000000000888, 2.899999999999999911, -0.3249999999999997891 ) ) ;
#2763 = EDGE_CURVE ( 'NONE', #3973, #9439, #4316, .T. ) ;
#2764 = DIRECTION ( 'NONE',  ( 0.000000000000000000, 1.000000000000000000, 0.000000000000000000 ) ) ;
#2765 = CARTESIAN_POINT ( 'NONE',  ( 8.750000000000000000, 0.000000000000000000, -1.224999999999999645 ) ) ;
#2766 = VERTEX_POINT ( 'NONE', #6009 ) ;
#2767 = CARTESIAN_POINT ( 'NONE',  ( -5.000000000000000888, 0.000000000000000000, -1.224999999999999645 ) ) ;
#2768 = DIRECTION ( 'NONE',  ( -0.000000000000000000, 0.000000000000000000, 1.000000000000000000 ) ) ;
#2769 = DIRECTION ( 'NONE',  ( 0.000000000000000000, -1.000000000000000000, -4.336808689942002945E-16 ) ) ;
#2770 = DIRECTION ( 'NONE',  ( -1.000000000000000000, 0.000000000000000000, 1.807003620809174632E-16 ) ) ;
#2771 = LINE ( 'NONE', #1240, #4159 ) ;
#2772 = MECHANICAL_DESIGN_GEOMETRIC_PRESENTATION_REPRESENTATION (  '', ( #5993 ), #8749 ) ;
#2773 = FACE_OUTER_BOUND ( 'NONE', #5527, .T. ) ;
#2774 = DIRECTION ( 'NONE',  ( -1.000000000000000000, 0.000000000000000000, 0.000000000000000000 ) ) ;
#2775 = ORIENTED_EDGE ( 'NONE', *, *, #5935, .T. ) ;
#2776 = EDGE_CURVE ( 'NONE', #8264, #7041, #3610, .T. ) ;
#2777 = VECTOR ( 'NONE', #1211, 1000.000000000000000 ) ;
#2778 = EDGE_CURVE ( 'NONE', #7907, #1572, #10146, .T. ) ;
#2779 = VECTOR ( 'NONE', #4609, 1000.000000000000000 ) ;
#2780 = DIRECTION ( 'NONE',  ( 0.000000000000000000, 0.000000000000000000, 1.000000000000000000 ) ) ;
#2781 = ORIENTED_EDGE ( 'NONE', *, *, #6019, .T. ) ;
#2782 = VECTOR ( 'NONE', #55, 1000.000000000000000 ) ;
#2783 = CARTESIAN_POINT ( 'NONE',  ( 3.224999999999997424, 0.09999999999999999167, -0.8250000000000010658 ) ) ;
#2784 = ORIENTED_EDGE ( 'NONE', *, *, #7047, .T. ) ;
#2785 = CARTESIAN_POINT ( 'NONE',  ( 3.224999999999997424, 1.199999999999999734, 0.1750000000000000722 ) ) ;
#2786 = CARTESIAN_POINT ( 'NONE',  ( 0.000000000000000000, 2.899999999999999911, 0.000000000000000000 ) ) ;
#2787 = VERTEX_POINT ( 'NONE', #5253 ) ;
#2788 = ORIENTED_EDGE ( 'NONE', *, *, #4294, .T. ) ;
#2789 = STYLED_ITEM ( 'NONE', ( #4096 ), #1111 ) ;
#2790 = LINE ( 'NONE', #10276, #9197 ) ;
#2791 = ADVANCED_FACE ( 'NONE', ( #7733 ), #3138, .F. ) ;
#2792 = DIRECTION ( 'NONE',  ( 0.000000000000000000, -1.000000000000000000, -2.456395547037470490E-16 ) ) ;
#2793 = EDGE_CURVE ( 'NONE', #4933, #6452, #3433, .T. ) ;
#2794 = CARTESIAN_POINT ( 'NONE',  ( 7.774999999999999467, 4.049999999999999822, 0.6750000000000002665 ) ) ;
#2795 = ORIENTED_EDGE ( 'NONE', *, *, #8882, .T. ) ;
#2796 = CARTESIAN_POINT ( 'NONE',  ( 5.724999999999997868, 0.4999999999999998890, -0.8249999999999997335 ) ) ;
#2797 = DIRECTION ( 'NONE',  ( 1.000000000000000000, 0.000000000000000000, -0.000000000000000000 ) ) ;
#2798 = CARTESIAN_POINT ( 'NONE',  ( 0.5249999999999985789, 3.949999999999998845, -1.174999999999997602 ) ) ;
#2799 = ADVANCED_FACE ( 'NONE', ( #8058 ), #9500, .F. ) ;
#2800 = ORIENTED_EDGE ( 'NONE', *, *, #1630, .T. ) ;
#2801 = LINE ( 'NONE', #10136, #10362 ) ;
#2802 = ORIENTED_EDGE ( 'NONE', *, *, #5174, .T. ) ;
#2803 = CARTESIAN_POINT ( 'NONE',  ( 4.274999999999999467, 1.449999999999999956, 0.1750000000000000722 ) ) ;
#2804 =( NAMED_UNIT ( * ) PLANE_ANGLE_UNIT ( ) SI_UNIT ( $, .RADIAN. ) );
#2805 = EDGE_LOOP ( 'NONE', ( #1021, #2258, #1791, #9216, #2454, #5375 ) ) ;
#2806 = LINE ( 'NONE', #603, #6599 ) ;
#2807 = VECTOR ( 'NONE', #6210, 1000.000000000000000 ) ;
#2808 = EDGE_LOOP ( 'NONE', ( #5821, #10525, #839, #3134 ) ) ;
#2809 = FACE_OUTER_BOUND ( 'NONE', #1613, .T. ) ;
#2810 = CARTESIAN_POINT ( 'NONE',  ( 1.974999999999998090, 1.199999999999999734, 0.3750000000000000000 ) ) ;
#2811 = AXIS2_PLACEMENT_3D ( 'NONE', #4717, #710, #6384 ) ;
#2812 = FACE_OUTER_BOUND ( 'NONE', #4258, .T. ) ;
#2813 = VERTEX_POINT ( 'NONE', #2917 ) ;
#2814 = CARTESIAN_POINT ( 'NONE',  ( -1.125000000000001776, -0.1499999999999963862, 2.324999999999999734 ) ) ;
#2815 = FACE_OUTER_BOUND ( 'NONE', #5963, .T. ) ;
#2816 = LINE ( 'NONE', #4414, #4946 ) ;
#2817 = DIRECTION ( 'NONE',  ( -1.000000000000000000, 0.000000000000000000, 0.000000000000000000 ) ) ;
#2818 = CARTESIAN_POINT ( 'NONE',  ( -1.325000000000001510, -0.1499999999999963862, 0.3749999999999942268 ) ) ;
#2819 = ADVANCED_FACE ( 'NONE', ( #7033 ), #10249, .T. ) ;
#2820 = ORIENTED_EDGE ( 'NONE', *, *, #148, .T. ) ;
#2821 = CARTESIAN_POINT ( 'NONE',  ( 13.12499999999999822, 3.950000000000000178, 0.3750000000000001110 ) ) ;
#2822 = DIRECTION ( 'NONE',  ( 0.000000000000000000, -4.336808689942002452E-16, 1.000000000000000000 ) ) ;
#2823 = VECTOR ( 'NONE', #6093, 1000.000000000000000 ) ;
#2824 = CARTESIAN_POINT ( 'NONE',  ( 5.724999999999997868, 1.199999999999999734, 0.1750000000000000722 ) ) ;
#2825 = VECTOR ( 'NONE', #4006, 1000.000000000000000 ) ;
#2826 = ORIENTED_EDGE ( 'NONE', *, *, #9218, .T. ) ;
#2827 = CARTESIAN_POINT ( 'NONE',  ( 0.5249999999999985789, 1.199999999999999734, 0.1750000000000000722 ) ) ;
#2828 = ORIENTED_EDGE ( 'NONE', *, *, #4922, .F. ) ;
#2829 = LINE ( 'NONE', #5164, #9697 ) ;
#2830 = ORIENTED_EDGE ( 'NONE', *, *, #4352, .F. ) ;
#2831 = ADVANCED_FACE ( 'NONE', ( #6167 ), #4672, .F. ) ;
#2832 = CARTESIAN_POINT ( 'NONE',  ( 1.974999999999997646, 0.3000000000000009881, -1.625000000000000666 ) ) ;
#2833 = VECTOR ( 'NONE', #6814, 1000.000000000000114 ) ;
#2834 = VERTEX_POINT ( 'NONE', #7831 ) ;
#2835 = LINE ( 'NONE', #3727, #1573 ) ;
#2836 = FACE_OUTER_BOUND ( 'NONE', #3314, .T. ) ;
#2837 = ORIENTED_EDGE ( 'NONE', *, *, #9375, .F. ) ;
#2838 = EDGE_CURVE ( 'NONE', #2176, #1010, #7884, .T. ) ;
#2839 = ORIENTED_EDGE ( 'NONE', *, *, #2904, .T. ) ;
#2840 = CARTESIAN_POINT ( 'NONE',  ( 7.625000000000000000, 2.899999999999999911, -0.3249999999999997891 ) ) ;
#2841 = VECTOR ( 'NONE', #9725, 1000.000000000000000 ) ;
#2842 = EDGE_CURVE ( 'NONE', #9190, #5884, #1394, .T. ) ;
#2843 = ORIENTED_EDGE ( 'NONE', *, *, #8130, .F. ) ;
#2844 = PRESENTATION_LAYER_ASSIGNMENT (  '', '', ( #3863 ) ) ;
#2845 =( LENGTH_UNIT ( ) NAMED_UNIT ( * ) SI_UNIT ( .MILLI., .METRE. ) );
#2846 = EDGE_CURVE ( 'NONE', #289, #1255, #3876, .T. ) ;
#2847 = DIRECTION ( 'NONE',  ( -1.000000000000000000, -0.000000000000000000, -0.000000000000000000 ) ) ;
#2848 = DIRECTION ( 'NONE',  ( 0.000000000000000000, 0.000000000000000000, 1.000000000000000000 ) ) ;
#2849 = EDGE_LOOP ( 'NONE', ( #6070, #2912, #7881, #9865 ) ) ;
#2850 = EDGE_CURVE ( 'NONE', #4496, #4795, #8696, .T. ) ;
#2851 = AXIS2_PLACEMENT_3D ( 'NONE', #10193, #4406, #4456 ) ;
#2852 = ORIENTED_EDGE ( 'NONE', *, *, #6732, .F. ) ;
#2853 = CARTESIAN_POINT ( 'NONE',  ( 5.724999999999997868, -0.04999999999999568678, -2.474999999999999645 ) ) ;
#2854 = EDGE_CURVE ( 'NONE', #7086, #8341, #10408, .T. ) ;
#2855 = DIRECTION ( 'NONE',  ( -1.000000000000000000, -0.000000000000000000, -0.000000000000000000 ) ) ;
#2856 = CARTESIAN_POINT ( 'NONE',  ( 0.7249999999999999778, 4.049999999999999822, 0.1750000000000000722 ) ) ;
#2857 = VERTEX_POINT ( 'NONE', #6395 ) ;
#2858 = DIRECTION ( 'NONE',  ( 0.000000000000000000, 0.000000000000000000, 1.000000000000000000 ) ) ;
#2859 = AXIS2_PLACEMENT_3D ( 'NONE', #374, #10328, #2997 ) ;
#2860 = ORIENTED_EDGE ( 'NONE', *, *, #8744, .T. ) ;
#2861 = FACE_OUTER_BOUND ( 'NONE', #8045, .T. ) ;
#2862 = DIRECTION ( 'NONE',  ( 0.000000000000000000, 0.000000000000000000, -1.000000000000000000 ) ) ;
#2863 = ADVANCED_FACE ( 'NONE', ( #8806 ), #6222, .F. ) ;
#2864 = VECTOR ( 'NONE', #7490, 1000.000000000000000 ) ;
#2865 = ORIENTED_EDGE ( 'NONE', *, *, #5858, .T. ) ;
#2866 = CARTESIAN_POINT ( 'NONE',  ( 3.024999999999999023, 4.049999999999999822, 0.1750000000000000722 ) ) ;
#2867 = DIRECTION ( 'NONE',  ( 0.000000000000000000, -5.251604272976699968E-15, 1.000000000000000000 ) ) ;
#2868 = DIRECTION ( 'NONE',  ( 1.000000000000000000, 0.000000000000000000, 1.807003620809174632E-16 ) ) ;
#2869 = DIRECTION ( 'NONE',  ( 1.000000000000000000, -0.000000000000000000, -0.000000000000000000 ) ) ;
#2870 = FACE_OUTER_BOUND ( 'NONE', #3335, .T. ) ;
#2871 = ORIENTED_EDGE ( 'NONE', *, *, #4092, .T. ) ;
#2872 = DIRECTION ( 'NONE',  ( -1.000000000000000000, 0.000000000000000000, 0.000000000000000000 ) ) ;
#2873 = CARTESIAN_POINT ( 'NONE',  ( 7.625000000000000000, 3.399999999999999911, -0.3249999999999997891 ) ) ;
#2874 = VERTEX_POINT ( 'NONE', #6338 ) ;
#2875 = CARTESIAN_POINT ( 'NONE',  ( 4.274999999999999467, 1.449999999999999956, 0.3750000000000000000 ) ) ;
#2876 = EDGE_LOOP ( 'NONE', ( #6211, #10112, #4719, #9171, #2871, #9995 ) ) ;
#2877 = VECTOR ( 'NONE', #6022, 1000.000000000000114 ) ;
#2878 = LINE ( 'NONE', #7048, #881 ) ;
#2879 = ORIENTED_EDGE ( 'NONE', *, *, #6716, .T. ) ;
#2880 = LINE ( 'NONE', #8603, #8491 ) ;
#2881 = EDGE_LOOP ( 'NONE', ( #1078, #2371, #7317, #3687, #3669, #9347 ) ) ;
#2882 = FACE_OUTER_BOUND ( 'NONE', #5077, .T. ) ;
#2883 = LINE ( 'NONE', #10270, #936 ) ;
#2884 = EDGE_LOOP ( 'NONE', ( #3972, #3005, #7606, #607 ) ) ;
#2885 = CARTESIAN_POINT ( 'NONE',  ( 1.774999999999999245, 1.199999999999999734, 0.1750000000000000722 ) ) ;
#2886 = CARTESIAN_POINT ( 'NONE',  ( 7.375000000000000888, 0.000000000000000000, 2.475000000000000089 ) ) ;
#2887 = ORIENTED_EDGE ( 'NONE', *, *, #6774, .F. ) ;
#2888 = VERTEX_POINT ( 'NONE', #2124 ) ;
#2889 = FACE_OUTER_BOUND ( 'NONE', #6483, .T. ) ;
#2890 = EDGE_CURVE ( 'NONE', #3887, #6523, #6980, .T. ) ;
#2891 = ADVANCED_FACE ( 'NONE', ( #5351 ), #3760, .F. ) ;
#2892 = ADVANCED_FACE ( 'NONE', ( #10303 ), #9551, .T. ) ;
#2893 = VECTOR ( 'NONE', #5773, 1000.000000000000000 ) ;
#2894 = DIRECTION ( 'NONE',  ( 1.000000000000000000, 0.000000000000000000, 0.000000000000000000 ) ) ;
#2895 = VERTEX_POINT ( 'NONE', #5528 ) ;
#2896 = CARTESIAN_POINT ( 'NONE',  ( 7.575000000000000178, -0.1499999999999963862, 0.3749999999999942268 ) ) ;
#2897 = CARTESIAN_POINT ( 'NONE',  ( 7.375000000000000000, 2.899999999999999911, 0.1750000000000002387 ) ) ;
#2898 = ORIENTED_EDGE ( 'NONE', *, *, #8136, .T. ) ;
#2899 = ADVANCED_FACE ( 'NONE', ( #1501 ), #7994, .F. ) ;
#2900 = AXIS2_PLACEMENT_3D ( 'NONE', #357, #3565, #6841 ) ;
#2901 = AXIS2_PLACEMENT_3D ( 'NONE', #4588, #8719, #1256 ) ;
#2902 = ADVANCED_FACE ( 'NONE', ( #9787 ), #5647, .F. ) ;
#2903 = VECTOR ( 'NONE', #5376, 1000.000000000000000 ) ;
#2904 = EDGE_CURVE ( 'NONE', #9409, #8230, #2617, .T. ) ;
#2905 = ORIENTED_EDGE ( 'NONE', *, *, #2746, .F. ) ;
#2906 = LINE ( 'NONE', #654, #9871 ) ;
#2907 = LINE ( 'NONE', #2116, #9973 ) ;
#2908 = VECTOR ( 'NONE', #3952, 1000.000000000000000 ) ;
#2909 = DIRECTION ( 'NONE',  ( 0.000000000000000000, 1.000000000000000000, 0.000000000000000000 ) ) ;
#2910 = DIRECTION ( 'NONE',  ( 0.000000000000000000, -0.7071067811865474617, -0.7071067811865474617 ) ) ;
#2911 = STYLED_ITEM ( 'NONE', ( #3516 ), #4375 ) ;
#2912 = ORIENTED_EDGE ( 'NONE', *, *, #10174, .T. ) ;
#2913 = CARTESIAN_POINT ( 'NONE',  ( 1.774999999999998801, 3.299999999999999822, -0.9349999999999998312 ) ) ;
#2914 = EDGE_LOOP ( 'NONE', ( #5157, #6000, #5599, #4561, #4122, #3546, #194, #2330 ) ) ;
#2915 = LINE ( 'NONE', #606, #7960 ) ;
#2916 = ORIENTED_EDGE ( 'NONE', *, *, #464, .T. ) ;
#2917 = CARTESIAN_POINT ( 'NONE',  ( 0.7249999999999973133, 3.449999999999999734, 0.2950000000000000400 ) ) ;
#2918 = DIRECTION ( 'NONE',  ( 0.000000000000000000, 0.000000000000000000, 1.000000000000000000 ) ) ;
#2919 = EDGE_CURVE ( 'NONE', #9305, #9204, #8174, .T. ) ;
#2920 = FACE_OUTER_BOUND ( 'NONE', #7753, .T. ) ;
#2921 = DIRECTION ( 'NONE',  ( -0.000000000000000000, 0.7071067811865545671, -0.7071067811865405783 ) ) ;
#2922 = DIRECTION ( 'NONE',  ( 1.000000000000000000, 0.000000000000000000, 4.336808689942021680E-16 ) ) ;
#2923 = ORIENTED_EDGE ( 'NONE', *, *, #4675, .T. ) ;
#2924 = EDGE_LOOP ( 'NONE', ( #4931, #3247, #3136, #9594 ) ) ;
#2925 = CARTESIAN_POINT ( 'NONE',  ( 1.624999999999999334, 3.950000000000000178, 0.3750000000000000555 ) ) ;
#2926 = VECTOR ( 'NONE', #7011, 1000.000000000000114 ) ;
#2927 = AXIS2_PLACEMENT_3D ( 'NONE', #7850, #6082, #6950 ) ;
#2928 = LINE ( 'NONE', #3825, #3976 ) ;
#2929 = EDGE_CURVE ( 'NONE', #9530, #6682, #9035, .T. ) ;
#2930 = CARTESIAN_POINT ( 'NONE',  ( 6.000000000000000888, 0.2100000000000001865, 2.495000000000000551 ) ) ;
#2931 = DIRECTION ( 'NONE',  ( 0.000000000000000000, -1.251002506714043540E-16, 1.000000000000000000 ) ) ;
#2932 = ORIENTED_EDGE ( 'NONE', *, *, #6937, .F. ) ;
#2933 = ORIENTED_EDGE ( 'NONE', *, *, #3367, .T. ) ;
#2934 = LINE ( 'NONE', #7795, #8158 ) ;
#2935 = ORIENTED_EDGE ( 'NONE', *, *, #10440, .F. ) ;
#2936 = VECTOR ( 'NONE', #3996, 1000.000000000000000 ) ;
#2937 = ORIENTED_EDGE ( 'NONE', *, *, #6789, .T. ) ;
#2938 = DIRECTION ( 'NONE',  ( -1.000000000000000000, 0.000000000000000000, 1.807003620809174632E-16 ) ) ;
#2939 = VECTOR ( 'NONE', #6030, 1000.000000000000000 ) ;
#2940 = EDGE_LOOP ( 'NONE', ( #1354, #6473, #7216, #5276 ) ) ;
#2941 = DIRECTION ( 'NONE',  ( -0.000000000000000000, 2.710505431213761393E-17, 1.000000000000000000 ) ) ;
#2942 = CARTESIAN_POINT ( 'NONE',  ( 0.5250000000000011324, 4.049999999999999822, 0.4749999999999995337 ) ) ;
#2943 = ORIENTED_EDGE ( 'NONE', *, *, #4543, .F. ) ;
#2944 = ORIENTED_EDGE ( 'NONE', *, *, #6107, .F. ) ;
#2945 = DIRECTION ( 'NONE',  ( 0.000000000000000000, 0.000000000000000000, 1.000000000000000000 ) ) ;
#2946 = AXIS2_PLACEMENT_3D ( 'NONE', #9599, #711, #8857 ) ;
#2947 = CARTESIAN_POINT ( 'NONE',  ( 5.524999999999997691, 0.1500000000000032419, -2.474999999999999645 ) ) ;
#2948 = ORIENTED_EDGE ( 'NONE', *, *, #9405, .T. ) ;
#2949 = DIRECTION ( 'NONE',  ( 1.277744513902812275E-16, 0.7071067811865475727, -0.7071067811865475727 ) ) ;
#2950 = AXIS2_PLACEMENT_3D ( 'NONE', #770, #3984, #2401 ) ;
#2951 = ORIENTED_EDGE ( 'NONE', *, *, #7075, .F. ) ;
#2952 = FACE_OUTER_BOUND ( 'NONE', #3385, .T. ) ;
#2953 = LINE ( 'NONE', #4443, #9189 ) ;
#2954 = EDGE_CURVE ( 'NONE', #3655, #10068, #5857, .T. ) ;
#2955 = CARTESIAN_POINT ( 'NONE',  ( 2.874999999999999112, 3.950000000000000178, 0.3750000000000001110 ) ) ;
#2956 = ORIENTED_EDGE ( 'NONE', *, *, #1812, .T. ) ;
#2957 = ORIENTED_EDGE ( 'NONE', *, *, #8359, .F. ) ;
#2958 = EDGE_CURVE ( 'NONE', #8248, #9607, #4051, .T. ) ;
#2959 = CARTESIAN_POINT ( 'NONE',  ( 1.625000000000000666, 3.250000000000000444, 0.6750000000000004885 ) ) ;
#2960 = ORIENTED_EDGE ( 'NONE', *, *, #3804, .F. ) ;
#2961 = LINE ( 'NONE', #1279, #2984 ) ;
#2962 = EDGE_CURVE ( 'NONE', #5018, #8893, #189, .T. ) ;
#2963 = ORIENTED_EDGE ( 'NONE', *, *, #1728, .F. ) ;
#2964 = DIRECTION ( 'NONE',  ( -4.688441826964343312E-16, -1.000000000000000000, 0.000000000000000000 ) ) ;
#2965 = ORIENTED_EDGE ( 'NONE', *, *, #5181, .F. ) ;
#2966 = CARTESIAN_POINT ( 'NONE',  ( 1.974999999999998090, 1.199999999999999734, 0.1750000000000000722 ) ) ;
#2967 = DIRECTION ( 'NONE',  ( -0.000000000000000000, 1.000000000000000000, 5.251604272976699968E-15 ) ) ;
#2968 = CARTESIAN_POINT ( 'NONE',  ( 1.974999999999998090, 1.449999999999999956, 0.1750000000000000722 ) ) ;
#2969 = VECTOR ( 'NONE', #5257, 1000.000000000000227 ) ;
#2970 = ADVANCED_FACE ( 'NONE', ( #9135 ), #7434, .F. ) ;
#2971 = FACE_OUTER_BOUND ( 'NONE', #8107, .T. ) ;
#2972 = DIRECTION ( 'NONE',  ( -0.000000000000000000, -0.000000000000000000, 1.000000000000000000 ) ) ;
#2973 = ORIENTED_EDGE ( 'NONE', *, *, #3556, .T. ) ;
#2974 = LINE ( 'NONE', #6122, #6921 ) ;
#2975 = EDGE_CURVE ( 'NONE', #9703, #5736, #9085, .T. ) ;
#2976 = ORIENTED_EDGE ( 'NONE', *, *, #1555, .T. ) ;
#2977 = CARTESIAN_POINT ( 'NONE',  ( 7.774999999999999467, 4.049999999999999822, 1.675000000000000266 ) ) ;
#2978 = CARTESIAN_POINT ( 'NONE',  ( -8.125000000000000000, -13.83708784390703705, 0.3750000000000001110 ) ) ;
#2979 = CARTESIAN_POINT ( 'NONE',  ( 3.224999999999998757, 1.449999999999999956, -1.174999999999999822 ) ) ;
#2980 = ADVANCED_FACE ( 'NONE', ( #1777 ), #6517, .F. ) ;
#2981 = VECTOR ( 'NONE', #7118, 1000.000000000000114 ) ;
#2982 = ORIENTED_EDGE ( 'NONE', *, *, #8312, .T. ) ;
#2983 = ORIENTED_EDGE ( 'NONE', *, *, #2196, .T. ) ;
#2984 = VECTOR ( 'NONE', #10244, 1000.000000000000000 ) ;
#2985 = DIRECTION ( 'NONE',  ( -1.000000000000000000, -0.000000000000000000, -0.000000000000000000 ) ) ;
#2986 = EDGE_LOOP ( 'NONE', ( #2994, #1656, #6187, #7838, #5658, #1086, #9622, #9639, #3144, #7910, #1334, #3180, #9323, #3691, #8734 ) ) ;
#2987 = DIRECTION ( 'NONE',  ( 0.000000000000000000, 0.000000000000000000, -1.000000000000000000 ) ) ;
#2988 = LINE ( 'NONE', #9518, #2161 ) ;
#2989 = FACE_OUTER_BOUND ( 'NONE', #1592, .T. ) ;
#2990 = VECTOR ( 'NONE', #9552, 1000.000000000000000 ) ;
#2991 = ORIENTED_EDGE ( 'NONE', *, *, #7670, .F. ) ;
#2992 = LINE ( 'NONE', #2885, #3264 ) ;
#2993 = DIRECTION ( 'NONE',  ( 1.000000000000000000, 0.000000000000000000, 0.000000000000000000 ) ) ;
#2994 = ORIENTED_EDGE ( 'NONE', *, *, #7092, .T. ) ;
#2995 = VECTOR ( 'NONE', #1678, 1000.000000000000000 ) ;
#2996 = VERTEX_POINT ( 'NONE', #3406 ) ;
#2997 = DIRECTION ( 'NONE',  ( 0.000000000000000000, -5.421010862427520198E-16, 1.000000000000000000 ) ) ;
#2998 = VECTOR ( 'NONE', #6746, 1000.000000000000000 ) ;
#2999 = LINE ( 'NONE', #5383, #7776 ) ;
#3000 = VECTOR ( 'NONE', #1666, 1000.000000000000000 ) ;
#3001 = SURFACE_SIDE_STYLE ('',( #8474 ) ) ;
#3002 = EDGE_LOOP ( 'NONE', ( #4112, #7651, #4175, #9860 ) ) ;
#3003 = ADVANCED_FACE ( 'NONE', ( #9901 ), #4841, .T. ) ;
#3004 = DIRECTION ( 'NONE',  ( -1.000000000000000000, 0.000000000000000000, 1.807003620809174632E-16 ) ) ;
#3005 = ORIENTED_EDGE ( 'NONE', *, *, #5312, .F. ) ;
#3006 = FACE_OUTER_BOUND ( 'NONE', #2531, .T. ) ;
#3007 = DIRECTION ( 'NONE',  ( 0.000000000000000000, -1.000000000000000000, 0.000000000000000000 ) ) ;
#3008 = VECTOR ( 'NONE', #9081, 1000.000000000000000 ) ;
#3009 = DIRECTION ( 'NONE',  ( 0.000000000000000000, -0.7071067811865474617, -0.7071067811865474617 ) ) ;
#3010 = VERTEX_POINT ( 'NONE', #6677 ) ;
#3011 = EDGE_LOOP ( 'NONE', ( #3392, #2234, #5912, #2480 ) ) ;
#3012 = LINE ( 'NONE', #5398, #4358 ) ;
#3013 = CARTESIAN_POINT ( 'NONE',  ( 1.974999999999997646, 0.3500000000000009215, -1.324999999999999512 ) ) ;
#3014 = CARTESIAN_POINT ( 'NONE',  ( 5.524999999999997691, 0.1792893218813486067, -1.745710678118654435 ) ) ;
#3015 = ORIENTED_EDGE ( 'NONE', *, *, #2368, .T. ) ;
#3016 = CARTESIAN_POINT ( 'NONE',  ( 8.749999999999998224, 0.000000000000000000, -0.7749999999999999112 ) ) ;
#3017 = ORIENTED_EDGE ( 'NONE', *, *, #4029, .T. ) ;
#3018 = VECTOR ( 'NONE', #683, 1000.000000000000000 ) ;
#3019 = AXIS2_PLACEMENT_3D ( 'NONE', #1831, #9192, #1878 ) ;
#3020 = EDGE_CURVE ( 'NONE', #9467, #879, #832, .T. ) ;
#3021 = CARTESIAN_POINT ( 'NONE',  ( 3.374999999999997780, 2.575000000000000178, -1.200000000000000400 ) ) ;
#3022 = ORIENTED_EDGE ( 'NONE', *, *, #6659, .T. ) ;
#3023 = EDGE_CURVE ( 'NONE', #10228, #9556, #937, .T. ) ;
#3024 = ORIENTED_EDGE ( 'NONE', *, *, #7251, .F. ) ;
#3025 = CARTESIAN_POINT ( 'NONE',  ( 4.274999999999998579, 1.577500000000001235, -1.577499999999999902 ) ) ;
#3026 = CARTESIAN_POINT ( 'NONE',  ( 3.024999999999997691, 0.1792893218813486345, -1.745710678118654435 ) ) ;
#3027 = LINE ( 'NONE', #8698, #1898 ) ;
#3028 = CARTESIAN_POINT ( 'NONE',  ( 1.974999999999997646, 0.4999999999999998890, -0.8249999999999997335 ) ) ;
#3029 = VECTOR ( 'NONE', #10172, 1000.000000000000000 ) ;
#3030 = CARTESIAN_POINT ( 'NONE',  ( 7.875000000000000000, 0.6500000000000000222, -1.774999999999999689 ) ) ;
#3031 = VERTEX_POINT ( 'NONE', #1680 ) ;
#3032 = LINE ( 'NONE', #2821, #7767 ) ;
#3033 = DIRECTION ( 'NONE',  ( 0.000000000000000000, 0.7071067811865475727, 0.7071067811865474617 ) ) ;
#3034 = ORIENTED_EDGE ( 'NONE', *, *, #3484, .F. ) ;
#3035 = CARTESIAN_POINT ( 'NONE',  ( 5.874999999999997335, 1.199999999999999734, 0.1750000000000000999 ) ) ;
#3036 = CARTESIAN_POINT ( 'NONE',  ( 3.024999999999997691, 0.09999999999999999167, -0.8250000000000010658 ) ) ;
#3037 = ADVANCED_FACE ( 'NONE', ( #2462 ), #4896, .F. ) ;
#3038 = VECTOR ( 'NONE', #3524, 1000.000000000000000 ) ;
#3039 = PLANE ( 'NONE',  #6612 ) ;
#3040 = EDGE_LOOP ( 'NONE', ( #3159, #9102, #9163, #10463 ) ) ;
#3041 = ORIENTED_EDGE ( 'NONE', *, *, #6496, .F. ) ;
#3042 = CARTESIAN_POINT ( 'NONE',  ( 5.524999999999998579, 2.899999999999996803, -0.7749999999999999112 ) ) ;
#3043 = EDGE_CURVE ( 'NONE', #9416, #9568, #4163, .T. ) ;
#3044 = ORIENTED_EDGE ( 'NONE', *, *, #4621, .T. ) ;
#3045 = LINE ( 'NONE', #10374, #1586 ) ;
#3046 = VERTEX_POINT ( 'NONE', #3993 ) ;
#3047 = PLANE ( 'NONE',  #4304 ) ;
#3048 = ORIENTED_EDGE ( 'NONE', *, *, #7374, .T. ) ;
#3049 = PLANE ( 'NONE',  #5639 ) ;
#3050 = CARTESIAN_POINT ( 'NONE',  ( 0.5479670385731003623, 2.649999999999998135, 1.075000000000000400 ) ) ;
#3051 = VERTEX_POINT ( 'NONE', #2515 ) ;
#3052 = DIRECTION ( 'NONE',  ( 0.000000000000000000, 0.000000000000000000, -1.000000000000000000 ) ) ;
#3053 = ORIENTED_EDGE ( 'NONE', *, *, #1949, .F. ) ;
#3054 = AXIS2_PLACEMENT_3D ( 'NONE', #5287, #4445, #2848 ) ;
#3055 = CARTESIAN_POINT ( 'NONE',  ( 3.024999999999998579, 1.449999999999999956, -0.02500000000000060854 ) ) ;
#3056 = DIRECTION ( 'NONE',  ( 0.000000000000000000, 1.000000000000000000, 0.000000000000000000 ) ) ;
#3057 = SHAPE_REPRESENTATION ( 'BM05B-GHS-TBT', ( #4255, #5950 ), #3559 ) ;
#3058 = ADVANCED_FACE ( 'NONE', ( #7265 ), #8429, .F. ) ;
#3059 = ORIENTED_EDGE ( 'NONE', *, *, #1900, .T. ) ;
#3060 = CARTESIAN_POINT ( 'NONE',  ( 4.274999999999998579, 3.299999999999999822, -0.9349999999999998312 ) ) ;
#3061 = ORIENTED_EDGE ( 'NONE', *, *, #1238, .F. ) ;
#3062 = EDGE_CURVE ( 'NONE', #3294, #421, #5951, .T. ) ;
#3063 = CARTESIAN_POINT ( 'NONE',  ( 3.224999999999997868, 1.199999999999999734, 0.1750000000000000722 ) ) ;
#3064 = CARTESIAN_POINT ( 'NONE',  ( 0.000000000000000000, 4.049999999999999822, 2.175000000000000711 ) ) ;
#3065 = DIRECTION ( 'NONE',  ( 0.000000000000000000, -1.000000000000000000, -3.252606517456514091E-15 ) ) ;
#3066 = VERTEX_POINT ( 'NONE', #8477 ) ;
#3067 = EDGE_CURVE ( 'NONE', #10485, #540, #6920, .T. ) ;
#3068 = UNCERTAINTY_MEASURE_WITH_UNIT (LENGTH_MEASURE( 1.000000000000000082E-05 ), #8014, 'distance_accuracy_value', 'NONE');
#3069 = EDGE_LOOP ( 'NONE', ( #5700, #8828, #5138, #1740 ) ) ;
#3070 = DIRECTION ( 'NONE',  ( 0.000000000000000000, 0.7071067811865545671, -0.7071067811865405783 ) ) ;
#3071 = PLANE ( 'NONE',  #1969 ) ;
#3072 = CIRCLE ( 'NONE', #5265, 0.05000000000000012768 ) ;
#3073 = EDGE_LOOP ( 'NONE', ( #3644, #2160, #8150, #4939 ) ) ;
#3074 = DIRECTION ( 'NONE',  ( -1.000000000000000000, -0.000000000000000000, -0.000000000000000000 ) ) ;
#3075 = ORIENTED_EDGE ( 'NONE', *, *, #5878, .F. ) ;
#3076 = VECTOR ( 'NONE', #9501, 1000.000000000000000 ) ;
#3077 = CARTESIAN_POINT ( 'NONE',  ( -1.525000000000001243, 2.349999999999999645, 0.6750000000000002665 ) ) ;
#3078 = VERTEX_POINT ( 'NONE', #6729 ) ;
#3079 = ORIENTED_EDGE ( 'NONE', *, *, #7214, .T. ) ;
#3080 = DIRECTION ( 'NONE',  ( -1.000000000000000000, 0.000000000000000000, 1.807003620809174632E-16 ) ) ;
#3081 = STYLED_ITEM ( 'NONE', ( #1522 ), #4305 ) ;
#3082 = FILL_AREA_STYLE ('',( #9609 ) ) ;
#3083 = AXIS2_PLACEMENT_3D ( 'NONE', #442, #7722, #342 ) ;
#3084 = CARTESIAN_POINT ( 'NONE',  ( 6.275000000000001243, 4.049999999999999822, 0.000000000000000000 ) ) ;
#3085 = CARTESIAN_POINT ( 'NONE',  ( 6.974999999999999645, 4.049999999999999822, 0.9749999999999993117 ) ) ;
#3086 = DIRECTION ( 'NONE',  ( -1.000000000000000000, -0.000000000000000000, -0.000000000000000000 ) ) ;
#3087 = ORIENTED_EDGE ( 'NONE', *, *, #34, .T. ) ;
#3088 = DIRECTION ( 'NONE',  ( -1.000000000000000000, 0.000000000000000000, -1.807003620809174632E-16 ) ) ;
#3089 = DIRECTION ( 'NONE',  ( 1.000000000000000000, -0.000000000000000000, -0.000000000000000000 ) ) ;
#3090 = VERTEX_POINT ( 'NONE', #242 ) ;
#3091 = CARTESIAN_POINT ( 'NONE',  ( 5.524999999999998579, 2.899999999999996803, -0.7749999999999999112 ) ) ;
#3092 = VECTOR ( 'NONE', #6880, 1000.000000000000000 ) ;
#3093 = EDGE_CURVE ( 'NONE', #6692, #4430, #7577, .T. ) ;
#3094 = DIRECTION ( 'NONE',  ( 1.000000000000000000, 0.000000000000000000, 0.000000000000000000 ) ) ;
#3095 = CARTESIAN_POINT ( 'NONE',  ( 4.330089135474556095, 0.5999999999999999778, 0.2250000000000008105 ) ) ;
#3096 = ORIENTED_EDGE ( 'NONE', *, *, #4219, .F. ) ;
#3097 = CARTESIAN_POINT ( 'NONE',  ( 6.375000000000000888, 3.950000000000000178, 0.3749999999999998335 ) ) ;
#3098 = EDGE_LOOP ( 'NONE', ( #5840, #10542, #652, #3768, #1796, #9231, #9650, #9070, #1285, #10141, #8607, #6889, #7482 ) ) ;
#3099 =( NAMED_UNIT ( * ) SI_UNIT ( $, .STERADIAN. ) SOLID_ANGLE_UNIT ( ) );
#3100 = DIRECTION ( 'NONE',  ( 0.000000000000000000, -0.000000000000000000, 1.000000000000000000 ) ) ;
#3101 = LINE ( 'NONE', #1465, #3770 ) ;
#3102 = VERTEX_POINT ( 'NONE', #10045 ) ;
#3103 = CARTESIAN_POINT ( 'NONE',  ( 3.024999999999997691, 0.5000000000000022204, -1.324999999999999734 ) ) ;
#3104 = DIRECTION ( 'NONE',  ( 0.000000000000000000, -5.421010862427526114E-15, 1.000000000000000000 ) ) ;
#3105 = VECTOR ( 'NONE', #8784, 1000.000000000000000 ) ;
#3106 = ADVANCED_FACE ( 'NONE', ( #9227 ), #4349, .F. ) ;
#3107 = ORIENTED_EDGE ( 'NONE', *, *, #10493, .T. ) ;
#3108 = DIRECTION ( 'NONE',  ( 0.000000000000000000, -1.000000000000000000, 0.000000000000000000 ) ) ;
#3109 = AXIS2_PLACEMENT_3D ( 'NONE', #6754, #5932, #6807 ) ;
#3110 = CARTESIAN_POINT ( 'NONE',  ( 1.625000000000000666, 2.250000000000000000, 0.6750000000000004885 ) ) ;
#3111 = EDGE_CURVE ( 'NONE', #4637, #499, #3455, .T. ) ;
#3112 = EDGE_CURVE ( 'NONE', #4004, #7936, #1125, .T. ) ;
#3113 = VECTOR ( 'NONE', #7094, 1000.000000000000000 ) ;
#3114 = AXIS2_PLACEMENT_3D ( 'NONE', #5290, #6432, #8958 ) ;
#3115 = CARTESIAN_POINT ( 'NONE',  ( -1.125000000000000888, 0.000000000000000000, -1.374999999999997558 ) ) ;
#3116 = ORIENTED_EDGE ( 'NONE', *, *, #4234, .T. ) ;
#3117 = CARTESIAN_POINT ( 'NONE',  ( 1.974999999999997646, 0.1500000000000037970, -1.816421356237308826 ) ) ;
#3118 = DIRECTION ( 'NONE',  ( 0.000000000000000000, -0.7071067811865431318, -0.7071067811865517916 ) ) ;
#3119 = DIRECTION ( 'NONE',  ( -1.000000000000000000, 0.000000000000000000, 0.000000000000000000 ) ) ;
#3120 = VERTEX_POINT ( 'NONE', #3645 ) ;
#3121 = EDGE_CURVE ( 'NONE', #6846, #2760, #6825, .T. ) ;
#3122 = DIRECTION ( 'NONE',  ( -1.000000000000000000, 0.000000000000000000, 0.000000000000000000 ) ) ;
#3123 = DIRECTION ( 'NONE',  ( 0.000000000000000000, 0.000000000000000000, 1.000000000000000000 ) ) ;
#3124 = CLOSED_SHELL ( 'NONE', ( #3401, #4287, #4932, #4804, #8613, #5100, #1710, #10462 ) ) ;
#3125 = DIRECTION ( 'NONE',  ( -1.000000000000000000, 0.000000000000000000, 0.000000000000000000 ) ) ;
#3126 = ADVANCED_FACE ( 'NONE', ( #5997 ), #1959, .F. ) ;
#3127 = VERTEX_POINT ( 'NONE', #1177 ) ;
#3128 = EDGE_CURVE ( 'NONE', #2293, #9383, #385, .T. ) ;
#3129 = VERTEX_POINT ( 'NONE', #6050 ) ;
#3130 = DIRECTION ( 'NONE',  ( 0.000000000000000000, 1.000000000000000000, 0.000000000000000000 ) ) ;
#3131 = EDGE_CURVE ( 'NONE', #1434, #4846, #9324, .T. ) ;
#3132 = ORIENTED_EDGE ( 'NONE', *, *, #6674, .T. ) ;
#3133 = LINE ( 'NONE', #3924, #7083 ) ;
#3134 = ORIENTED_EDGE ( 'NONE', *, *, #6877, .T. ) ;
#3135 = DIRECTION ( 'NONE',  ( 0.000000000000000000, 1.000000000000000000, -1.445602896647327084E-15 ) ) ;
#3136 = ORIENTED_EDGE ( 'NONE', *, *, #7720, .T. ) ;
#3137 = ORIENTED_EDGE ( 'NONE', *, *, #10247, .T. ) ;
#3138 = PLANE ( 'NONE',  #4444 ) ;
#3139 = VERTEX_POINT ( 'NONE', #1329 ) ;
#3140 = CARTESIAN_POINT ( 'NONE',  ( -0.1250000000000018319, 1.449999999999999956, 0.3749999999999998335 ) ) ;
#3141 = ORIENTED_EDGE ( 'NONE', *, *, #6102, .F. ) ;
#3142 = FACE_OUTER_BOUND ( 'NONE', #740, .T. ) ;
#3143 = CARTESIAN_POINT ( 'NONE',  ( 3.224999999999997424, 1.449999999999999956, 0.3750000000000000000 ) ) ;
#3144 = ORIENTED_EDGE ( 'NONE', *, *, #8044, .F. ) ;
#3145 = CARTESIAN_POINT ( 'NONE',  ( 0.8749999999999998890, 4.049999999999999822, 0.1750000000000000999 ) ) ;
#3146 = PLANE ( 'NONE',  #5847 ) ;
#3147 = EDGE_LOOP ( 'NONE', ( #2335, #64, #9713, #4557 ) ) ;
#3148 = CARTESIAN_POINT ( 'NONE',  ( 1.774999999999997913, -0.04999999999999636680, -2.375000000000000000 ) ) ;
#3149 = LINE ( 'NONE', #10365, #6719 ) ;
#3150 = LINE ( 'NONE', #7952, #7128 ) ;
#3151 = DIRECTION ( 'NONE',  ( 0.000000000000000000, -1.000000000000000000, -0.000000000000000000 ) ) ;
#3152 = EDGE_LOOP ( 'NONE', ( #5695, #8711, #4000, #7541, #1466 ) ) ;
#3153 = ORIENTED_EDGE ( 'NONE', *, *, #6486, .F. ) ;
#3154 = VECTOR ( 'NONE', #2032, 1000.000000000000000 ) ;
#3155 = CARTESIAN_POINT ( 'NONE',  ( 4.624999999999998224, 3.250000000000000000, 0.6750000000000004885 ) ) ;
#3156 = ORIENTED_EDGE ( 'NONE', *, *, #5679, .T. ) ;
#3157 = DIRECTION ( 'NONE',  ( 0.000000000000000000, 0.000000000000000000, 1.000000000000000000 ) ) ;
#3158 = DIRECTION ( 'NONE',  ( -1.000000000000000000, 0.000000000000000000, 1.807003620809174632E-16 ) ) ;
#3159 = ORIENTED_EDGE ( 'NONE', *, *, #2292, .T. ) ;
#3160 = CARTESIAN_POINT ( 'NONE',  ( 0.7249999999999973133, 0.3500000000000009215, -1.324999999999999512 ) ) ;
#3161 = EDGE_CURVE ( 'NONE', #5990, #3127, #7821, .T. ) ;
#3162 = DIRECTION ( 'NONE',  ( 0.000000000000000000, 1.000000000000000000, 0.000000000000000000 ) ) ;
#3163 = CARTESIAN_POINT ( 'NONE',  ( 6.375000000000000888, 3.950000000000000178, 0.8749999999999996669 ) ) ;
#3164 = CARTESIAN_POINT ( 'NONE',  ( 1.974999999999998090, 1.199999999999999734, 0.1750000000000000722 ) ) ;
#3165 = ORIENTED_EDGE ( 'NONE', *, *, #1903, .T. ) ;
#3166 = CARTESIAN_POINT ( 'NONE',  ( 1.974999999999997646, 3.050000000000000266, -0.02500000000000021302 ) ) ;
#3167 = AXIS2_PLACEMENT_3D ( 'NONE', #6885, #2872, #7739 ) ;
#3168 = EDGE_CURVE ( 'NONE', #9083, #9358, #6970, .T. ) ;
#3169 = DIRECTION ( 'NONE',  ( 0.000000000000000000, 0.000000000000000000, 1.000000000000000000 ) ) ;
#3170 = EDGE_LOOP ( 'NONE', ( #5671, #5697, #6856, #3022 ) ) ;
#3171 = CARTESIAN_POINT ( 'NONE',  ( 7.774999999999999467, 2.349999999999999645, 1.675000000000000266 ) ) ;
#3172 = ADVANCED_FACE ( 'NONE', ( #9642 ), #865, .F. ) ;
#3173 = VECTOR ( 'NONE', #7658, 1000.000000000000000 ) ;
#3174 = DIRECTION ( 'NONE',  ( -0.7071067811865505703, -7.666467083416910134E-17, 0.7071067811865444641 ) ) ;
#3175 = PLANE ( 'NONE',  #3927 ) ;
#3176 = ORIENTED_EDGE ( 'NONE', *, *, #5460, .T. ) ;
#3177 = CARTESIAN_POINT ( 'NONE',  ( 0.5250000000000011324, 1.449999999999999956, 0.1750000000000000722 ) ) ;
#3178 = DIRECTION ( 'NONE',  ( -1.000000000000000000, 0.000000000000000000, 0.000000000000000000 ) ) ;
#3179 = CARTESIAN_POINT ( 'NONE',  ( 0.5249999999999985789, 3.299999999999999822, -0.7749999999999999112 ) ) ;
#3180 = ORIENTED_EDGE ( 'NONE', *, *, #863, .F. ) ;
#3181 = VECTOR ( 'NONE', #149, 1000.000000000000000 ) ;
#3182 = EDGE_CURVE ( 'NONE', #3561, #375, #8578, .T. ) ;
#3183 = EDGE_LOOP ( 'NONE', ( #8912, #2408, #5524, #7400 ) ) ;
#3184 = LINE ( 'NONE', #6447, #1843 ) ;
#3185 = EDGE_CURVE ( 'NONE', #9607, #2181, #806, .T. ) ;
#3186 = VECTOR ( 'NONE', #10386, 1000.000000000000000 ) ;
#3187 = DIRECTION ( 'NONE',  ( 1.000000000000000000, 0.000000000000000000, 0.000000000000000000 ) ) ;
#3188 = SURFACE_STYLE_USAGE ( .BOTH. , #7873 ) ;
#3189 = ADVANCED_FACE ( 'NONE', ( #9701 ), #755, .F. ) ;
#3190 = VERTEX_POINT ( 'NONE', #9760 ) ;
#3191 = CARTESIAN_POINT ( 'NONE',  ( 4.624999999999998224, 0.000000000000000000, 0.000000000000000000 ) ) ;
#3192 = ORIENTED_EDGE ( 'NONE', *, *, #508, .F. ) ;
#3193 = AXIS2_PLACEMENT_3D ( 'NONE', #6691, #1922, #9193 ) ;
#3194 = PLANE ( 'NONE',  #2693 ) ;
#3195 = VERTEX_POINT ( 'NONE', #7770 ) ;
#3196 = CARTESIAN_POINT ( 'NONE',  ( 4.474999999999996980, 1.016439536705160869E-17, 0.3750000000000000555 ) ) ;
#3197 = ORIENTED_EDGE ( 'NONE', *, *, #4829, .F. ) ;
#3198 = DIRECTION ( 'NONE',  ( -1.000000000000000000, 0.000000000000000000, 0.000000000000000000 ) ) ;
#3199 = LINE ( 'NONE', #2296, #4433 ) ;
#3200 = CARTESIAN_POINT ( 'NONE',  ( -1.375000000000001332, 2.899999999999999911, -0.3249999999999997891 ) ) ;
#3201 = LINE ( 'NONE', #7889, #417 ) ;
#3202 = EDGE_CURVE ( 'NONE', #7610, #9549, #61, .T. ) ;
#3203 = CARTESIAN_POINT ( 'NONE',  ( -4.228388472693454967E-16, 4.049999999999999822, 0.9749999999999963141 ) ) ;
#3204 = DIRECTION ( 'NONE',  ( 0.000000000000000000, -0.7071067811865475727, 0.7071067811865475727 ) ) ;
#3205 = VECTOR ( 'NONE', #1591, 1000.000000000000000 ) ;
#3206 = LINE ( 'NONE', #2977, #6098 ) ;
#3207 = VERTEX_POINT ( 'NONE', #8 ) ;
#3208 = LINE ( 'NONE', #7395, #506 ) ;
#3209 = EDGE_LOOP ( 'NONE', ( #10300, #8412, #8423, #4763 ) ) ;
#3210 = PLANE ( 'NONE',  #482 ) ;
#3211 = VECTOR ( 'NONE', #10230, 1000.000000000000000 ) ;
#3212 = EDGE_LOOP ( 'NONE', ( #1267, #6873, #4124, #1873, #1906, #3176, #8633, #2169, #8504, #3779, #10414, #747, #1715, #2802, #8530, #5313, #2329, #6788, #1373, #4908, #10274, #4314 ) ) ;
#3213 =( LENGTH_UNIT ( ) NAMED_UNIT ( * ) SI_UNIT ( .MILLI., .METRE. ) );
#3214 = DIRECTION ( 'NONE',  ( -0.000000000000000000, 1.000000000000000000, 0.000000000000000000 ) ) ;
#3215 = LINE ( 'NONE', #8195, #5816 ) ;
#3216 = FACE_OUTER_BOUND ( 'NONE', #6909, .T. ) ;
#3217 = LINE ( 'NONE', #3956, #5085 ) ;
#3218 = DIRECTION ( 'NONE',  ( -0.000000000000000000, 1.445602896647327084E-15, 1.000000000000000000 ) ) ;
#3219 = CARTESIAN_POINT ( 'NONE',  ( 3.224999999999997424, 0.1500000000000032419, -2.474999999999999645 ) ) ;
#3220 = AXIS2_PLACEMENT_3D ( 'NONE', #173, #9933, #8316 ) ;
#3221 = DIRECTION ( 'NONE',  ( -0.7071067811865444641, 0.000000000000000000, 0.7071067811865505703 ) ) ;
#3222 = LINE ( 'NONE', #9757, #3205 ) ;
#3223 = CARTESIAN_POINT ( 'NONE',  ( 5.724999999999997868, 0.3500000000000009215, -1.324999999999999512 ) ) ;
#3224 = CARTESIAN_POINT ( 'NONE',  ( -1.625000000000001332, 3.399999999999999911, -1.174999999999999822 ) ) ;
#3225 = AXIS2_PLACEMENT_3D ( 'NONE', #3769, #9346, #7790 ) ;
#3226 = CARTESIAN_POINT ( 'NONE',  ( 1.624999999999999334, 3.950000000000000178, 0.3750000000000001110 ) ) ;
#3227 = EDGE_LOOP ( 'NONE', ( #6996, #9956, #523, #5563 ) ) ;
#3228 = VERTEX_POINT ( 'NONE', #3224 ) ;
#3229 = CARTESIAN_POINT ( 'NONE',  ( 7.875000000000000000, 2.349999999999999645, 0.6750000000000002665 ) ) ;
#3230 = LINE ( 'NONE', #6379, #5081 ) ;
#3231 = EDGE_CURVE ( 'NONE', #10474, #3294, #1275, .T. ) ;
#3232 = FACE_OUTER_BOUND ( 'NONE', #4068, .T. ) ;
#3233 = EDGE_LOOP ( 'NONE', ( #7887, #3729, #1175, #10168 ) ) ;
#3234 = EDGE_CURVE ( 'NONE', #2353, #142, #2907, .T. ) ;
#3235 = VECTOR ( 'NONE', #741, 1000.000000000000000 ) ;
#3236 = VERTEX_POINT ( 'NONE', #10501 ) ;
#3237 = DIRECTION ( 'NONE',  ( -1.000000000000000000, 0.000000000000000000, -1.807003620809174632E-16 ) ) ;
#3238 = LINE ( 'NONE', #4663, #817 ) ;
#3239 = DIRECTION ( 'NONE',  ( 0.000000000000000000, -0.8320502943378444982, 0.5547001962252280372 ) ) ;
#3240 = ORIENTED_EDGE ( 'NONE', *, *, #7411, .F. ) ;
#3241 = CARTESIAN_POINT ( 'NONE',  ( 4.474999999999996980, 3.050000000000000266, 0.000000000000000000 ) ) ;
#3242 = EDGE_CURVE ( 'NONE', #10540, #8931, #7356, .T. ) ;
#3243 = EDGE_LOOP ( 'NONE', ( #8109, #9631, #685, #6648 ) ) ;
#3244 = EDGE_CURVE ( 'NONE', #3478, #3814, #493, .T. ) ;
#3245 = EDGE_CURVE ( 'NONE', #335, #9927, #4818, .T. ) ;
#3246 = PLANE ( 'NONE',  #10348 ) ;
#3247 = ORIENTED_EDGE ( 'NONE', *, *, #703, .T. ) ;
#3248 = CARTESIAN_POINT ( 'NONE',  ( 7.774999999999999467, 2.349999999999999645, 1.675000000000000266 ) ) ;
#3249 = VERTEX_POINT ( 'NONE', #8093 ) ;
#3250 = CARTESIAN_POINT ( 'NONE',  ( 1.774999999999998801, 3.299999999999999822, -1.224999999999999645 ) ) ;
#3251 = VECTOR ( 'NONE', #4465, 1000.000000000000000 ) ;
#3252 = LINE ( 'NONE', #6626, #57 ) ;
#3253 = CARTESIAN_POINT ( 'NONE',  ( 3.024999999999998579, 3.450000000000001510, 1.870248747537497357E-14 ) ) ;
#3254 = CARTESIAN_POINT ( 'NONE',  ( 1.974999999999999867, 3.950000000000000178, -1.174999999999999822 ) ) ;
#3255 = ORIENTED_EDGE ( 'NONE', *, *, #10523, .F. ) ;
#3256 = DIRECTION ( 'NONE',  ( 1.000000000000000000, 0.000000000000000000, 0.000000000000000000 ) ) ;
#3257 = CARTESIAN_POINT ( 'NONE',  ( -7.875000000000000000, 0.4999999999999998890, -1.574999999999999512 ) ) ;
#3258 = EDGE_CURVE ( 'NONE', #5716, #1693, #2439, .T. ) ;
#3259 = ORIENTED_EDGE ( 'NONE', *, *, #46, .T. ) ;
#3260 = DIRECTION ( 'NONE',  ( 0.000000000000000000, -0.7071067811865475727, -0.7071067811865474617 ) ) ;
#3261 = ORIENTED_EDGE ( 'NONE', *, *, #4405, .T. ) ;
#3262 = CARTESIAN_POINT ( 'NONE',  ( -1.025000000000001688, 1.999999999999999112, 2.475000000000000089 ) ) ;
#3263 = STYLED_ITEM ( 'NONE', ( #10354 ), #4542 ) ;
#3264 = VECTOR ( 'NONE', #3787, 1000.000000000000000 ) ;
#3265 = VERTEX_POINT ( 'NONE', #5680 ) ;
#3266 = CARTESIAN_POINT ( 'NONE',  ( 7.774999999999999467, 0.000000000000000000, 0.000000000000000000 ) ) ;
#3267 = ORIENTED_EDGE ( 'NONE', *, *, #2062, .T. ) ;
#3268 = CARTESIAN_POINT ( 'NONE',  ( 0.7249999999999973133, 0.3000000000000009881, -1.625000000000000666 ) ) ;
#3269 = DIRECTION ( 'NONE',  ( 0.000000000000000000, -1.000000000000000000, -2.456395547037470490E-16 ) ) ;
#3270 = LINE ( 'NONE', #5066, #380 ) ;
#3271 = LINE ( 'NONE', #6540, #9722 ) ;
#3272 = CARTESIAN_POINT ( 'NONE',  ( 3.024999999999999023, 4.049999999999999822, 0.4749999999999995337 ) ) ;
#3273 = VECTOR ( 'NONE', #4584, 1000.000000000000000 ) ;
#3274 = ORIENTED_EDGE ( 'NONE', *, *, #2556, .T. ) ;
#3275 = ADVANCED_FACE ( 'NONE', ( #6551 ), #8627, .F. ) ;
#3276 = ADVANCED_FACE ( 'NONE', ( #8145 ), #5561, .F. ) ;
#3277 = CARTESIAN_POINT ( 'NONE',  ( -1.625000000000001332, 0.6500000000000000222, -1.774999999999999689 ) ) ;
#3278 = DIRECTION ( 'NONE',  ( 0.000000000000000000, -0.7071067811865475727, 0.7071067811865475727 ) ) ;
#3279 = DIRECTION ( 'NONE',  ( 0.000000000000000000, 1.000000000000000000, 0.000000000000000000 ) ) ;
#3280 = CARTESIAN_POINT ( 'NONE',  ( 0.000000000000000000, 4.049999999999999822, 0.4749999999999995337 ) ) ;
#3281 = FACE_OUTER_BOUND ( 'NONE', #262, .T. ) ;
#3282 = ORIENTED_EDGE ( 'NONE', *, *, #2676, .F. ) ;
#3283 = ORIENTED_EDGE ( 'NONE', *, *, #2793, .T. ) ;
#3284 = CARTESIAN_POINT ( 'NONE',  ( 0.8749999999999998890, 4.049999999999999822, 0.4749999999999995337 ) ) ;
#3285 = CARTESIAN_POINT ( 'NONE',  ( 7.875000000000000000, 1.899999999999999911, 1.825000000000000622 ) ) ;
#3286 = FACE_OUTER_BOUND ( 'NONE', #2046, .T. ) ;
#3287 = VERTEX_POINT ( 'NONE', #8033 ) ;
#3288 = VECTOR ( 'NONE', #4354, 1000.000000000000000 ) ;
#3289 = ORIENTED_EDGE ( 'NONE', *, *, #1118, .T. ) ;
#3290 = EDGE_CURVE ( 'NONE', #2651, #2353, #3970, .T. ) ;
#3291 = CLOSED_SHELL ( 'NONE', ( #9857, #9252, #1385, #7424, #6526, #2075, #4981, #2831 ) ) ;
#3292 = CARTESIAN_POINT ( 'NONE',  ( 4.474999999999999645, 3.950000000000000178, -1.174999999999999822 ) ) ;
#3293 = CARTESIAN_POINT ( 'NONE',  ( -1.125000000000001776, 0.000000000000000000, 0.2250000000000008105 ) ) ;
#3294 = VERTEX_POINT ( 'NONE', #5784 ) ;
#3295 = DIRECTION ( 'NONE',  ( 0.000000000000000000, -1.000000000000000000, -0.000000000000000000 ) ) ;
#3296 = EDGE_LOOP ( 'NONE', ( #8364, #6157, #9826, #5549, #172 ) ) ;
#3297 = VECTOR ( 'NONE', #6798, 1000.000000000000000 ) ;
#3298 = CARTESIAN_POINT ( 'NONE',  ( 1.774999999999997913, -0.1499999999999963862, -1.474999999999999645 ) ) ;
#3299 = EDGE_CURVE ( 'NONE', #9827, #2527, #6655, .T. ) ;
#3300 = ORIENTED_EDGE ( 'NONE', *, *, #5317, .T. ) ;
#3301 = ORIENTED_EDGE ( 'NONE', *, *, #8274, .T. ) ;
#3302 = DIRECTION ( 'NONE',  ( 1.000000000000000000, -0.000000000000000000, -0.000000000000000000 ) ) ;
#3303 = EDGE_CURVE ( 'NONE', #8989, #3051, #7513, .T. ) ;
#3304 = DIRECTION ( 'NONE',  ( 1.000000000000000000, 0.000000000000000000, 0.000000000000000000 ) ) ;
#3305 = DIRECTION ( 'NONE',  ( 0.000000000000000000, 0.000000000000000000, 1.000000000000000000 ) ) ;
#3306 = DIRECTION ( 'NONE',  ( 0.000000000000000000, -0.7071067811865474617, -0.7071067811865474617 ) ) ;
#3307 = ORIENTED_EDGE ( 'NONE', *, *, #10187, .F. ) ;
#3308 = CARTESIAN_POINT ( 'NONE',  ( 3.024999999999997691, 0.1000000000000020872, -1.224999999999998312 ) ) ;
#3309 = LINE ( 'NONE', #1737, #591 ) ;
#3310 = ORIENTED_EDGE ( 'NONE', *, *, #5715, .F. ) ;
#3311 = DIRECTION ( 'NONE',  ( -0.000000000000000000, -0.000000000000000000, -1.000000000000000000 ) ) ;
#3312 = EDGE_LOOP ( 'NONE', ( #10219, #8710, #7845, #539 ) ) ;
#3313 = CARTESIAN_POINT ( 'NONE',  ( 5.524999999999998579, 3.299999999999999822, -1.224999999999999645 ) ) ;
#3314 = EDGE_LOOP ( 'NONE', ( #6194, #4208, #6715, #7492 ) ) ;
#3315 = ADVANCED_FACE ( 'NONE', ( #1851 ), #9063, .F. ) ;
#3316 = LINE ( 'NONE', #6475, #9668 ) ;
#3317 = ORIENTED_EDGE ( 'NONE', *, *, #5370, .T. ) ;
#3318 = DIRECTION ( 'NONE',  ( 4.688441826964343312E-16, 1.000000000000000000, -0.000000000000000000 ) ) ;
#3319 = LINE ( 'NONE', #4070, #5643 ) ;
#3320 = VERTEX_POINT ( 'NONE', #3477 ) ;
#3321 = LINE ( 'NONE', #5772, #3076 ) ;
#3322 = LINE ( 'NONE', #7347, #2893 ) ;
#3323 = DIRECTION ( 'NONE',  ( -0.7071067811865475727, -0.7071067811865475727, 0.000000000000000000 ) ) ;
#3324 = ADVANCED_FACE ( 'NONE', ( #4974 ), #5121, .F. ) ;
#3325 = PLANE ( 'NONE',  #599 ) ;
#3326 = CARTESIAN_POINT ( 'NONE',  ( 1.974999999999997646, 0.4999999999999998890, -0.8249999999999997335 ) ) ;
#3327 = EDGE_CURVE ( 'NONE', #2065, #462, #5734, .T. ) ;
#3328 = DIRECTION ( 'NONE',  ( 1.000000000000000000, 0.000000000000000000, 0.000000000000000000 ) ) ;
#3329 = LINE ( 'NONE', #216, #5750 ) ;
#3330 = CARTESIAN_POINT ( 'NONE',  ( 1.624999999999999334, 1.199999999999999734, 0.3750000000000000555 ) ) ;
#3331 = ADVANCED_FACE ( 'NONE', ( #1989 ), #4429, .T. ) ;
#3332 = DIRECTION ( 'NONE',  ( -1.000000000000000000, 0.000000000000000000, 0.000000000000000000 ) ) ;
#3333 = ORIENTED_EDGE ( 'NONE', *, *, #6504, .T. ) ;
#3334 = VECTOR ( 'NONE', #8641, 1000.000000000000000 ) ;
#3335 = EDGE_LOOP ( 'NONE', ( #9870, #9155, #1444, #5214, #6956, #6497 ) ) ;
#3336 = DIRECTION ( 'NONE',  ( 0.000000000000000000, -1.000000000000000000, 0.000000000000000000 ) ) ;
#3337 = PLANE ( 'NONE',  #4733 ) ;
#3338 = VERTEX_POINT ( 'NONE', #6027 ) ;
#3339 = ADVANCED_FACE ( 'NONE', ( #8662 ), #6999, .F. ) ;
#3340 = VECTOR ( 'NONE', #232, 1000.000000000000000 ) ;
#3341 = EDGE_LOOP ( 'NONE', ( #6611, #8888, #1307, #9006 ) ) ;
#3342 = VECTOR ( 'NONE', #23, 1000.000000000000000 ) ;
#3343 = LINE ( 'NONE', #5529, #5278 ) ;
#3344 = VECTOR ( 'NONE', #7916, 1000.000000000000000 ) ;
#3345 = DIRECTION ( 'NONE',  ( 0.000000000000000000, 0.000000000000000000, -1.000000000000000000 ) ) ;
#3346 =( NAMED_UNIT ( * ) SI_UNIT ( $, .STERADIAN. ) SOLID_ANGLE_UNIT ( ) );
#3347 = ORIENTED_EDGE ( 'NONE', *, *, #9637, .F. ) ;
#3348 = CARTESIAN_POINT ( 'NONE',  ( 1.774999999999998801, 3.299999999999999822, -0.7749999999999999112 ) ) ;
#3349 = VECTOR ( 'NONE', #7893, 999.9999999999998863 ) ;
#3350 = ORIENTED_EDGE ( 'NONE', *, *, #3023, .T. ) ;
#3351 = CARTESIAN_POINT ( 'NONE',  ( 4.474999999999996980, 0.1500000000000032419, -2.474999999999999645 ) ) ;
#3352 = ORIENTED_EDGE ( 'NONE', *, *, #9374, .F. ) ;
#3353 = VECTOR ( 'NONE', #8913, 1000.000000000000000 ) ;
#3354 = DIRECTION ( 'NONE',  ( -1.000000000000000000, 0.000000000000000000, -1.807003620809174632E-16 ) ) ;
#3355 = CARTESIAN_POINT ( 'NONE',  ( 7.375000000000000000, 3.950000000000000178, 0.000000000000000000 ) ) ;
#3356 = CARTESIAN_POINT ( 'NONE',  ( 5.724999999999997868, 0.1500000000000032419, -2.474999999999999645 ) ) ;
#3357 = LINE ( 'NONE', #5952, #10506 ) ;
#3358 = DIRECTION ( 'NONE',  ( -0.000000000000000000, -1.000000000000000000, -1.251002506714043540E-16 ) ) ;
#3359 = CARTESIAN_POINT ( 'NONE',  ( 0.7249999999999999778, 4.049999999999999822, -1.224999999999999645 ) ) ;
#3360 = EDGE_LOOP ( 'NONE', ( #10477, #1411, #1059, #9407 ) ) ;
#3361 = CARTESIAN_POINT ( 'NONE',  ( -9.375000000000000000, 3.950000000000000178, 0.3750000000000001110 ) ) ;
#3362 = ADVANCED_FACE ( 'NONE', ( #9461 ), #7749, .F. ) ;
#3363 = VECTOR ( 'NONE', #10143, 1000.000000000000000 ) ;
#3364 = ORIENTED_EDGE ( 'NONE', *, *, #508, .T. ) ;
#3365 = DIRECTION ( 'NONE',  ( -0.000000000000000000, -0.000000000000000000, -1.000000000000000000 ) ) ;
#3366 = EDGE_CURVE ( 'NONE', #7724, #3623, #420, .T. ) ;
#3367 = EDGE_CURVE ( 'NONE', #1010, #5709, #3675, .T. ) ;
#3368 = LINE ( 'NONE', #9914, #1832 ) ;
#3369 = ORIENTED_EDGE ( 'NONE', *, *, #6738, .F. ) ;
#3370 = PRODUCT_CONTEXT ( 'NONE', #5052, 'mechanical' ) ;
#3371 = CARTESIAN_POINT ( 'NONE',  ( 0.7249999999999990896, 3.299999999999999822, -1.224999999999999645 ) ) ;
#3372 =( LENGTH_UNIT ( ) NAMED_UNIT ( * ) SI_UNIT ( .MILLI., .METRE. ) );
#3373 = VECTOR ( 'NONE', #4651, 1000.000000000000000 ) ;
#3374 = CARTESIAN_POINT ( 'NONE',  ( -1.125000000000001776, 0.2500000000000000000, 2.375000000000000888 ) ) ;
#3375 = FACE_OUTER_BOUND ( 'NONE', #7343, .T. ) ;
#3376 = ORIENTED_EDGE ( 'NONE', *, *, #7161, .F. ) ;
#3377 = DIRECTION ( 'NONE',  ( 0.000000000000000000, 1.000000000000000000, 0.000000000000000000 ) ) ;
#3378 = ADVANCED_FACE ( 'NONE', ( #3785 ), #10164, .F. ) ;
#3379 = DIRECTION ( 'NONE',  ( -0.5773502691896257311, 0.5773502691896257311, 0.5773502691896257311 ) ) ;
#3380 = EDGE_CURVE ( 'NONE', #4646, #4895, #9354, .T. ) ;
#3381 = VECTOR ( 'NONE', #6786, 1000.000000000000000 ) ;
#3382 = EDGE_CURVE ( 'NONE', #10078, #8427, #8557, .T. ) ;
#3383 = CARTESIAN_POINT ( 'NONE',  ( 4.274999999999998579, 1.449999999999999956, -1.224999999999999645 ) ) ;
#3384 = SURFACE_SIDE_STYLE ('',( #860 ) ) ;
#3385 = EDGE_LOOP ( 'NONE', ( #8864, #2557, #644, #6529 ) ) ;
#3386 = LINE ( 'NONE', #8506, #3743 ) ;
#3387 = VERTEX_POINT ( 'NONE', #3725 ) ;
#3388 = AXIS2_PLACEMENT_3D ( 'NONE', #4487, #10221, #1369 ) ;
#3389 = ORIENTED_EDGE ( 'NONE', *, *, #1008, .T. ) ;
#3390 = EDGE_CURVE ( 'NONE', #4430, #4960, #2883, .T. ) ;
#3391 = VECTOR ( 'NONE', #4575, 1000.000000000000000 ) ;
#3392 = ORIENTED_EDGE ( 'NONE', *, *, #8808, .T. ) ;
#3393 = EDGE_CURVE ( 'NONE', #5908, #598, #2737, .T. ) ;
#3394 = CARTESIAN_POINT ( 'NONE',  ( 5.724999999999997868, 0.4999999999999998890, -0.8249999999999997335 ) ) ;
#3395 = CARTESIAN_POINT ( 'NONE',  ( 5.724999999999997868, 0.09999999999999999167, -0.8250000000000010658 ) ) ;
#3396 = DIRECTION ( 'NONE',  ( -0.5773502691896266192, 0.5773502691896266192, -0.5773502691896240657 ) ) ;
#3397 = FACE_OUTER_BOUND ( 'NONE', #579, .T. ) ;
#3398 = CARTESIAN_POINT ( 'NONE',  ( 3.024999999999997691, 0.3000000000000009881, -1.625000000000000666 ) ) ;
#3399 = CARTESIAN_POINT ( 'NONE',  ( 1.974999999999997646, 3.050000000000000266, -0.1049999999999996214 ) ) ;
#3400 = AXIS2_PLACEMENT_3D ( 'NONE', #2254, #3157, #10486 ) ;
#3401 = ADVANCED_FACE ( 'NONE', ( #8182 ), #5707, .T. ) ;
#3402 = ORIENTED_EDGE ( 'NONE', *, *, #803, .T. ) ;
#3403 = EDGE_CURVE ( 'NONE', #3420, #3407, #2467, .T. ) ;
#3404 = LINE ( 'NONE', #6822, #8323 ) ;
#3405 = ORIENTED_EDGE ( 'NONE', *, *, #10351, .T. ) ;
#3406 = CARTESIAN_POINT ( 'NONE',  ( 0.7249999999999990896, 3.299999999999999822, -0.9349999999999998312 ) ) ;
#3407 = VERTEX_POINT ( 'NONE', #5652 ) ;
#3408 = FACE_OUTER_BOUND ( 'NONE', #5432, .T. ) ;
#3409 =( LENGTH_UNIT ( ) NAMED_UNIT ( * ) SI_UNIT ( .MILLI., .METRE. ) );
#3410 = VERTEX_POINT ( 'NONE', #2521 ) ;
#3411 = CARTESIAN_POINT ( 'NONE',  ( 5.724999999999998757, 4.000000000000000000, -1.224999999999999645 ) ) ;
#3412 = VERTEX_POINT ( 'NONE', #3308 ) ;
#3413 = CARTESIAN_POINT ( 'NONE',  ( 4.474999999999996980, 0.09999999999999999167, -0.8250000000000010658 ) ) ;
#3414 = ORIENTED_EDGE ( 'NONE', *, *, #4525, .T. ) ;
#3415 = CARTESIAN_POINT ( 'NONE',  ( 3.024999999999998579, 1.449999999999999956, 0.3750000000000000000 ) ) ;
#3416 = FACE_OUTER_BOUND ( 'NONE', #871, .T. ) ;
#3417 = VECTOR ( 'NONE', #7091, 1000.000000000000000 ) ;
#3418 = ORIENTED_EDGE ( 'NONE', *, *, #10081, .F. ) ;
#3419 = LINE ( 'NONE', #1135, #4521 ) ;
#3420 = VERTEX_POINT ( 'NONE', #6580 ) ;
#3421 = PLANE ( 'NONE',  #8728 ) ;
#3422 = CARTESIAN_POINT ( 'NONE',  ( 5.524999999999997691, 0.09999999999999999167, -0.8250000000000010658 ) ) ;
#3423 = LINE ( 'NONE', #4964, #1764 ) ;
#3424 = CARTESIAN_POINT ( 'NONE',  ( 5.524999999999997691, -0.04999999999999568678, -2.474999999999999645 ) ) ;
#3425 = ADVANCED_FACE ( 'NONE', ( #8987 ), #4845, .F. ) ;
#3426 = ORIENTED_EDGE ( 'NONE', *, *, #7923, .T. ) ;
#3427 = DIRECTION ( 'NONE',  ( 1.000000000000000000, 0.000000000000000000, 0.000000000000000000 ) ) ;
#3428 = LINE ( 'NONE', #316, #9527 ) ;
#3429 = LINE ( 'NONE', #6851, #2877 ) ;
#3430 = AXIS2_PLACEMENT_3D ( 'NONE', #219, #322, #6857 ) ;
#3431 =( LENGTH_UNIT ( ) NAMED_UNIT ( * ) SI_UNIT ( .MILLI., .METRE. ) );
#3432 = EDGE_CURVE ( 'NONE', #451, #10280, #8236, .T. ) ;
#3433 = CIRCLE ( 'NONE', #10442, 0.05000000000000012768 ) ;
#3434 = CARTESIAN_POINT ( 'NONE',  ( 5.524999999999998579, 3.299999999999999822, -0.7749999999999999112 ) ) ;
#3435 = ORIENTED_EDGE ( 'NONE', *, *, #8487, .T. ) ;
#3436 = EDGE_CURVE ( 'NONE', #4192, #1390, #9616, .T. ) ;
#3437 = ORIENTED_EDGE ( 'NONE', *, *, #6659, .F. ) ;
#3438 = ADVANCED_FACE ( 'NONE', ( #8118 ), #5759, .T. ) ;
#3439 = ORIENTED_EDGE ( 'NONE', *, *, #6634, .F. ) ;
#3440 = EDGE_CURVE ( 'NONE', #144, #5908, #2300, .T. ) ;
#3441 = CARTESIAN_POINT ( 'NONE',  ( 0.5250000000000002442, 1.449999999999999956, -1.224999999999999645 ) ) ;
#3442 = DIRECTION ( 'NONE',  ( 1.000000000000000000, -0.000000000000000000, -0.000000000000000000 ) ) ;
#3443 =( LENGTH_UNIT ( ) NAMED_UNIT ( * ) SI_UNIT ( .MILLI., .METRE. ) );
#3444 = ADVANCED_FACE ( 'NONE', ( #9677 ), #837, .F. ) ;
#3445 = VECTOR ( 'NONE', #10508, 1000.000000000000000 ) ;
#3446 = CARTESIAN_POINT ( 'NONE',  ( 4.274999999999997691, -0.1499999999999963862, -1.474999999999999645 ) ) ;
#3447 = CARTESIAN_POINT ( 'NONE',  ( 0.7249999999999973133, -0.1499999999999963862, -2.374999999999999112 ) ) ;
#3448 = AXIS2_PLACEMENT_3D ( 'NONE', #3998, #8002, #729 ) ;
#3449 = VERTEX_POINT ( 'NONE', #4056 ) ;
#3450 = EDGE_CURVE ( 'NONE', #5298, #3338, #9794, .T. ) ;
#3451 = CIRCLE ( 'NONE', #4143, 0.05000000000000012768 ) ;
#3452 = DIRECTION ( 'NONE',  ( 1.000000000000000000, 0.000000000000000000, 0.000000000000000000 ) ) ;
#3453 = EDGE_LOOP ( 'NONE', ( #1738, #4725, #9015, #2098 ) ) ;
#3454 = VECTOR ( 'NONE', #9824, 1000.000000000000000 ) ;
#3455 = LINE ( 'NONE', #2853, #7215 ) ;
#3456 = LINE ( 'NONE', #4842, #724 ) ;
#3457 = ORIENTED_EDGE ( 'NONE', *, *, #3231, .F. ) ;
#3458 = LINE ( 'NONE', #5003, #4973 ) ;
#3459 = ORIENTED_EDGE ( 'NONE', *, *, #9637, .T. ) ;
#3460 = CARTESIAN_POINT ( 'NONE',  ( -1.625000000000001332, 2.349999999999999645, 0.6750000000000002665 ) ) ;
#3461 = VECTOR ( 'NONE', #6731, 1000.000000000000000 ) ;
#3462 = VECTOR ( 'NONE', #10217, 1000.000000000000000 ) ;
#3463 = DIRECTION ( 'NONE',  ( 1.000000000000000000, 0.000000000000000000, 0.000000000000000000 ) ) ;
#3464 = DIRECTION ( 'NONE',  ( 0.000000000000000000, 1.000000000000000000, 0.000000000000000000 ) ) ;
#3465 = VERTEX_POINT ( 'NONE', #5595 ) ;
#3466 = ADVANCED_FACE ( 'NONE', ( #7332 ), #3940, .F. ) ;
#3467 = VERTEX_POINT ( 'NONE', #6524 ) ;
#3468 = CARTESIAN_POINT ( 'NONE',  ( 5.524999999999998579, 3.299999999999999822, -1.224999999999999645 ) ) ;
#3469 = SURFACE_STYLE_USAGE ( .BOTH. , #9917 ) ;
#3470 = CIRCLE ( 'NONE', #6561, 0.1000000000000000472 ) ;
#3471 = DIRECTION ( 'NONE',  ( 0.000000000000000000, -1.000000000000000000, -0.000000000000000000 ) ) ;
#3472 = DIRECTION ( 'NONE',  ( -1.000000000000000000, -0.000000000000000000, -0.000000000000000000 ) ) ;
#3473 = LINE ( 'NONE', #1931, #10294 ) ;
#3474 = DIRECTION ( 'NONE',  ( 1.000000000000000000, 0.000000000000000000, -0.000000000000000000 ) ) ;
#3475 =( LENGTH_UNIT ( ) NAMED_UNIT ( * ) SI_UNIT ( .MILLI., .METRE. ) );
#3476 = FACE_OUTER_BOUND ( 'NONE', #2726, .T. ) ;
#3477 = CARTESIAN_POINT ( 'NONE',  ( 5.874999999999997335, 1.449999999999999956, 0.1750000000000000999 ) ) ;
#3478 = VERTEX_POINT ( 'NONE', #2361 ) ;
#3479 = CARTESIAN_POINT ( 'NONE',  ( 4.274999999999998579, 3.450000000000001510, 1.870248747537497357E-14 ) ) ;
#3480 = ORIENTED_EDGE ( 'NONE', *, *, #5605, .F. ) ;
#3481 = LINE ( 'NONE', #6760, #1865 ) ;
#3482 = EDGE_CURVE ( 'NONE', #4707, #7108, #6404, .T. ) ;
#3483 = ADVANCED_FACE ( 'NONE', ( #784 ), #10415, .F. ) ;
#3484 = EDGE_CURVE ( 'NONE', #6441, #1524, #7210, .T. ) ;
#3485 = AXIS2_PLACEMENT_3D ( 'NONE', #6883, #3710, #5306 ) ;
#3486 = DIRECTION ( 'NONE',  ( -1.000000000000000000, -0.000000000000000000, -0.000000000000000000 ) ) ;
#3487 = SURFACE_STYLE_FILL_AREA ( #6908 ) ;
#3488 = CARTESIAN_POINT ( 'NONE',  ( 0.5249999999999976907, 0.1792893218813486345, -1.745710678118654435 ) ) ;
#3489 = CARTESIAN_POINT ( 'NONE',  ( 4.474999999999996980, -0.04999999999999568678, -2.474999999999999645 ) ) ;
#3490 = CARTESIAN_POINT ( 'NONE',  ( 4.474999999999996980, 0.3500000000000009215, -1.374999999999999778 ) ) ;
#3491 = ORIENTED_EDGE ( 'NONE', *, *, #876, .T. ) ;
#3492 = VECTOR ( 'NONE', #821, 1000.000000000000000 ) ;
#3493 = EDGE_CURVE ( 'NONE', #5758, #3387, #10533, .T. ) ;
#3494 = AXIS2_PLACEMENT_3D ( 'NONE', #6925, #9327, #2020 ) ;
#3495 = EDGE_CURVE ( 'NONE', #8973, #1807, #2719, .T. ) ;
#3496 = DIRECTION ( 'NONE',  ( 0.000000000000000000, 1.000000000000000000, 3.252606517456514091E-15 ) ) ;
#3497 = ORIENTED_EDGE ( 'NONE', *, *, #5615, .T. ) ;
#3498 = DIRECTION ( 'NONE',  ( -1.000000000000000000, -0.000000000000000000, -0.000000000000000000 ) ) ;
#3499 = CARTESIAN_POINT ( 'NONE',  ( 5.724999999999997868, 2.575000000000000178, -1.200000000000000178 ) ) ;
#3500 = VECTOR ( 'NONE', #2035, 1000.000000000000000 ) ;
#3501 = FILL_AREA_STYLE_COLOUR ( '', #5140 ) ;
#3502 = ORIENTED_EDGE ( 'NONE', *, *, #8359, .T. ) ;
#3503 = LINE ( 'NONE', #8284, #3288 ) ;
#3504 = VERTEX_POINT ( 'NONE', #8433 ) ;
#3505 = AXIS2_PLACEMENT_3D ( 'NONE', #7009, #6258, #6198 ) ;
#3506 = CARTESIAN_POINT ( 'NONE',  ( 7.781793621149187601, 3.050000000000000266, -0.02500000000000021302 ) ) ;
#3507 = VECTOR ( 'NONE', #1649, 1000.000000000000114 ) ;
#3509 = ADVANCED_FACE ( 'NONE', ( #7539 ), #2623, .T. ) ;
#3508 = DIRECTION ( 'NONE',  ( -0.000000000000000000, -0.7071067811865475727, -0.7071067811865475727 ) ) ;
#3510 = EDGE_LOOP ( 'NONE', ( #791, #6566, #7842, #5706 ) ) ;
#3511 = CARTESIAN_POINT ( 'NONE',  ( -1.325000000000001510, -0.1499999999999963862, 0.3749999999999942268 ) ) ;
#3512 = VERTEX_POINT ( 'NONE', #5862 ) ;
#3513 = PRODUCT_CONTEXT ( 'NONE', #4497, 'mechanical' ) ;
#3514 = PLANE ( 'NONE',  #2247 ) ;
#3515 = ORIENTED_EDGE ( 'NONE', *, *, #7236, .T. ) ;
#3516 = PRESENTATION_STYLE_ASSIGNMENT (( #5871 ) ) ;
#3517 = EDGE_CURVE ( 'NONE', #7719, #3538, #1874, .T. ) ;
#3518 = CARTESIAN_POINT ( 'NONE',  ( -6.875000000000000000, 3.950000000000000178, 0.3750000000000001110 ) ) ;
#3519 = CARTESIAN_POINT ( 'NONE',  ( 3.224999999999997424, 0.1500000000000037970, -1.816421356237308826 ) ) ;
#3520 = CARTESIAN_POINT ( 'NONE',  ( 3.024999999999997691, -0.04999999999999636680, -2.375000000000000000 ) ) ;
#3521 = ORIENTED_EDGE ( 'NONE', *, *, #6161, .T. ) ;
#3522 = LINE ( 'NONE', #2734, #7708 ) ;
#3523 = VECTOR ( 'NONE', #3703, 1000.000000000000000 ) ;
#3524 = DIRECTION ( 'NONE',  ( 0.000000000000000000, -1.000000000000000000, -1.251002506714043540E-16 ) ) ;
#3525 = ADVANCED_FACE ( 'NONE', ( #10096 ), #7630, .F. ) ;
#3526 = CARTESIAN_POINT ( 'NONE',  ( 7.575000000000000178, 0.5999999999999999778, 1.825000000000000622 ) ) ;
#3527 = MECHANICAL_DESIGN_GEOMETRIC_PRESENTATION_REPRESENTATION (  '', ( #6253 ), #6446 ) ;
#3528 = CARTESIAN_POINT ( 'NONE',  ( 1.774999999999998801, 3.299999999999999822, -1.224999999999999645 ) ) ;
#3529 = DIRECTION ( 'NONE',  ( 0.000000000000000000, 0.000000000000000000, -1.000000000000000000 ) ) ;
#3530 = VERTEX_POINT ( 'NONE', #3411 ) ;
#3531 = DIRECTION ( 'NONE',  ( 0.000000000000000000, -1.000000000000000000, 0.000000000000000000 ) ) ;
#3532 = ORIENTED_EDGE ( 'NONE', *, *, #9977, .F. ) ;
#3533 = ORIENTED_EDGE ( 'NONE', *, *, #8338, .T. ) ;
#3534 = CARTESIAN_POINT ( 'NONE',  ( 5.724999999999997868, 1.199999999999999734, 0.1750000000000000722 ) ) ;
#3535 = VECTOR ( 'NONE', #569, 1000.000000000000000 ) ;
#3536 = AXIS2_PLACEMENT_3D ( 'NONE', #5149, #8390, #5766 ) ;
#3537 = VECTOR ( 'NONE', #8098, 1000.000000000000000 ) ;
#3538 = VERTEX_POINT ( 'NONE', #10001 ) ;
#3539 = DIRECTION ( 'NONE',  ( -1.000000000000000000, -0.000000000000000000, -0.000000000000000000 ) ) ;
#3540 = LINE ( 'NONE', #9221, #2545 ) ;
#3541 = ADVANCED_FACE ( 'NONE', ( #1129 ), #6683, .F. ) ;
#3542 = ORIENTED_EDGE ( 'NONE', *, *, #6308, .T. ) ;
#3543 = AXIS2_PLACEMENT_3D ( 'NONE', #3035, #840, #8005 ) ;
#3544 = PRODUCT_DEFINITION_CONTEXT ( 'detailed design', #6508, 'design' ) ;
#3545 = CARTESIAN_POINT ( 'NONE',  ( 3.024999999999999023, 4.000000000000000000, -1.224999999999999645 ) ) ;
#3546 = ORIENTED_EDGE ( 'NONE', *, *, #7092, .F. ) ;
#3547 = DIRECTION ( 'NONE',  ( 0.000000000000000000, 0.7071067811865431318, 0.7071067811865517916 ) ) ;
#3548 = DIRECTION ( 'NONE',  ( -1.000000000000000000, -0.000000000000000000, -0.000000000000000000 ) ) ;
#3549 = EDGE_CURVE ( 'NONE', #4440, #10433, #4167, .T. ) ;
#3550 = DIRECTION ( 'NONE',  ( 0.000000000000000000, 0.000000000000000000, 1.000000000000000000 ) ) ;
#3551 = AXIS2_PLACEMENT_3D ( 'NONE', #6180, #9297, #5423 ) ;
#3552 = CARTESIAN_POINT ( 'NONE',  ( -0.6250000000000014433, 3.950000000000000178, -1.174999999999999822 ) ) ;
#3553 = EDGE_LOOP ( 'NONE', ( #4097, #6993, #1218, #7418 ) ) ;
#3554 = DIRECTION ( 'NONE',  ( 0.000000000000000000, -0.000000000000000000, 1.000000000000000000 ) ) ;
#3555 = EDGE_CURVE ( 'NONE', #6997, #6412, #8385, .T. ) ;
#3556 = EDGE_CURVE ( 'NONE', #7421, #468, #1087, .T. ) ;
#3557 = EDGE_LOOP ( 'NONE', ( #10325, #6343, #8190, #8561 ) ) ;
#3558 = CARTESIAN_POINT ( 'NONE',  ( 4.330089135474556095, 0.5999999999999999778, 1.825000000000000622 ) ) ;
#3559 =( GEOMETRIC_REPRESENTATION_CONTEXT ( 3 ) GLOBAL_UNCERTAINTY_ASSIGNED_CONTEXT ( ( #7530 ) ) GLOBAL_UNIT_ASSIGNED_CONTEXT ( ( #355, #9863, #5063 ) ) REPRESENTATION_CONTEXT ( 'NONE', 'WORKASPACE' ) );
#3560 = LINE ( 'NONE', #6834, #6777 ) ;
#3561 = VERTEX_POINT ( 'NONE', #1964 ) ;
#3562 = CARTESIAN_POINT ( 'NONE',  ( 3.224999999999997868, 3.950000000000000178, 0.1750000000000000722 ) ) ;
#3563 = EDGE_LOOP ( 'NONE', ( #190, #1726, #4297, #4695, #7417, #5712 ) ) ;
#3564 = CARTESIAN_POINT ( 'NONE',  ( -6.875000000000000000, 3.950000000000000178, -1.174999999999999822 ) ) ;
#3565 = DIRECTION ( 'NONE',  ( 1.000000000000000000, 0.000000000000000000, -0.000000000000000000 ) ) ;
#3566 = CARTESIAN_POINT ( 'NONE',  ( 5.724999999999997868, 0.4999999999999998890, -0.8249999999999997335 ) ) ;
#3567 = ADVANCED_FACE ( 'NONE', ( #5954 ), #5811, .F. ) ;
#3568 = LINE ( 'NONE', #10017, #1151 ) ;
#3569 = CARTESIAN_POINT ( 'NONE',  ( 4.474999999999996980, 0.3000000000000009881, -1.625000000000000666 ) ) ;
#3570 = VERTEX_POINT ( 'NONE', #2759 ) ;
#3571 = PLANE ( 'NONE',  #8741 ) ;
#3572 = DIRECTION ( 'NONE',  ( 3.336006684570783101E-16, 1.000000000000000000, -0.000000000000000000 ) ) ;
#3573 = ORIENTED_EDGE ( 'NONE', *, *, #1590, .T. ) ;
#3574 = CARTESIAN_POINT ( 'NONE',  ( 5.524999999999997691, -0.1499999999999963862, -1.474999999999999645 ) ) ;
#3575 = EDGE_CURVE ( 'NONE', #8610, #5131, #5193, .T. ) ;
#3576 = VERTEX_POINT ( 'NONE', #247 ) ;
#3577 = DIRECTION ( 'NONE',  ( 1.000000000000000000, 0.000000000000000000, 0.000000000000000000 ) ) ;
#3578 = ORIENTED_EDGE ( 'NONE', *, *, #2703, .T. ) ;
#3579 = CARTESIAN_POINT ( 'NONE',  ( 1.974999999999998090, 1.449999999999999956, 0.1750000000000000722 ) ) ;
#3580 = EDGE_CURVE ( 'NONE', #1071, #5223, #296, .T. ) ;
#3581 = VECTOR ( 'NONE', #3471, 1000.000000000000000 ) ;
#3582 = ORIENTED_EDGE ( 'NONE', *, *, #8860, .F. ) ;
#3583 = EDGE_CURVE ( 'NONE', #4795, #7336, #9232, .T. ) ;
#3584 = LINE ( 'NONE', #7234, #186 ) ;
#3585 = VECTOR ( 'NONE', #1581, 1000.000000000000000 ) ;
#3586 = VERTEX_POINT ( 'NONE', #2573 ) ;
#3587 = CARTESIAN_POINT ( 'NONE',  ( 3.224999999999997424, -0.1499999999999963862, -1.474999999999999645 ) ) ;
#3588 = LINE ( 'NONE', #8038, #6542 ) ;
#3589 = LINE ( 'NONE', #6722, #9341 ) ;
#3590 = VECTOR ( 'NONE', #5106, 1000.000000000000000 ) ;
#3591 = ORIENTED_EDGE ( 'NONE', *, *, #6501, .F. ) ;
#3592 = DIRECTION ( 'NONE',  ( -1.000000000000000000, 0.000000000000000000, 1.807003620809174632E-16 ) ) ;
#3593 = ORIENTED_EDGE ( 'NONE', *, *, #6014, .F. ) ;
#3594 = EDGE_CURVE ( 'NONE', #185, #7380, #9091, .T. ) ;
#3595 = DIRECTION ( 'NONE',  ( 3.336006684570783101E-16, 1.000000000000000000, 0.000000000000000000 ) ) ;
#3596 = AXIS2_PLACEMENT_3D ( 'NONE', #1600, #2689, #5162 ) ;
#3597 = VECTOR ( 'NONE', #1626, 1000.000000000000000 ) ;
#3598 = DIRECTION ( 'NONE',  ( 0.000000000000000000, 0.000000000000000000, -1.000000000000000000 ) ) ;
#3599 = SURFACE_SIDE_STYLE ('',( #5294 ) ) ;
#3600 = ORIENTED_EDGE ( 'NONE', *, *, #8800, .F. ) ;
#3601 = CYLINDRICAL_SURFACE ( 'NONE', #8117, 0.09999999999999982514 ) ;
#3602 = ORIENTED_EDGE ( 'NONE', *, *, #5317, .F. ) ;
#3603 = VECTOR ( 'NONE', #3306, 1000.000000000000114 ) ;
#3604 = DIRECTION ( 'NONE',  ( 0.000000000000000000, 4.553649124439118623E-15, -1.000000000000000000 ) ) ;
#3605 = AXIS2_PLACEMENT_3D ( 'NONE', #4106, #7483, #135 ) ;
#3606 = DIRECTION ( 'NONE',  ( 1.000000000000000000, 0.000000000000000000, 1.807003620809174632E-16 ) ) ;
#3607 = EDGE_CURVE ( 'NONE', #8535, #4591, #3458, .T. ) ;
#3608 = CARTESIAN_POINT ( 'NONE',  ( 0.5250000000000002442, 1.449999999999999956, -1.174999999999999822 ) ) ;
#3609 = EDGE_LOOP ( 'NONE', ( #8797, #7847, #3282, #2315 ) ) ;
#3610 = LINE ( 'NONE', #452, #3092 ) ;
#3611 = DIRECTION ( 'NONE',  ( 0.000000000000000000, 0.000000000000000000, -1.000000000000000000 ) ) ;
#3612 = MECHANICAL_DESIGN_GEOMETRIC_PRESENTATION_REPRESENTATION (  '', ( #2107 ), #266 ) ;
#3613 = PLANE ( 'NONE',  #1655 ) ;
#3614 = LINE ( 'NONE', #3569, #8760 ) ;
#3615 = VECTOR ( 'NONE', #894, 1000.000000000000000 ) ;
#3616 = ORIENTED_EDGE ( 'NONE', *, *, #5165, .F. ) ;
#3617 = CARTESIAN_POINT ( 'NONE',  ( 0.5249999999999976907, 0.4999999999999998890, -0.8249999999999997335 ) ) ;
#3618 = LINE ( 'NONE', #5417, #762 ) ;
#3619 = FACE_OUTER_BOUND ( 'NONE', #7010, .T. ) ;
#3620 = ORIENTED_EDGE ( 'NONE', *, *, #3826, .F. ) ;
#3621 = DIRECTION ( 'NONE',  ( 0.000000000000000000, 0.7071067811865405783, 0.7071067811865545671 ) ) ;
#3622 = EDGE_CURVE ( 'NONE', #795, #9779, #3503, .T. ) ;
#3623 = VERTEX_POINT ( 'NONE', #6781 ) ;
#3624 = LINE ( 'NONE', #5269, #3688 ) ;
#3625 = EDGE_CURVE ( 'NONE', #445, #3805, #991, .T. ) ;
#3626 = VERTEX_POINT ( 'NONE', #2069 ) ;
#3627 = CARTESIAN_POINT ( 'NONE',  ( -1.625000000000001332, 1.999999999999999112, 2.475000000000000089 ) ) ;
#3628 = DIRECTION ( 'NONE',  ( -1.000000000000000000, -0.000000000000000000, -0.000000000000000000 ) ) ;
#3629 = ORIENTED_EDGE ( 'NONE', *, *, #810, .T. ) ;
#3630 = DIRECTION ( 'NONE',  ( -0.000000000000000000, -0.000000000000000000, 1.000000000000000000 ) ) ;
#3631 = CARTESIAN_POINT ( 'NONE',  ( -0.1250000000000018319, 0.7428932188134522718, 0.3749999999999998335 ) ) ;
#3632 = ORIENTED_EDGE ( 'NONE', *, *, #8405, .T. ) ;
#3633 = EDGE_CURVE ( 'NONE', #9109, #3120, #3754, .T. ) ;
#3634 = ORIENTED_EDGE ( 'NONE', *, *, #8258, .T. ) ;
#3635 = CARTESIAN_POINT ( 'NONE',  ( 1.774999999999999245, 1.449999999999999956, 0.1750000000000000722 ) ) ;
#3636 = EDGE_CURVE ( 'NONE', #4306, #2651, #2175, .T. ) ;
#3637 = LINE ( 'NONE', #3441, #4347 ) ;
#3638 = ORIENTED_EDGE ( 'NONE', *, *, #5907, .T. ) ;
#3639 = EDGE_CURVE ( 'NONE', #7181, #6329, #7876, .T. ) ;
#3640 = DIRECTION ( 'NONE',  ( -1.000000000000000000, 4.688441826964343312E-16, 0.000000000000000000 ) ) ;
#3641 = DIRECTION ( 'NONE',  ( 0.000000000000000000, -0.7071067811865431318, -0.7071067811865517916 ) ) ;
#3642 = CARTESIAN_POINT ( 'NONE',  ( 5.724999999999998757, 1.449999999999999956, -0.7749999999999999112 ) ) ;
#3643 = ORIENTED_EDGE ( 'NONE', *, *, #1778, .F. ) ;
#3644 = ORIENTED_EDGE ( 'NONE', *, *, #4015, .F. ) ;
#3645 = CARTESIAN_POINT ( 'NONE',  ( 4.474999999999996980, 0.1500000000000037970, -1.816421356237308826 ) ) ;
#3646 = FACE_OUTER_BOUND ( 'NONE', #101, .T. ) ;
#3647 = ORIENTED_EDGE ( 'NONE', *, *, #4760, .T. ) ;
#3648 = DIRECTION ( 'NONE',  ( 3.336006684570783101E-16, 1.000000000000000000, -0.000000000000000000 ) ) ;
#3649 = VECTOR ( 'NONE', #2080, 1000.000000000000000 ) ;
#3650 = VERTEX_POINT ( 'NONE', #4402 ) ;
#3651 = PLANE ( 'NONE',  #8846 ) ;
#3652 =( GEOMETRIC_REPRESENTATION_CONTEXT ( 3 ) GLOBAL_UNCERTAINTY_ASSIGNED_CONTEXT ( ( #8679 ) ) GLOBAL_UNIT_ASSIGNED_CONTEXT ( ( #2295, #6396, #6616 ) ) REPRESENTATION_CONTEXT ( 'NONE', 'WORKASPACE' ) );
#3653 = DIRECTION ( 'NONE',  ( 0.000000000000000000, -0.000000000000000000, 1.000000000000000000 ) ) ;
#3654 = AXIS2_PLACEMENT_3D ( 'NONE', #3921, #2342, #7136 ) ;
#3655 = VERTEX_POINT ( 'NONE', #2913 ) ;
#3656 = DIRECTION ( 'NONE',  ( -1.000000000000000000, 0.000000000000000000, 0.000000000000000000 ) ) ;
#3657 = FACE_OUTER_BOUND ( 'NONE', #9559, .T. ) ;
#3658 = DIRECTION ( 'NONE',  ( 0.000000000000000000, 0.000000000000000000, 1.000000000000000000 ) ) ;
#3659 = DIRECTION ( 'NONE',  ( 0.000000000000000000, -1.000000000000000000, -3.252606517456514091E-15 ) ) ;
#3660 = ADVANCED_FACE ( 'NONE', ( #10346 ), #10299, .T. ) ;
#3661 = VERTEX_POINT ( 'NONE', #1389 ) ;
#3662 = DIRECTION ( 'NONE',  ( 0.000000000000000000, 1.000000000000000000, 0.000000000000000000 ) ) ;
#3663 = DIRECTION ( 'NONE',  ( -0.000000000000000000, -0.000000000000000000, -1.000000000000000000 ) ) ;
#3664 = ORIENTED_EDGE ( 'NONE', *, *, #4922, .T. ) ;
#3665 = CARTESIAN_POINT ( 'NONE',  ( -1.525000000000001243, 2.349999999999999645, 1.675000000000000266 ) ) ;
#3666 = EDGE_CURVE ( 'NONE', #5079, #874, #9382, .T. ) ;
#3667 = EDGE_CURVE ( 'NONE', #3228, #7375, #2806, .T. ) ;
#3668 = VECTOR ( 'NONE', #7221, 1000.000000000000000 ) ;
#3669 = ORIENTED_EDGE ( 'NONE', *, *, #4359, .T. ) ;
#3670 = DIRECTION ( 'NONE',  ( 0.000000000000000000, 0.000000000000000000, -1.000000000000000000 ) ) ;
#3671 = ORIENTED_EDGE ( 'NONE', *, *, #10171, .F. ) ;
#3672 = DIRECTION ( 'NONE',  ( 0.000000000000000000, 0.9284766908852604139, -0.3713906763541011125 ) ) ;
#3673 = ORIENTED_EDGE ( 'NONE', *, *, #2193, .T. ) ;
#3674 = AXIS2_PLACEMENT_3D ( 'NONE', #900, #3151, #2529 ) ;
#3675 = LINE ( 'NONE', #7799, #9097 ) ;
#3676 = ORIENTED_EDGE ( 'NONE', *, *, #6161, .F. ) ;
#3677 = CARTESIAN_POINT ( 'NONE',  ( 4.624999999999998224, 1.449999999999999956, 0.1750000000000000999 ) ) ;
#3678 = CARTESIAN_POINT ( 'NONE',  ( 4.274999999999997691, 0.3000000000000009881, -1.625000000000000666 ) ) ;
#3679 = ORIENTED_EDGE ( 'NONE', *, *, #9020, .F. ) ;
#3680 = VERTEX_POINT ( 'NONE', #7027 ) ;
#3681 = ADVANCED_FACE ( 'NONE', ( #7668 ), #1179, .F. ) ;
#3682 = CARTESIAN_POINT ( 'NONE',  ( 0.000000000000000000, 0.000000000000000000, 0.000000000000000000 ) ) ;
#3683 = ADVANCED_FACE ( 'NONE', ( #4503 ), #9434, .T. ) ;
#3684 = EDGE_CURVE ( 'NONE', #1691, #9058, #2961, .T. ) ;
#3685 = AXIS2_PLACEMENT_3D ( 'NONE', #2753, #5994, #3496 ) ;
#3686 = DIRECTION ( 'NONE',  ( 0.000000000000000000, 0.000000000000000000, 1.000000000000000000 ) ) ;
#3687 = ORIENTED_EDGE ( 'NONE', *, *, #2159, .F. ) ;
#3688 = VECTOR ( 'NONE', #9254, 1000.000000000000227 ) ;
#3689 = LINE ( 'NONE', #1269, #3211 ) ;
#3690 = DIRECTION ( 'NONE',  ( 1.000000000000000000, 0.000000000000000000, 1.807003620809174632E-16 ) ) ;
#3691 = ORIENTED_EDGE ( 'NONE', *, *, #150, .T. ) ;
#3692 = ADVANCED_FACE ( 'NONE', ( #8528 ), #3601, .T. ) ;
#3693 = VECTOR ( 'NONE', #1787, 1000.000000000000000 ) ;
#3694 = ORIENTED_EDGE ( 'NONE', *, *, #9941, .F. ) ;
#3695 = LINE ( 'NONE', #6969, #486 ) ;
#3696 = CARTESIAN_POINT ( 'NONE',  ( 3.024999999999999023, 1.449999999999999956, 0.1750000000000000722 ) ) ;
#3697 = CARTESIAN_POINT ( 'NONE',  ( -1.125000000000001776, 0.2500000000000000000, -0.3340169943749460302 ) ) ;
#3698 = EDGE_CURVE ( 'NONE', #3449, #4499, #2230, .T. ) ;
#3699 = ORIENTED_EDGE ( 'NONE', *, *, #8051, .F. ) ;
#3700 = DIRECTION ( 'NONE',  ( 0.000000000000000000, -2.456395547037470490E-16, 1.000000000000000000 ) ) ;
#3701 = AXIS2_PLACEMENT_3D ( 'NONE', #8847, #1542, #8039 ) ;
#3702 = ORIENTED_EDGE ( 'NONE', *, *, #10065, .F. ) ;
#3703 = DIRECTION ( 'NONE',  ( 0.000000000000000000, -1.000000000000000000, -2.456395547037470490E-16 ) ) ;
#3704 = VECTOR ( 'NONE', #1829, 1000.000000000000000 ) ;
#3705 = ORIENTED_EDGE ( 'NONE', *, *, #4327, .F. ) ;
#3706 = DIRECTION ( 'NONE',  ( 0.000000000000000000, 0.000000000000000000, 1.000000000000000000 ) ) ;
#3707 = VECTOR ( 'NONE', #54, 1000.000000000000000 ) ;
#3708 = DIRECTION ( 'NONE',  ( 0.000000000000000000, -1.000000000000000000, -2.456395547037470490E-16 ) ) ;
#3709 = ORIENTED_EDGE ( 'NONE', *, *, #489, .T. ) ;
#3710 = DIRECTION ( 'NONE',  ( 0.000000000000000000, 1.000000000000000000, 0.000000000000000000 ) ) ;
#3711 = DIRECTION ( 'NONE',  ( 1.000000000000000000, 0.000000000000000000, -1.807003620809174632E-16 ) ) ;
#3712 = ORIENTED_EDGE ( 'NONE', *, *, #177, .T. ) ;
#3713 = VERTEX_POINT ( 'NONE', #7774 ) ;
#3714 = CARTESIAN_POINT ( 'NONE',  ( 0.7249999999999982014, 1.449999999999999956, -1.224999999999999645 ) ) ;
#3715 = CARTESIAN_POINT ( 'NONE',  ( 2.124999999999997780, 1.449999999999999956, 0.1750000000000000999 ) ) ;
#3716 = AXIS2_PLACEMENT_3D ( 'NONE', #9510, #5316, #5266 ) ;
#3717 = DIRECTION ( 'NONE',  ( 4.688441826964343312E-16, 1.000000000000000000, -0.000000000000000000 ) ) ;
#3718 = DIRECTION ( 'NONE',  ( 0.000000000000000000, -0.7071067811865472397, -0.7071067811865479058 ) ) ;
#3719 = ORIENTED_EDGE ( 'NONE', *, *, #6159, .T. ) ;
#3720 = DIRECTION ( 'NONE',  ( -1.000000000000000000, -0.000000000000000000, -0.000000000000000000 ) ) ;
#3721 = ORIENTED_EDGE ( 'NONE', *, *, #10342, .T. ) ;
#3722 = ORIENTED_EDGE ( 'NONE', *, *, #1073, .T. ) ;
#3723 = CARTESIAN_POINT ( 'NONE',  ( 7.774999999999999467, 2.349999999999999645, 0.6750000000000002665 ) ) ;
#3724 = EDGE_CURVE ( 'NONE', #1966, #836, #3809, .T. ) ;
#3725 = CARTESIAN_POINT ( 'NONE',  ( 6.275000000000001243, 4.049999999999999822, 0.9749999999999990896 ) ) ;
#3726 = ORIENTED_EDGE ( 'NONE', *, *, #3639, .T. ) ;
#3727 = CARTESIAN_POINT ( 'NONE',  ( 5.724999999999997868, 0.09999999999999999167, -0.8250000000000010658 ) ) ;
#3728 = CARTESIAN_POINT ( 'NONE',  ( 4.274999999999998579, 3.449999999999999289, 0.2949999999999999289 ) ) ;
#3729 = ORIENTED_EDGE ( 'NONE', *, *, #8961, .F. ) ;
#3730 = ORIENTED_EDGE ( 'NONE', *, *, #5366, .F. ) ;
#3731 = CARTESIAN_POINT ( 'NONE',  ( 5.281793621149187601, 6.140988867593913192E-18, -0.02500000000000096242 ) ) ;
#3732 = ADVANCED_FACE ( 'NONE', ( #497 ), #8482, .F. ) ;
#3733 = AXIS2_PLACEMENT_3D ( 'NONE', #8397, #5723, #8251 ) ;
#3734 = ADVANCED_FACE ( 'NONE', ( #5402 ), #8690, .F. ) ;
#3735 = FACE_OUTER_BOUND ( 'NONE', #5343, .T. ) ;
#3736 = EDGE_LOOP ( 'NONE', ( #5936, #8489, #884, #1357 ) ) ;
#3737 = CARTESIAN_POINT ( 'NONE',  ( 1.974999999999998979, 3.950000000000000178, 0.3750000000000001110 ) ) ;
#3738 = PLANE ( 'NONE',  #6631 ) ;
#3739 = LINE ( 'NONE', #4658, #1871 ) ;
#3740 = ORIENTED_EDGE ( 'NONE', *, *, #6185, .T. ) ;
#3741 = VECTOR ( 'NONE', #4463, 1000.000000000000000 ) ;
#3742 = AXIS2_PLACEMENT_3D ( 'NONE', #745, #1749, #108 ) ;
#3743 = VECTOR ( 'NONE', #5123, 1000.000000000000000 ) ;
#3744 = EDGE_CURVE ( 'NONE', #9240, #6450, #5246, .T. ) ;
#3745 = VERTEX_POINT ( 'NONE', #880 ) ;
#3746 = CARTESIAN_POINT ( 'NONE',  ( 0.7249999999999999778, 1.449999999999999956, -1.224999999999999645 ) ) ;
#3747 = EDGE_CURVE ( 'NONE', #9109, #9915, #7318, .T. ) ;
#3748 = DIRECTION ( 'NONE',  ( 3.336006684570783101E-16, 1.000000000000000000, 0.000000000000000000 ) ) ;
#3749 = VECTOR ( 'NONE', #207, 1000.000000000000000 ) ;
#3750 = DIRECTION ( 'NONE',  ( -0.000000000000000000, -0.7071067811865431318, -0.7071067811865517916 ) ) ;
#3751 =( LENGTH_UNIT ( ) NAMED_UNIT ( * ) SI_UNIT ( .MILLI., .METRE. ) );
#3752 = EDGE_CURVE ( 'NONE', #9495, #3139, #1491, .T. ) ;
#3753 = ORIENTED_EDGE ( 'NONE', *, *, #5098, .T. ) ;
#3754 = LINE ( 'NONE', #7725, #411 ) ;
#3755 = EDGE_LOOP ( 'NONE', ( #9040, #9684, #7796, #1510 ) ) ;
#3756 = LINE ( 'NONE', #8533, #7474 ) ;
#3757 = ORIENTED_EDGE ( 'NONE', *, *, #7669, .T. ) ;
#3758 = EDGE_CURVE ( 'NONE', #4671, #7212, #2345, .T. ) ;
#3759 = ORIENTED_EDGE ( 'NONE', *, *, #8451, .F. ) ;
#3760 = PLANE ( 'NONE',  #406 ) ;
#3761 = CARTESIAN_POINT ( 'NONE',  ( 7.375000000000000888, 1.899999999999999911, 1.825000000000000622 ) ) ;
#3762 = PLANE ( 'NONE',  #9065 ) ;
#3763 = LINE ( 'NONE', #1239, #2128 ) ;
#3764 = PLANE ( 'NONE',  #94 ) ;
#3765 = ORIENTED_EDGE ( 'NONE', *, *, #9183, .F. ) ;
#3766 = LINE ( 'NONE', #5416, #8310 ) ;
#3767 = LINE ( 'NONE', #1347, #6861 ) ;
#3768 = ORIENTED_EDGE ( 'NONE', *, *, #2072, .F. ) ;
#3769 = CARTESIAN_POINT ( 'NONE',  ( -6.875000000000000000, 3.950000000000000178, 0.3750000000000001110 ) ) ;
#3770 = VECTOR ( 'NONE', #5491, 1000.000000000000000 ) ;
#3771 = AXIS2_PLACEMENT_3D ( 'NONE', #6134, #6855, #1361 ) ;
#3772 = DIRECTION ( 'NONE',  ( 3.336006684570783101E-16, 1.000000000000000000, -0.000000000000000000 ) ) ;
#3773 = DIRECTION ( 'NONE',  ( 1.000000000000000000, -3.336006684570783101E-16, 0.000000000000000000 ) ) ;
#3774 = EDGE_CURVE ( 'NONE', #9915, #4103, #824, .T. ) ;
#3775 = CARTESIAN_POINT ( 'NONE',  ( 1.774999999999999245, 3.950000000000000178, -1.174999999999999822 ) ) ;
#3776 = ORIENTED_EDGE ( 'NONE', *, *, #6671, .T. ) ;
#3777 = EDGE_LOOP ( 'NONE', ( #8419, #2201, #10134, #2843 ) ) ;
#3778 = CARTESIAN_POINT ( 'NONE',  ( -1.125000000000000888, 3.950000000000000178, 0.000000000000000000 ) ) ;
#3779 = ORIENTED_EDGE ( 'NONE', *, *, #7649, .F. ) ;
#3780 = DIRECTION ( 'NONE',  ( -1.000000000000000000, 0.000000000000000000, 0.000000000000000000 ) ) ;
#3781 = VECTOR ( 'NONE', #2298, 1000.000000000000000 ) ;
#3782 = ORIENTED_EDGE ( 'NONE', *, *, #280, .T. ) ;
#3783 = CARTESIAN_POINT ( 'NONE',  ( 1.974999999999997646, 1.449999999999999956, -0.02500000000000060854 ) ) ;
#3784 = VECTOR ( 'NONE', #5653, 1000.000000000000000 ) ;
#3785 = FACE_OUTER_BOUND ( 'NONE', #6543, .T. ) ;
#3786 = ORIENTED_EDGE ( 'NONE', *, *, #1229, .T. ) ;
#3787 = DIRECTION ( 'NONE',  ( 0.000000000000000000, 1.000000000000000000, 0.000000000000000000 ) ) ;
#3788 = CARTESIAN_POINT ( 'NONE',  ( -1.125000000000001776, 1.899999999999999689, 2.375000000000000888 ) ) ;
#3789 = ORIENTED_EDGE ( 'NONE', *, *, #1594, .F. ) ;
#3790 = ORIENTED_EDGE ( 'NONE', *, *, #9941, .T. ) ;
#3791 = DIRECTION ( 'NONE',  ( 0.000000000000000000, 0.000000000000000000, 1.000000000000000000 ) ) ;
#3792 = COLOUR_RGB ( '',0.7960784313725489669, 0.8235294117647058432, 0.9372549019607843146 ) ;
#3793 = ADVANCED_FACE ( 'NONE', ( #772 ), #10461, .T. ) ;
#3794 = VECTOR ( 'NONE', #7785, 1000.000000000000000 ) ;
#3795 = CARTESIAN_POINT ( 'NONE',  ( 5.724999999999997868, 0.1500000000000037970, -1.816421356237308826 ) ) ;
#3796 = EDGE_LOOP ( 'NONE', ( #6063, #6087, #8434, #425 ) ) ;
#3797 = LINE ( 'NONE', #7066, #2675 ) ;
#3798 = ORIENTED_EDGE ( 'NONE', *, *, #5698, .T. ) ;
#3799 = DIRECTION ( 'NONE',  ( 0.000000000000000000, -4.336808689942002452E-16, 1.000000000000000000 ) ) ;
#3800 = DIRECTION ( 'NONE',  ( 0.000000000000000000, 0.000000000000000000, 1.000000000000000000 ) ) ;
#3801 = EDGE_CURVE ( 'NONE', #3713, #10228, #77, .T. ) ;
#3802 = LINE ( 'NONE', #2111, #8866 ) ;
#3803 = ORIENTED_EDGE ( 'NONE', *, *, #7761, .T. ) ;
#3804 = EDGE_CURVE ( 'NONE', #7264, #2390, #3869, .T. ) ;
#3805 = VERTEX_POINT ( 'NONE', #9718 ) ;
#3806 = CARTESIAN_POINT ( 'NONE',  ( 4.274999999999997691, 0.1000000000000020872, -1.224999999999998312 ) ) ;
#3807 =( LENGTH_UNIT ( ) NAMED_UNIT ( * ) SI_UNIT ( .MILLI., .METRE. ) );
#3808 = ORIENTED_EDGE ( 'NONE', *, *, #9774, .T. ) ;
#3809 = LINE ( 'NONE', #8632, #5892 ) ;
#3810 = VERTEX_POINT ( 'NONE', #8974 ) ;
#3811 = EDGE_CURVE ( 'NONE', #5752, #9880, #3133, .T. ) ;
#3812 = LINE ( 'NONE', #3021, #5057 ) ;
#3813 = ORIENTED_EDGE ( 'NONE', *, *, #4029, .F. ) ;
#3814 = VERTEX_POINT ( 'NONE', #2404 ) ;
#3815 = CARTESIAN_POINT ( 'NONE',  ( 4.274999999999998579, 1.449999999999999956, -0.7749999999999999112 ) ) ;
#3816 = CARTESIAN_POINT ( 'NONE',  ( 3.024999999999997691, 0.2500000000000037748, -1.816421356237308826 ) ) ;
#3817 = VECTOR ( 'NONE', #1397, 1000.000000000000000 ) ;
#3818 = CARTESIAN_POINT ( 'NONE',  ( 5.874999999999997335, 1.449999999999999956, 0.3750000000000000000 ) ) ;
#3819 = SURFACE_STYLE_FILL_AREA ( #10531 ) ;
#3820 = ORIENTED_EDGE ( 'NONE', *, *, #8615, .F. ) ;
#3821 = CARTESIAN_POINT ( 'NONE',  ( -1.625000000000001332, 0.000000000000000000, -0.8249999999999997335 ) ) ;
#3822 = CARTESIAN_POINT ( 'NONE',  ( 0.000000000000000000, 0.000000000000000000, 2.375000000000000444 ) ) ;
#3823 = EDGE_LOOP ( 'NONE', ( #7192, #8392, #3931, #2595 ) ) ;
#3824 = DIRECTION ( 'NONE',  ( 0.000000000000000000, 1.000000000000000000, 0.000000000000000000 ) ) ;
#3825 = CARTESIAN_POINT ( 'NONE',  ( -1.625000000000001332, 4.049999999999999822, 2.475000000000000089 ) ) ;
#3826 = EDGE_CURVE ( 'NONE', #702, #8763, #1670, .T. ) ;
#3827 = LINE ( 'NONE', #6944, #1545 ) ;
#3828 = VECTOR ( 'NONE', #7646, 1000.000000000000000 ) ;
#3829 = DIRECTION ( 'NONE',  ( 0.000000000000000000, 0.000000000000000000, 1.000000000000000000 ) ) ;
#3830 = VERTEX_POINT ( 'NONE', #7985 ) ;
#3831 = VERTEX_POINT ( 'NONE', #4835 ) ;
#3832 = VECTOR ( 'NONE', #4042, 1000.000000000000000 ) ;
#3833 = EDGE_CURVE ( 'NONE', #3120, #8879, #1824, .T. ) ;
#3834 = PLANE ( 'NONE',  #3871 ) ;
#3835 = ORIENTED_EDGE ( 'NONE', *, *, #5728, .F. ) ;
#3836 = CARTESIAN_POINT ( 'NONE',  ( 6.974999999999999645, 4.049999999999999822, -1.274999999999999245 ) ) ;
#3837 = LINE ( 'NONE', #5218, #658 ) ;
#3838 = DIRECTION ( 'NONE',  ( -1.000000000000000000, -0.000000000000000000, -0.000000000000000000 ) ) ;
#3839 = CIRCLE ( 'NONE', #7769, 0.05000000000000012768 ) ;
#3840 = ORIENTED_EDGE ( 'NONE', *, *, #3556, .F. ) ;
#3841 = LINE ( 'NONE', #10323, #9763 ) ;
#3842 = FACE_OUTER_BOUND ( 'NONE', #2849, .T. ) ;
#3843 = VERTEX_POINT ( 'NONE', #7928 ) ;
#3844 = VECTOR ( 'NONE', #7626, 1000.000000000000000 ) ;
#3845 = ORIENTED_EDGE ( 'NONE', *, *, #78, .F. ) ;
#3846 = EDGE_CURVE ( 'NONE', #2420, #702, #9662, .T. ) ;
#3847 = DIRECTION ( 'NONE',  ( 0.000000000000000000, -1.000000000000000000, -2.456395547037470490E-16 ) ) ;
#3848 = AXIS2_PLACEMENT_3D ( 'NONE', #8903, #4871, #6374 ) ;
#3849 = VECTOR ( 'NONE', #6843, 1000.000000000000000 ) ;
#3850 = CARTESIAN_POINT ( 'NONE',  ( 7.875000000000000000, 0.000000000000000000, 0.2250000000000008105 ) ) ;
#3851 = VECTOR ( 'NONE', #3070, 1000.000000000000114 ) ;
#3852 = CARTESIAN_POINT ( 'NONE',  ( 0.8749999999999998890, 1.449999999999999956, 0.1750000000000000999 ) ) ;
#3853 = ORIENTED_EDGE ( 'NONE', *, *, #7704, .F. ) ;
#3854 = VECTOR ( 'NONE', #2324, 1000.000000000000000 ) ;
#3855 = CARTESIAN_POINT ( 'NONE',  ( 7.375000000000000000, 1.800000000000000044, -1.175000000000000044 ) ) ;
#3856 = ORIENTED_EDGE ( 'NONE', *, *, #4026, .T. ) ;
#3857 = CARTESIAN_POINT ( 'NONE',  ( 3.224999999999999201, 3.299999999999999822, -0.7749999999999999112 ) ) ;
#3858 = PLANE ( 'NONE',  #1353 ) ;
#3859 = VECTOR ( 'NONE', #716, 1000.000000000000000 ) ;
#3860 = LINE ( 'NONE', #2955, #5407 ) ;
#3861 = VERTEX_POINT ( 'NONE', #8106 ) ;
#3862 = EDGE_LOOP ( 'NONE', ( #7699, #897, #6516, #1230, #5356, #302 ) ) ;
#3863 = STYLED_ITEM ( 'NONE', ( #1650 ), #8201 ) ;
#3864 = ORIENTED_EDGE ( 'NONE', *, *, #5174, .F. ) ;
#3865 = ADVANCED_FACE ( 'NONE', ( #5579 ), #3986, .F. ) ;
#3866 = LINE ( 'NONE', #9597, #8616 ) ;
#3867 = SURFACE_STYLE_FILL_AREA ( #5461 ) ;
#3868 = VERTEX_POINT ( 'NONE', #2453 ) ;
#3869 = LINE ( 'NONE', #4666, #7271 ) ;
#3870 = EDGE_LOOP ( 'NONE', ( #4565, #1688, #2429, #721 ) ) ;
#3871 = AXIS2_PLACEMENT_3D ( 'NONE', #3896, #10371, #9458 ) ;
#3872 = AXIS2_PLACEMENT_3D ( 'NONE', #734, #4003, #9683 ) ;
#3873 = CARTESIAN_POINT ( 'NONE',  ( 0.7249999999999973133, 0.3500000000000009215, -1.374999999999999778 ) ) ;
#3874 = VERTEX_POINT ( 'NONE', #1552 ) ;
#3875 = ORIENTED_EDGE ( 'NONE', *, *, #6556, .F. ) ;
#3876 = LINE ( 'NONE', #3025, #10111 ) ;
#3877 = FACE_OUTER_BOUND ( 'NONE', #9376, .T. ) ;
#3878 = ADVANCED_FACE ( 'NONE', ( #4780 ), #9778, .F. ) ;
#3879 = DIRECTION ( 'NONE',  ( -1.000000000000000000, 0.000000000000000000, 0.000000000000000000 ) ) ;
#3880 = DIRECTION ( 'NONE',  ( -1.000000000000000000, -0.000000000000000000, -0.000000000000000000 ) ) ;
#3881 = VECTOR ( 'NONE', #9309, 1000.000000000000000 ) ;
#3882 = EDGE_CURVE ( 'NONE', #4027, #2085, #1140, .T. ) ;
#3883 = CARTESIAN_POINT ( 'NONE',  ( 7.375000000000000888, 0.5999999999999999778, 0.2250000000000008105 ) ) ;
#3884 = ORIENTED_EDGE ( 'NONE', *, *, #9143, .F. ) ;
#3885 = CARTESIAN_POINT ( 'NONE',  ( 4.031793621149188489, 1.449999999999999956, 0.000000000000000000 ) ) ;
#3886 = CARTESIAN_POINT ( 'NONE',  ( 1.774999999999998801, 2.899999999999996803, -0.7749999999999999112 ) ) ;
#3887 = VERTEX_POINT ( 'NONE', #7139 ) ;
#3888 = PLANE ( 'NONE',  #1716 ) ;
#3889 = CARTESIAN_POINT ( 'NONE',  ( 10.00000000000000000, 0.000000000000000000, -0.7749999999999999112 ) ) ;
#3890 = CARTESIAN_POINT ( 'NONE',  ( 7.174999999999999822, 3.149999999999999911, 2.375000000000000444 ) ) ;
#3891 = VECTOR ( 'NONE', #8185, 1000.000000000000000 ) ;
#3892 = LINE ( 'NONE', #6992, #2678 ) ;
#3893 = ORIENTED_EDGE ( 'NONE', *, *, #680, .T. ) ;
#3894 = ORIENTED_EDGE ( 'NONE', *, *, #10073, .T. ) ;
#3895 = ADVANCED_FACE ( 'NONE', ( #9835 ), #5463, .F. ) ;
#3896 = CARTESIAN_POINT ( 'NONE',  ( 5.724999999999997868, 1.199999999999999734, 0.1750000000000000722 ) ) ;
#3897 = ORIENTED_EDGE ( 'NONE', *, *, #2713, .T. ) ;
#3898 = CARTESIAN_POINT ( 'NONE',  ( 3.224999999999997868, 4.049999999999999822, 0.2749999999999994671 ) ) ;
#3899 = PLANE ( 'NONE',  #1588 ) ;
#3900 = CARTESIAN_POINT ( 'NONE',  ( 5.724999999999997868, 0.5000000000000022204, -1.324999999999999734 ) ) ;
#3901 = ORIENTED_EDGE ( 'NONE', *, *, #1311, .F. ) ;
#3902 = CARTESIAN_POINT ( 'NONE',  ( 0.5249999999999976907, 0.3500000000000009215, -1.324999999999999512 ) ) ;
#3903 = ADVANCED_FACE ( 'NONE', ( #9028 ), #1721, .F. ) ;
#3904 = PLANE ( 'NONE',  #5688 ) ;
#3905 = VERTEX_POINT ( 'NONE', #128 ) ;
#3906 = DIRECTION ( 'NONE',  ( 0.000000000000000000, 1.000000000000000000, 3.336006684570783101E-16 ) ) ;
#3907 = ADVANCED_FACE ( 'NONE', ( #4938 ), #977, .T. ) ;
#3908 = ADVANCED_FACE ( 'NONE', ( #6723 ), #1769, .T. ) ;
#3909 = ORIENTED_EDGE ( 'NONE', *, *, #6226, .T. ) ;
#3910 = CARTESIAN_POINT ( 'NONE',  ( 5.524999999999998579, 1.449999999999999956, -1.224999999999999645 ) ) ;
#3911 = FACE_OUTER_BOUND ( 'NONE', #158, .T. ) ;
#3912 = VERTEX_POINT ( 'NONE', #6621 ) ;
#3913 = ORIENTED_EDGE ( 'NONE', *, *, #3380, .F. ) ;
#3914 = CARTESIAN_POINT ( 'NONE',  ( 5.724999999999997868, 4.049999999999999822, 0.1750000000000000722 ) ) ;
#3915 = LINE ( 'NONE', #1601, #3537 ) ;
#3916 = CARTESIAN_POINT ( 'NONE',  ( 4.474999999999997868, 1.449999999999999956, -0.7749999999999999112 ) ) ;
#3917 = EDGE_LOOP ( 'NONE', ( #7051, #2132, #5470, #6824 ) ) ;
#3918 = VECTOR ( 'NONE', #155, 1000.000000000000000 ) ;
#3919 = ORIENTED_EDGE ( 'NONE', *, *, #9405, .F. ) ;
#3920 = LINE ( 'NONE', #10456, #10343 ) ;
#3921 = CARTESIAN_POINT ( 'NONE',  ( 3.224999999999997424, -0.04999999999999567291, -2.474999999999999645 ) ) ;
#3922 = LINE ( 'NONE', #4778, #2779 ) ;
#3923 = EDGE_LOOP ( 'NONE', ( #1867, #5810, #1815, #7927 ) ) ;
#3924 = CARTESIAN_POINT ( 'NONE',  ( 6.875000000000000000, -13.83708784390703705, -1.174999999999999822 ) ) ;
#3925 = VERTEX_POINT ( 'NONE', #3447 ) ;
#3926 = PRESENTATION_LAYER_ASSIGNMENT (  '', '', ( #9388 ) ) ;
#3927 = AXIS2_PLACEMENT_3D ( 'NONE', #5681, #3332, #8959 ) ;
#3928 = EDGE_CURVE ( 'NONE', #3655, #8248, #4250, .T. ) ;
#3929 = DIRECTION ( 'NONE',  ( -1.000000000000000000, -0.000000000000000000, -0.000000000000000000 ) ) ;
#3930 = VECTOR ( 'NONE', #6241, 1000.000000000000000 ) ;
#3931 = ORIENTED_EDGE ( 'NONE', *, *, #1317, .T. ) ;
#3932 = FACE_OUTER_BOUND ( 'NONE', #9381, .T. ) ;
#3933 = ORIENTED_EDGE ( 'NONE', *, *, #8968, .T. ) ;
#3934 = CARTESIAN_POINT ( 'NONE',  ( 4.274999999999998579, 3.299999999999999822, -0.7749999999999999112 ) ) ;
#3935 = CARTESIAN_POINT ( 'NONE',  ( 0.7249999999999973133, 0.4999999999999998890, -0.8249999999999997335 ) ) ;
#3936 = LINE ( 'NONE', #6462, #4773 ) ;
#3937 = CARTESIAN_POINT ( 'NONE',  ( 6.875000000000000000, 1.449999999999999956, -1.174999999999999822 ) ) ;
#3938 = PLANE ( 'NONE',  #8933 ) ;
#3939 = ORIENTED_EDGE ( 'NONE', *, *, #10171, .T. ) ;
#3940 = PLANE ( 'NONE',  #7022 ) ;
#3941 = LINE ( 'NONE', #7211, #7566 ) ;
#3942 = ORIENTED_EDGE ( 'NONE', *, *, #7603, .T. ) ;
#3943 = FACE_OUTER_BOUND ( 'NONE', #7624, .T. ) ;
#3944 = ORIENTED_EDGE ( 'NONE', *, *, #1961, .T. ) ;
#3945 = DIRECTION ( 'NONE',  ( 0.5773502691896257311, 0.5773502691896257311, 0.5773502691896257311 ) ) ;
#3946 = EDGE_CURVE ( 'NONE', #9314, #1553, #9944, .T. ) ;
#3947 = ORIENTED_EDGE ( 'NONE', *, *, #1248, .F. ) ;
#3948 = ORIENTED_EDGE ( 'NONE', *, *, #6019, .F. ) ;
#3949 = DIRECTION ( 'NONE',  ( 1.000000000000000000, 0.000000000000000000, -1.807003620809174632E-16 ) ) ;
#3950 = ORIENTED_EDGE ( 'NONE', *, *, #2776, .T. ) ;
#3951 = LINE ( 'NONE', #9626, #3235 ) ;
#3952 = DIRECTION ( 'NONE',  ( 0.000000000000000000, 0.000000000000000000, -1.000000000000000000 ) ) ;
#3953 = CARTESIAN_POINT ( 'NONE',  ( 5.724999999999997868, -0.04999999999999636680, -2.375000000000000000 ) ) ;
#3954 = DIRECTION ( 'NONE',  ( 0.000000000000000000, -0.000000000000000000, 1.000000000000000000 ) ) ;
#3955 = ORIENTED_EDGE ( 'NONE', *, *, #3982, .F. ) ;
#3956 = CARTESIAN_POINT ( 'NONE',  ( -1.125000000000000888, 2.899999999999999911, -0.3249999999999997891 ) ) ;
#3957 = DIRECTION ( 'NONE',  ( 0.000000000000000000, -1.000000000000000000, 2.710505431213761393E-17 ) ) ;
#3958 = VECTOR ( 'NONE', #2822, 1000.000000000000000 ) ;
#3959 = ORIENTED_EDGE ( 'NONE', *, *, #719, .T. ) ;
#3960 = AXIS2_PLACEMENT_3D ( 'NONE', #8930, #6344, #2416 ) ;
#3961 = DIRECTION ( 'NONE',  ( 0.000000000000000000, 0.000000000000000000, -1.000000000000000000 ) ) ;
#3962 = ADVANCED_FACE ( 'NONE', ( #1031 ), #2506, .T. ) ;
#3963 = EDGE_CURVE ( 'NONE', #6176, #9051, #5798, .T. ) ;
#3964 = VECTOR ( 'NONE', #2241, 1000.000000000000000 ) ;
#3965 = VECTOR ( 'NONE', #2385, 1000.000000000000000 ) ;
#3966 = DIRECTION ( 'NONE',  ( 0.000000000000000000, -1.000000000000000000, 0.000000000000000000 ) ) ;
#3967 = ORIENTED_EDGE ( 'NONE', *, *, #8531, .T. ) ;
#3968 = DIRECTION ( 'NONE',  ( 0.000000000000000000, 0.000000000000000000, -1.000000000000000000 ) ) ;
#3969 = EDGE_CURVE ( 'NONE', #3294, #8535, #4991, .T. ) ;
#3970 = LINE ( 'NONE', #966, #2088 ) ;
#3971 = DIRECTION ( 'NONE',  ( 0.000000000000000000, 0.000000000000000000, 1.000000000000000000 ) ) ;
#3972 = ORIENTED_EDGE ( 'NONE', *, *, #9667, .T. ) ;
#3973 = VERTEX_POINT ( 'NONE', #3399 ) ;
#3974 = CARTESIAN_POINT ( 'NONE',  ( 1.625000000000000666, 0.000000000000000000, 0.000000000000000000 ) ) ;
#3975 = CARTESIAN_POINT ( 'NONE',  ( -0.6250000000000014433, 3.950000000000000178, 0.8749999999999998890 ) ) ;
#3976 = VECTOR ( 'NONE', #7792, 1000.000000000000000 ) ;
#3977 = LINE ( 'NONE', #8210, #8513 ) ;
#3978 = ORIENTED_EDGE ( 'NONE', *, *, #2606, .T. ) ;
#3979 = VECTOR ( 'NONE', #6619, 1000.000000000000000 ) ;
#3980 = ORIENTED_EDGE ( 'NONE', *, *, #3666, .T. ) ;
#3981 = VECTOR ( 'NONE', #3957, 1000.000000000000000 ) ;
#3982 = EDGE_CURVE ( 'NONE', #552, #4198, #2612, .T. ) ;
#3983 = DIRECTION ( 'NONE',  ( 1.000000000000000000, -0.000000000000000000, -0.000000000000000000 ) ) ;
#3984 = DIRECTION ( 'NONE',  ( -1.000000000000000000, -0.000000000000000000, -0.000000000000000000 ) ) ;
#3985 = ORIENTED_EDGE ( 'NONE', *, *, #7015, .T. ) ;
#3986 = PLANE ( 'NONE',  #7932 ) ;
#3987 = EDGE_CURVE ( 'NONE', #3805, #3530, #4924, .T. ) ;
#3988 = ORIENTED_EDGE ( 'NONE', *, *, #10286, .F. ) ;
#3989 = ADVANCED_FACE ( 'NONE', ( #6604 ), #4137, .T. ) ;
#3990 = DIRECTION ( 'NONE',  ( 0.000000000000000000, 0.7071067811865519026, -0.7071067811865432429 ) ) ;
#3991 = ORIENTED_EDGE ( 'NONE', *, *, #2621, .F. ) ;
#3992 = ORIENTED_EDGE ( 'NONE', *, *, #8130, .T. ) ;
#3993 = CARTESIAN_POINT ( 'NONE',  ( 1.774999999999999245, 4.049999999999999822, 0.2749999999999994116 ) ) ;
#3994 = DIRECTION ( 'NONE',  ( -1.000000000000000000, -0.000000000000000000, 0.000000000000000000 ) ) ;
#3995 = CARTESIAN_POINT ( 'NONE',  ( 0.7249999999999973133, -0.04999999999999568678, -2.474999999999999645 ) ) ;
#3996 = DIRECTION ( 'NONE',  ( -1.000000000000000000, 0.000000000000000000, 0.000000000000000000 ) ) ;
#3997 = ORIENTED_EDGE ( 'NONE', *, *, #6209, .T. ) ;
#3998 = CARTESIAN_POINT ( 'NONE',  ( -1.525000000000001243, 2.349999999999999645, 1.675000000000000266 ) ) ;
#3999 = DIRECTION ( 'NONE',  ( 0.000000000000000000, -0.7071067811865474617, -0.7071067811865474617 ) ) ;
#4000 = ORIENTED_EDGE ( 'NONE', *, *, #6393, .F. ) ;
#4001 = DIRECTION ( 'NONE',  ( 0.000000000000000000, 5.251604272976699179E-15, -1.000000000000000000 ) ) ;
#4002 = ORIENTED_EDGE ( 'NONE', *, *, #10123, .F. ) ;
#4003 = DIRECTION ( 'NONE',  ( 0.000000000000000000, -0.7071067811865475727, 0.7071067811865475727 ) ) ;
#4004 = VERTEX_POINT ( 'NONE', #7241 ) ;
#4005 = VECTOR ( 'NONE', #2715, 1000.000000000000000 ) ;
#4006 = DIRECTION ( 'NONE',  ( 0.000000000000000000, 5.251604272976699179E-15, -1.000000000000000000 ) ) ;
#4007 = VERTEX_POINT ( 'NONE', #862 ) ;
#4008 = DIRECTION ( 'NONE',  ( -0.000000000000000000, -0.000000000000000000, 1.000000000000000000 ) ) ;
#4009 = DIRECTION ( 'NONE',  ( 1.000000000000000000, 0.000000000000000000, 0.000000000000000000 ) ) ;
#4010 = EDGE_CURVE ( 'NONE', #462, #4642, #5783, .T. ) ;
#4011 = DIRECTION ( 'NONE',  ( 0.000000000000000000, -2.456395547037470490E-16, 1.000000000000000000 ) ) ;
#4012 = FACE_OUTER_BOUND ( 'NONE', #3862, .T. ) ;
#4013 = CARTESIAN_POINT ( 'NONE',  ( 3.374999999999997780, 1.449999999999999956, 0.1750000000000000999 ) ) ;
#4014 = PLANE ( 'NONE',  #9812 ) ;
#4015 = EDGE_CURVE ( 'NONE', #10427, #2466, #8205, .T. ) ;
#4016 = ORIENTED_EDGE ( 'NONE', *, *, #4787, .F. ) ;
#4017 = VECTOR ( 'NONE', #9542, 1000.000000000000000 ) ;
#4018 = VECTOR ( 'NONE', #4154, 1000.000000000000000 ) ;
#4019 = VERTEX_POINT ( 'NONE', #7299 ) ;
#4020 = LINE ( 'NONE', #115, #9481 ) ;
#4021 = VECTOR ( 'NONE', #4572, 1000.000000000000000 ) ;
#4022 = DIRECTION ( 'NONE',  ( -4.688441826964343312E-16, -1.000000000000000000, 0.000000000000000000 ) ) ;
#4023 = EDGE_CURVE ( 'NONE', #3745, #6337, #2438, .T. ) ;
#4024 = DIRECTION ( 'NONE',  ( 0.000000000000000000, 4.336808689942002945E-16, -1.000000000000000000 ) ) ;
#4025 = VERTEX_POINT ( 'NONE', #6489 ) ;
#4026 = EDGE_CURVE ( 'NONE', #6846, #217, #10500, .T. ) ;
#4027 = VERTEX_POINT ( 'NONE', #3117 ) ;
#4028 = CARTESIAN_POINT ( 'NONE',  ( 6.531793621149187601, 3.449999999999999289, 0.3749999999999999445 ) ) ;
#4029 = EDGE_CURVE ( 'NONE', #8761, #7336, #6431, .T. ) ;
#4030 = CARTESIAN_POINT ( 'NONE',  ( 6.000000000000000888, 4.049999999999999822, 0.5750000000000010658 ) ) ;
#4031 = ORIENTED_EDGE ( 'NONE', *, *, #1854, .F. ) ;
#4032 = VECTOR ( 'NONE', #2764, 1000.000000000000000 ) ;
#4033 = CIRCLE ( 'NONE', #8319, 0.1000000000000000472 ) ;
#4034 = ORIENTED_EDGE ( 'NONE', *, *, #1827, .T. ) ;
#4035 = LINE ( 'NONE', #9832, #7292 ) ;
#4036 = EDGE_CURVE ( 'NONE', #4103, #10235, #6917, .T. ) ;
#4037 = VECTOR ( 'NONE', #202, 1000.000000000000000 ) ;
#4038 = CARTESIAN_POINT ( 'NONE',  ( 3.024999999999999023, 1.449999999999999956, 0.1750000000000000722 ) ) ;
#4039 = SURFACE_STYLE_USAGE ( .BOTH. , #4718 ) ;
#4040 = AXIS2_PLACEMENT_3D ( 'NONE', #3016, #6271, #4558 ) ;
#4041 = ORIENTED_EDGE ( 'NONE', *, *, #8462, .T. ) ;
#4042 = DIRECTION ( 'NONE',  ( 0.000000000000000000, 8.642948658383688297E-16, 1.000000000000000000 ) ) ;
#4043 = EDGE_LOOP ( 'NONE', ( #3426, #5828, #3369, #5166 ) ) ;
#4044 = ADVANCED_FACE ( 'NONE', ( #913 ), #7355, .F. ) ;
#4045 = VECTOR ( 'NONE', #3672, 1000.000000000000000 ) ;
#4046 = CARTESIAN_POINT ( 'NONE',  ( 1.974999999999997646, 0.1500000000000032419, -2.474999999999999645 ) ) ;
#4047 = ORIENTED_EDGE ( 'NONE', *, *, #2405, .T. ) ;
#4048 = LINE ( 'NONE', #7381, #7466 ) ;
#4049 = EDGE_CURVE ( 'NONE', #6965, #1757, #8901, .T. ) ;
#4050 = ORIENTED_EDGE ( 'NONE', *, *, #498, .T. ) ;
#4051 = LINE ( 'NONE', #3250, #6348 ) ;
#4052 = EDGE_CURVE ( 'NONE', #521, #2834, #4020, .T. ) ;
#4053 = DIRECTION ( 'NONE',  ( -1.000000000000000000, 0.000000000000000000, 0.000000000000000000 ) ) ;
#4054 = CARTESIAN_POINT ( 'NONE',  ( 0.5249999999999976907, -0.04999999999999568678, -2.474999999999999645 ) ) ;
#4055 = CARTESIAN_POINT ( 'NONE',  ( 14.12499999999999822, 1.999999999999999112, 2.475000000000000089 ) ) ;
#4056 = CARTESIAN_POINT ( 'NONE',  ( -0.1250000000000018319, 3.950000000000000178, 0.3749999999999998335 ) ) ;
#4057 = CARTESIAN_POINT ( 'NONE',  ( 0.7249999999999973133, 0.4999999999999998890, -0.8249999999999997335 ) ) ;
#4058 = PRESENTATION_LAYER_ASSIGNMENT (  '', '', ( #2003 ) ) ;
#4059 = AXIS2_PLACEMENT_3D ( 'NONE', #2561, #10336, #6963 ) ;
#4060 = ORIENTED_EDGE ( 'NONE', *, *, #5956, .F. ) ;
#4061 = DIRECTION ( 'NONE',  ( 0.000000000000000000, 1.000000000000000000, 0.000000000000000000 ) ) ;
#4062 = ORIENTED_EDGE ( 'NONE', *, *, #7365, .F. ) ;
#4063 = PLANE ( 'NONE',  #3872 ) ;
#4064 = CARTESIAN_POINT ( 'NONE',  ( -1.625000000000001332, 1.999999999999999112, 2.475000000000000089 ) ) ;
#4065 = ORIENTED_EDGE ( 'NONE', *, *, #2214, .T. ) ;
#4066 = DIRECTION ( 'NONE',  ( 0.000000000000000000, 0.000000000000000000, 1.000000000000000000 ) ) ;
#4067 = AXIS2_PLACEMENT_3D ( 'NONE', #4875, #6560, #10509 ) ;
#4068 = EDGE_LOOP ( 'NONE', ( #8794, #1462, #5537, #1109 ) ) ;
#4069 = CARTESIAN_POINT ( 'NONE',  ( 4.474999999999996980, 3.450000000000001510, 1.870248747537497357E-14 ) ) ;
#4070 = CARTESIAN_POINT ( 'NONE',  ( 3.224999999999997424, -0.04999999999999567291, -2.474999999999999645 ) ) ;
#4071 = EDGE_LOOP ( 'NONE', ( #3107, #3709, #2423, #8057 ) ) ;
#4072 = LINE ( 'NONE', #6538, #9563 ) ;
#4073 = FACE_OUTER_BOUND ( 'NONE', #9245, .T. ) ;
#4074 = LINE ( 'NONE', #1526, #9614 ) ;
#4075 = EDGE_LOOP ( 'NONE', ( #6563, #8120, #9053, #4139 ) ) ;
#4076 = CARTESIAN_POINT ( 'NONE',  ( 4.330089135474556095, 1.899999999999999689, 2.375000000000000888 ) ) ;
#4077 = AXIS2_PLACEMENT_3D ( 'NONE', #4133, #4968, #4920 ) ;
#4078 = DIRECTION ( 'NONE',  ( -1.000000000000000000, 0.000000000000000000, 4.336808689942021680E-16 ) ) ;
#4079 = EDGE_CURVE ( 'NONE', #10115, #335, #60, .T. ) ;
#4080 = DIRECTION ( 'NONE',  ( 0.000000000000000000, -1.000000000000000000, -1.355252715606880789E-16 ) ) ;
#4081 = CARTESIAN_POINT ( 'NONE',  ( 4.274999999999997691, 0.2500000000000037748, -1.816421356237308826 ) ) ;
#4082 = CARTESIAN_POINT ( 'NONE',  ( -1.125000000000001776, 1.899999999999999911, 1.825000000000000622 ) ) ;
#4083 = VECTOR ( 'NONE', #2167, 1000.000000000000000 ) ;
#4084 = CARTESIAN_POINT ( 'NONE',  ( 6.208333333333333925, 4.116666666666667140, 0.5416666666666666297 ) ) ;
#4085 = ORIENTED_EDGE ( 'NONE', *, *, #6255, .T. ) ;
#4086 = PLANE ( 'NONE',  #5466 ) ;
#4087 = CARTESIAN_POINT ( 'NONE',  ( 0.7249999999999973133, 3.050000000000000266, -0.1049999999999996214 ) ) ;
#4088 = CARTESIAN_POINT ( 'NONE',  ( 0.7249999999999973133, 0.09999999999999999167, -0.8250000000000010658 ) ) ;
#4089 = VERTEX_POINT ( 'NONE', #7178 ) ;
#4090 = EDGE_CURVE ( 'NONE', #2664, #6173, #4033, .T. ) ;
#4091 = VECTOR ( 'NONE', #9425, 1000.000000000000000 ) ;
#4092 = EDGE_CURVE ( 'NONE', #7322, #9703, #8840, .T. ) ;
#4093 = VERTEX_POINT ( 'NONE', #1534 ) ;
#4094 = DIRECTION ( 'NONE',  ( 0.000000000000000000, -1.000000000000000000, 0.000000000000000000 ) ) ;
#4095 = CARTESIAN_POINT ( 'NONE',  ( 5.724999999999997868, -0.1499999999999963862, -1.474999999999999645 ) ) ;
#4096 = PRESENTATION_STYLE_ASSIGNMENT (( #8163 ) ) ;
#4097 = ORIENTED_EDGE ( 'NONE', *, *, #4100, .T. ) ;
#4098 = CARTESIAN_POINT ( 'NONE',  ( 7.375000000000000000, 0.000000000000000000, -1.374999999999997558 ) ) ;
#4099 = ORIENTED_EDGE ( 'NONE', *, *, #9492, .F. ) ;
#4100 = EDGE_CURVE ( 'NONE', #4536, #8585, #4764, .T. ) ;
#4101 = EDGE_CURVE ( 'NONE', #804, #7907, #8957, .T. ) ;
#4102 = CARTESIAN_POINT ( 'NONE',  ( 1.774999999999999245, 4.000000000000000000, -1.224999999999999645 ) ) ;
#4103 = VERTEX_POINT ( 'NONE', #1651 ) ;
#4104 = LINE ( 'NONE', #4839, #7616 ) ;
#4105 = VERTEX_POINT ( 'NONE', #2489 ) ;
#4106 = CARTESIAN_POINT ( 'NONE',  ( 2.874999999999999112, 1.199999999999999734, 0.1750000000000000999 ) ) ;
#4107 = VECTOR ( 'NONE', #939, 1000.000000000000000 ) ;
#4108 = EDGE_CURVE ( 'NONE', #7836, #9538, #754, .T. ) ;
#4109 = CARTESIAN_POINT ( 'NONE',  ( 0.8749999999999998890, 3.950000000000000178, 0.3750000000000001110 ) ) ;
#4110 = LINE ( 'NONE', #5705, #6587 ) ;
#4111 =( NAMED_UNIT ( * ) PLANE_ANGLE_UNIT ( ) SI_UNIT ( $, .RADIAN. ) );
#4112 = ORIENTED_EDGE ( 'NONE', *, *, #4520, .T. ) ;
#4113 = CARTESIAN_POINT ( 'NONE',  ( 7.174999999999999822, 3.149999999999999911, 2.375000000000000444 ) ) ;
#4114 = FACE_OUTER_BOUND ( 'NONE', #4580, .T. ) ;
#4115 = ORIENTED_EDGE ( 'NONE', *, *, #2475, .T. ) ;
#4116 = FACE_OUTER_BOUND ( 'NONE', #1539, .T. ) ;
#4117 = ORIENTED_EDGE ( 'NONE', *, *, #605, .T. ) ;
#4118 = CARTESIAN_POINT ( 'NONE',  ( 7.375000000000000000, 3.399999999999999911, -1.174999999999999822 ) ) ;
#4119 = ADVANCED_FACE ( 'NONE', ( #3476 ), #6753, .F. ) ;
#4120 = VECTOR ( 'NONE', #1412, 1000.000000000000000 ) ;
#4121 = CARTESIAN_POINT ( 'NONE',  ( 0.7249999999999973133, 0.1792893218813486345, -1.745710678118654435 ) ) ;
#4122 = ORIENTED_EDGE ( 'NONE', *, *, #7574, .T. ) ;
#4123 = LINE ( 'NONE', #5768, #5043 ) ;
#4124 = ORIENTED_EDGE ( 'NONE', *, *, #3667, .T. ) ;
#4125 = CARTESIAN_POINT ( 'NONE',  ( 0.7249999999999973133, -0.1499999999999963862, -1.474999999999999645 ) ) ;
#4126 = DIRECTION ( 'NONE',  ( -0.7071067811865475727, -0.7071067811865475727, 0.000000000000000000 ) ) ;
#4127 = DIRECTION ( 'NONE',  ( 1.000000000000000000, -0.000000000000000000, -0.000000000000000000 ) ) ;
#4128 = LINE ( 'NONE', #5824, #3581 ) ;
#4129 = CARTESIAN_POINT ( 'NONE',  ( 1.774999999999997913, 0.3500000000000009215, -1.324999999999999512 ) ) ;
#4130 = DIRECTION ( 'NONE',  ( -1.000000000000000000, 0.000000000000000000, -0.000000000000000000 ) ) ;
#4131 = AXIS2_PLACEMENT_3D ( 'NONE', #10013, #356, #6743 ) ;
#4132 = ORIENTED_EDGE ( 'NONE', *, *, #7693, .F. ) ;
#4133 = CARTESIAN_POINT ( 'NONE',  ( 4.474999999999996980, -0.1499999999999963862, -1.474999999999999645 ) ) ;
#4134 = EDGE_CURVE ( 'NONE', #6997, #1128, #5120, .T. ) ;
#4135 = DIRECTION ( 'NONE',  ( 1.000000000000000000, 0.000000000000000000, 0.000000000000000000 ) ) ;
#4136 = VECTOR ( 'NONE', #6886, 1000.000000000000000 ) ;
#4137 = PLANE ( 'NONE',  #139 ) ;
#4138 = DIRECTION ( 'NONE',  ( 0.000000000000000000, -0.000000000000000000, 1.000000000000000000 ) ) ;
#4139 = ORIENTED_EDGE ( 'NONE', *, *, #6045, .F. ) ;
#4140 = CARTESIAN_POINT ( 'NONE',  ( 1.774999999999998801, 1.449999999999999956, -1.224999999999999645 ) ) ;
#4141 = CARTESIAN_POINT ( 'NONE',  ( 1.774999999999998801, 1.449999999999999956, 0.3750000000000000000 ) ) ;
#4142 = ORIENTED_EDGE ( 'NONE', *, *, #7827, .T. ) ;
#4143 = AXIS2_PLACEMENT_3D ( 'NONE', #6522, #835, #1398 ) ;
#4144 = VECTOR ( 'NONE', #9211, 1000.000000000000000 ) ;
#4145 = VERTEX_POINT ( 'NONE', #10076 ) ;
#4146 = DIRECTION ( 'NONE',  ( 0.7071067811865490160, -0.000000000000000000, -0.7071067811865460184 ) ) ;
#4147 = CARTESIAN_POINT ( 'NONE',  ( 6.000000000000000888, 0.000000000000000000, 0.6750000000000004885 ) ) ;
#4148 = EDGE_CURVE ( 'NONE', #4637, #1170, #9256, .T. ) ;
#4149 = CLOSED_SHELL ( 'NONE', ( #1528, #4601, #6313, #7232, #8848, #6020, #5743, #3425, #133, #5139, #6904, #7622, #8724, #7809, #520 ) ) ;
#4150 = DIRECTION ( 'NONE',  ( 0.000000000000000000, 0.7071067811865381358, 0.7071067811865570096 ) ) ;
#4151 = LINE ( 'NONE', #8972, #1625 ) ;
#4152 = EDGE_CURVE ( 'NONE', #1271, #6176, #2988, .T. ) ;
#4153 = VERTEX_POINT ( 'NONE', #5322 ) ;
#4154 = DIRECTION ( 'NONE',  ( -0.000000000000000000, 1.000000000000000000, -0.000000000000000000 ) ) ;
#4155 = EDGE_CURVE ( 'NONE', #1080, #347, #6949, .T. ) ;
#4156 = ORIENTED_EDGE ( 'NONE', *, *, #8967, .F. ) ;
#4157 = VECTOR ( 'NONE', #6094, 1000.000000000000000 ) ;
#4158 =( GEOMETRIC_REPRESENTATION_CONTEXT ( 3 ) GLOBAL_UNCERTAINTY_ASSIGNED_CONTEXT ( ( #1758 ) ) GLOBAL_UNIT_ASSIGNED_CONTEXT ( ( #5400, #10459, #8688 ) ) REPRESENTATION_CONTEXT ( 'NONE', 'WORKASPACE' ) );
#4159 = VECTOR ( 'NONE', #559, 1000.000000000000000 ) ;
#4160 =( LENGTH_UNIT ( ) NAMED_UNIT ( * ) SI_UNIT ( .MILLI., .METRE. ) );
#4161 = ORIENTED_EDGE ( 'NONE', *, *, #9819, .F. ) ;
#4162 = DIRECTION ( 'NONE',  ( -1.000000000000000000, -0.000000000000000000, -0.000000000000000000 ) ) ;
#4163 = LINE ( 'NONE', #5000, #5842 ) ;
#4164 = DIRECTION ( 'NONE',  ( -1.000000000000000000, 0.000000000000000000, 0.000000000000000000 ) ) ;
#4165 = PRESENTATION_LAYER_ASSIGNMENT (  '', '', ( #2789 ) ) ;
#4166 = VERTEX_POINT ( 'NONE', #8661 ) ;
#4167 = LINE ( 'NONE', #9281, #6866 ) ;
#4168 = DIRECTION ( 'NONE',  ( -0.000000000000000000, 0.000000000000000000, 1.000000000000000000 ) ) ;
#4169 = EDGE_CURVE ( 'NONE', #5856, #10540, #522, .T. ) ;
#4170 = ORIENTED_EDGE ( 'NONE', *, *, #7146, .T. ) ;
#4171 = DIRECTION ( 'NONE',  ( 0.000000000000000000, 0.000000000000000000, -1.000000000000000000 ) ) ;
#4172 = ORIENTED_EDGE ( 'NONE', *, *, #1492, .T. ) ;
#4173 = LINE ( 'NONE', #145, #6261 ) ;
#4174 = DIRECTION ( 'NONE',  ( 0.000000000000000000, 0.000000000000000000, 1.000000000000000000 ) ) ;
#4175 = ORIENTED_EDGE ( 'NONE', *, *, #4525, .F. ) ;
#4176 = CARTESIAN_POINT ( 'NONE',  ( 0.7249999999999973133, 0.1792893218813486345, -1.745710678118654435 ) ) ;
#4177 = ORIENTED_EDGE ( 'NONE', *, *, #8286, .F. ) ;
#4178 = LINE ( 'NONE', #5015, #6688 ) ;
#4179 = CARTESIAN_POINT ( 'NONE',  ( 6.875000000000000888, 0.2499999999999999445, -0.3340169943749460302 ) ) ;
#4180 = CARTESIAN_POINT ( 'NONE',  ( 2.874999999999999112, 3.950000000000000178, 0.1750000000000000999 ) ) ;
#4181 = DIRECTION ( 'NONE',  ( -1.000000000000000000, 0.000000000000000000, 0.000000000000000000 ) ) ;
#4182 = DIRECTION ( 'NONE',  ( 0.000000000000000000, 0.000000000000000000, -1.000000000000000000 ) ) ;
#4183 = ORIENTED_EDGE ( 'NONE', *, *, #7999, .F. ) ;
#4184 = CARTESIAN_POINT ( 'NONE',  ( 7.375000000000000000, 4.049999999999999822, 0.1750000000000002387 ) ) ;
#4185 = EDGE_CURVE ( 'NONE', #217, #1424, #10212, .T. ) ;
#4186 = DIRECTION ( 'NONE',  ( -1.000000000000000000, -0.000000000000000000, -0.000000000000000000 ) ) ;
#4187 = ADVANCED_FACE ( 'NONE', ( #2882 ), #6243, .F. ) ;
#4188 = LINE ( 'NONE', #6549, #1166 ) ;
#4189 = ORIENTED_EDGE ( 'NONE', *, *, #5518, .T. ) ;
#4190 = PLANE ( 'NONE',  #2509 ) ;
#4191 = EDGE_CURVE ( 'NONE', #5799, #8585, #6133, .T. ) ;
#4192 = VERTEX_POINT ( 'NONE', #6998 ) ;
#4193 = VECTOR ( 'NONE', #1330, 1000.000000000000000 ) ;
#4194 = ORIENTED_EDGE ( 'NONE', *, *, #1772, .T. ) ;
#4195 = ORIENTED_EDGE ( 'NONE', *, *, #1584, .T. ) ;
#4196 = LINE ( 'NONE', #4244, #6771 ) ;
#4197 = AXIS2_PLACEMENT_3D ( 'NONE', #3587, #2643, #9156 ) ;
#4198 = VERTEX_POINT ( 'NONE', #6081 ) ;
#4199 = CARTESIAN_POINT ( 'NONE',  ( 4.031793621149188489, 3.449999999999999289, 0.3749999999999999445 ) ) ;
#4200 = CARTESIAN_POINT ( 'NONE',  ( -1.325000000000001510, 0.000000000000000000, 2.475000000000000089 ) ) ;
#4201 = LINE ( 'NONE', #7476, #1427 ) ;
#4202 = LINE ( 'NONE', #9271, #10372 ) ;
#4203 = ORIENTED_EDGE ( 'NONE', *, *, #2264, .F. ) ;
#4204 = CARTESIAN_POINT ( 'NONE',  ( 0.7249999999999973133, 0.4999999999999998890, -0.8249999999999997335 ) ) ;
#4205 = VECTOR ( 'NONE', #9669, 1000.000000000000000 ) ;
#4206 = ORIENTED_EDGE ( 'NONE', *, *, #7326, .F. ) ;
#4207 = CARTESIAN_POINT ( 'NONE',  ( -6.875000000000000000, -13.83708784390703705, 0.3750000000000001110 ) ) ;
#4208 = ORIENTED_EDGE ( 'NONE', *, *, #2193, .F. ) ;
#4209 = EDGE_CURVE ( 'NONE', #1271, #4499, #3837, .T. ) ;
#4210 = AXIS2_PLACEMENT_3D ( 'NONE', #2140, #4633, #3829 ) ;
#4211 = DIRECTION ( 'NONE',  ( 1.000000000000000000, -0.000000000000000000, 0.000000000000000000 ) ) ;
#4212 = LINE ( 'NONE', #9037, #4107 ) ;
#4213 = ORIENTED_EDGE ( 'NONE', *, *, #5776, .T. ) ;
#4214 = CARTESIAN_POINT ( 'NONE',  ( 5.724999999999998757, 4.049999999999999822, -1.174999999999999822 ) ) ;
#4215 = VERTEX_POINT ( 'NONE', #3627 ) ;
#4216 = LINE ( 'NONE', #9044, #2864 ) ;
#4217 = CIRCLE ( 'NONE', #9010, 0.1000000000000000472 ) ;
#4218 = ORIENTED_EDGE ( 'NONE', *, *, #10384, .F. ) ;
#4219 = EDGE_CURVE ( 'NONE', #5646, #5385, #7798, .T. ) ;
#4220 = FACE_OUTER_BOUND ( 'NONE', #9021, .T. ) ;
#4221 = PLANE ( 'NONE',  #841 ) ;
#4222 = EDGE_CURVE ( 'NONE', #2360, #5603, #2044, .T. ) ;
#4223 = FACE_OUTER_BOUND ( 'NONE', #3736, .T. ) ;
#4224 = ORIENTED_EDGE ( 'NONE', *, *, #8068, .T. ) ;
#4225 = APPLICATION_PROTOCOL_DEFINITION ( 'draft international standard', 'automotive_design', 1998, #6508 ) ;
#4226 = CARTESIAN_POINT ( 'NONE',  ( 2.781793621149188045, 3.449999999999999734, 0.2950000000000000400 ) ) ;
#4227 = DIRECTION ( 'NONE',  ( 0.000000000000000000, 0.000000000000000000, -1.000000000000000000 ) ) ;
#4228 =( GEOMETRIC_REPRESENTATION_CONTEXT ( 3 ) GLOBAL_UNCERTAINTY_ASSIGNED_CONTEXT ( ( #16 ) ) GLOBAL_UNIT_ASSIGNED_CONTEXT ( ( #4160, #7531, #9581 ) ) REPRESENTATION_CONTEXT ( 'NONE', 'WORKASPACE' ) );
#4229 = DIRECTION ( 'NONE',  ( 1.000000000000000000, 0.000000000000000000, -0.000000000000000000 ) ) ;
#4230 = FACE_OUTER_BOUND ( 'NONE', #2318, .T. ) ;
#4231 = PLANE ( 'NONE',  #10129 ) ;
#4232 = ORIENTED_EDGE ( 'NONE', *, *, #1062, .F. ) ;
#4233 = LINE ( 'NONE', #5877, #6805 ) ;
#4234 = EDGE_CURVE ( 'NONE', #1661, #826, #10269, .T. ) ;
#4235 = VECTOR ( 'NONE', #9802, 1000.000000000000000 ) ;
#4236 = EDGE_CURVE ( 'NONE', #9618, #4628, #1360, .T. ) ;
#4237 = ORIENTED_EDGE ( 'NONE', *, *, #2929, .T. ) ;
#4238 = DIRECTION ( 'NONE',  ( 1.000000000000000000, 0.000000000000000000, -0.000000000000000000 ) ) ;
#4239 = ORIENTED_EDGE ( 'NONE', *, *, #2657, .T. ) ;
#4240 = EDGE_CURVE ( 'NONE', #7256, #8877, #4639, .T. ) ;
#4241 = VECTOR ( 'NONE', #749, 1000.000000000000000 ) ;
#4242 = VERTEX_POINT ( 'NONE', #7748 ) ;
#4243 = ADVANCED_FACE ( 'NONE', ( #8605 ), #573, .T. ) ;
#4244 = CARTESIAN_POINT ( 'NONE',  ( 7.875000000000000000, 3.399999999999999911, 0.1750000000000001554 ) ) ;
#4245 = VECTOR ( 'NONE', #9451, 1000.000000000000000 ) ;
#4246 = ORIENTED_EDGE ( 'NONE', *, *, #9234, .F. ) ;
#4247 = LINE ( 'NONE', #2704, #4504 ) ;
#4248 = DIRECTION ( 'NONE',  ( -0.000000000000000000, 0.5547001962252280372, 0.8320502943378444982 ) ) ;
#4249 = CARTESIAN_POINT ( 'NONE',  ( 4.474999999999998757, 3.299999999999999822, -0.7749999999999999112 ) ) ;
#4250 = LINE ( 'NONE', #3348, #9310 ) ;
#4251 = VECTOR ( 'NONE', #10395, 1000.000000000000000 ) ;
#4252 = VERTEX_POINT ( 'NONE', #3783 ) ;
#4253 = EDGE_LOOP ( 'NONE', ( #8070, #5002, #6687, #918 ) ) ;
#4254 = DIRECTION ( 'NONE',  ( -1.000000000000000000, -0.000000000000000000, -0.000000000000000000 ) ) ;
#4255 = AXIS2_PLACEMENT_3D ( 'NONE', #10060, #2635, #2532 ) ;
#4256 = LINE ( 'NONE', #3356, #220 ) ;
#4257 = SURFACE_SIDE_STYLE ('',( #5053 ) ) ;
#4258 = EDGE_LOOP ( 'NONE', ( #4890, #1197, #6317, #8320 ) ) ;
#4259 = DIRECTION ( 'NONE',  ( 0.000000000000000000, -1.000000000000000000, -0.000000000000000000 ) ) ;
#4260 = ORIENTED_EDGE ( 'NONE', *, *, #8882, .F. ) ;
#4261 = CARTESIAN_POINT ( 'NONE',  ( 7.875000000000000000, 2.349999999999999645, 1.675000000000000266 ) ) ;
#4262 = EDGE_CURVE ( 'NONE', #8520, #10206, #8716, .T. ) ;
#4263 = LINE ( 'NONE', #250, #5762 ) ;
#4264 = CARTESIAN_POINT ( 'NONE',  ( 5.524999999999998579, 3.449999999999999289, 0.3749999999999999445 ) ) ;
#4265 = VECTOR ( 'NONE', #2686, 1000.000000000000000 ) ;
#4266 = ORIENTED_EDGE ( 'NONE', *, *, #5117, .F. ) ;
#4267 = CARTESIAN_POINT ( 'NONE',  ( 1.974999999999997646, 0.3500000000000009215, -1.374999999999999778 ) ) ;
#4268 = ORIENTED_EDGE ( 'NONE', *, *, #4, .F. ) ;
#4269 = DIRECTION ( 'NONE',  ( -0.000000000000000000, 1.000000000000000000, 5.421010862427526114E-15 ) ) ;
#4270 = DIRECTION ( 'NONE',  ( -0.000000000000000000, 1.000000000000000000, 5.251604272976699968E-15 ) ) ;
#4271 = CARTESIAN_POINT ( 'NONE',  ( 6.249999999999998224, 4.049999999999999822, 0.9749999999999963141 ) ) ;
#4272 = FACE_OUTER_BOUND ( 'NONE', #8695, .T. ) ;
#4273 = ORIENTED_EDGE ( 'NONE', *, *, #3245, .F. ) ;
#4274 = CARTESIAN_POINT ( 'NONE',  ( 6.724999999999999645, 4.049999999999999822, 2.375000000000000444 ) ) ;
#4275 = DIRECTION ( 'NONE',  ( -0.000000000000000000, -0.000000000000000000, 1.000000000000000000 ) ) ;
#4276 = EDGE_CURVE ( 'NONE', #8637, #3102, #7111, .T. ) ;
#4277 = EDGE_CURVE ( 'NONE', #9402, #3912, #10376, .T. ) ;
#4278 = AXIS2_PLACEMENT_3D ( 'NONE', #2047, #2941, #7059 ) ;
#4279 = AXIS2_PLACEMENT_3D ( 'NONE', #1202, #8311, #1803 ) ;
#4280 = FACE_OUTER_BOUND ( 'NONE', #502, .T. ) ;
#4281 = EDGE_LOOP ( 'NONE', ( #8096, #4836, #3502, #7636 ) ) ;
#4282 = FACE_OUTER_BOUND ( 'NONE', #9886, .T. ) ;
#4283 =( GEOMETRIC_REPRESENTATION_CONTEXT ( 3 ) GLOBAL_UNCERTAINTY_ASSIGNED_CONTEXT ( ( #6202 ) ) GLOBAL_UNIT_ASSIGNED_CONTEXT ( ( #5016, #154, #5155 ) ) REPRESENTATION_CONTEXT ( 'NONE', 'WORKASPACE' ) );
#4284 = ORIENTED_EDGE ( 'NONE', *, *, #2232, .T. ) ;
#4285 = ORIENTED_EDGE ( 'NONE', *, *, #7080, .T. ) ;
#4286 = CARTESIAN_POINT ( 'NONE',  ( 5.524999999999998579, 3.299999999999999822, -0.7749999999999999112 ) ) ;
#4287 = ADVANCED_FACE ( 'NONE', ( #8017 ), #5488, .F. ) ;
#4288 = CARTESIAN_POINT ( 'NONE',  ( 1.774999999999997913, -0.1499999999999963862, -1.474999999999999645 ) ) ;
#4289 = VECTOR ( 'NONE', #7687, 1000.000000000000000 ) ;
#4290 = CARTESIAN_POINT ( 'NONE',  ( 7.781793621149187601, 1.449999999999999956, 0.3750000000000000000 ) ) ;
#4291 = CLOSED_SHELL ( 'NONE', ( #545, #3681, #10316, #1754, #387, #3683, #6364, #4044 ) ) ;
#4292 = AXIS2_PLACEMENT_3D ( 'NONE', #9188, #5054, #9907 ) ;
#4293 = ORIENTED_EDGE ( 'NONE', *, *, #9363, .F. ) ;
#4294 = EDGE_CURVE ( 'NONE', #2065, #3530, #9748, .T. ) ;
#4295 = EDGE_CURVE ( 'NONE', #5799, #4913, #1464, .T. ) ;
#4296 = SURFACE_STYLE_USAGE ( .BOTH. , #934 ) ;
#4297 = ORIENTED_EDGE ( 'NONE', *, *, #9218, .F. ) ;
#4298 = VECTOR ( 'NONE', #8765, 1000.000000000000000 ) ;
#4299 = CARTESIAN_POINT ( 'NONE',  ( 7.474999999999997868, 1.800000000000000044, -1.274999999999999245 ) ) ;
#4300 = DIRECTION ( 'NONE',  ( -1.000000000000000000, 0.000000000000000000, 0.000000000000000000 ) ) ;
#4301 = DIRECTION ( 'NONE',  ( -1.000000000000000000, 0.000000000000000000, 0.000000000000000000 ) ) ;
#4302 = DIRECTION ( 'NONE',  ( 0.000000000000000000, 0.000000000000000000, 1.000000000000000000 ) ) ;
#4303 = LINE ( 'NONE', #2571, #10284 ) ;
#4304 = AXIS2_PLACEMENT_3D ( 'NONE', #5665, #1523, #8949 ) ;
#4305 = MANIFOLD_SOLID_BREP ( 'Combine1', #8750 ) ;
#4306 = VERTEX_POINT ( 'NONE', #9628 ) ;
#4307 = CARTESIAN_POINT ( 'NONE',  ( 4.124999999999999112, 1.449999999999999956, 0.1750000000000000999 ) ) ;
#4308 = AXIS2_PLACEMENT_3D ( 'NONE', #1029, #4248, #3239 ) ;
#4309 = ORIENTED_EDGE ( 'NONE', *, *, #7142, .F. ) ;
#4310 = STYLED_ITEM ( 'NONE', ( #7195 ), #1093 ) ;
#4311 = AXIS2_PLACEMENT_3D ( 'NONE', #3164, #7965, #2431 ) ;
#4312 = DIRECTION ( 'NONE',  ( -1.000000000000000000, -0.000000000000000000, -0.000000000000000000 ) ) ;
#4313 = CARTESIAN_POINT ( 'NONE',  ( 4.274999999999999467, 1.199999999999999734, 0.1750000000000000722 ) ) ;
#4314 = ORIENTED_EDGE ( 'NONE', *, *, #6888, .F. ) ;
#4315 = ORIENTED_EDGE ( 'NONE', *, *, #1530, .T. ) ;
#4316 = LINE ( 'NONE', #5154, #394 ) ;
#4317 = AXIS2_PLACEMENT_3D ( 'NONE', #9176, #4987, #1862 ) ;
#4318 = ORIENTED_EDGE ( 'NONE', *, *, #8258, .F. ) ;
#4319 = PRESENTATION_STYLE_ASSIGNMENT (( #3469 ) ) ;
#4320 = LINE ( 'NONE', #208, #1408 ) ;
#4321 = DIRECTION ( 'NONE',  ( 1.277744513902812275E-16, 0.7071067811865475727, -0.7071067811865475727 ) ) ;
#4322 = ORIENTED_EDGE ( 'NONE', *, *, #6238, .T. ) ;
#4323 = CARTESIAN_POINT ( 'NONE',  ( -9.375000000000000000, -13.83708784390703705, 0.3750000000000001110 ) ) ;
#4324 = DIRECTION ( 'NONE',  ( 0.000000000000000000, -0.7071067811865545671, 0.7071067811865405783 ) ) ;
#4325 = DIRECTION ( 'NONE',  ( 0.000000000000000000, 2.282530889443167515E-16, -1.000000000000000000 ) ) ;
#4326 = FACE_OUTER_BOUND ( 'NONE', #1603, .T. ) ;
#4327 = EDGE_CURVE ( 'NONE', #3287, #1409, #3215, .T. ) ;
#4328 = DIRECTION ( 'NONE',  ( 1.000000000000000000, 0.000000000000000000, 1.807003620809174632E-16 ) ) ;
#4329 = ADVANCED_FACE ( 'NONE', ( #2376 ), #3899, .F. ) ;
#4330 = EDGE_LOOP ( 'NONE', ( #7987, #6926, #9165, #2898, #8826 ) ) ;
#4331 = CARTESIAN_POINT ( 'NONE',  ( 0.7249999999999999778, 1.449999999999999956, -1.174999999999999822 ) ) ;
#4332 = DIRECTION ( 'NONE',  ( 0.000000000000000000, -0.7071067811865474617, -0.7071067811865474617 ) ) ;
#4333 = EDGE_CURVE ( 'NONE', #690, #2537, #2427, .T. ) ;
#4334 = EDGE_CURVE ( 'NONE', #8481, #9512, #7959, .T. ) ;
#4335 = AXIS2_PLACEMENT_3D ( 'NONE', #6922, #8686, #10186 ) ;
#4336 = ADVANCED_FACE ( 'NONE', ( #8947 ), #4858, .F. ) ;
#4337 = FACE_OUTER_BOUND ( 'NONE', #4404, .T. ) ;
#4338 = ORIENTED_EDGE ( 'NONE', *, *, #3633, .F. ) ;
#4339 = DIRECTION ( 'NONE',  ( -4.688441826964343312E-16, -1.000000000000000000, 0.000000000000000000 ) ) ;
#4340 = DIRECTION ( 'NONE',  ( 0.000000000000000000, 1.000000000000000000, 0.000000000000000000 ) ) ;
#4341 = VERTEX_POINT ( 'NONE', #5550 ) ;
#4342 = VECTOR ( 'NONE', #7686, 1000.000000000000000 ) ;
#4343 = VECTOR ( 'NONE', #6506, 1000.000000000000000 ) ;
#4344 = ADVANCED_FACE ( 'NONE', ( #8829 ), #4751, .T. ) ;
#4345 = DIRECTION ( 'NONE',  ( 0.000000000000000000, -8.642948658383689284E-16, -1.000000000000000000 ) ) ;
#4346 = ORIENTED_EDGE ( 'NONE', *, *, #17, .F. ) ;
#4347 = VECTOR ( 'NONE', #6717, 1000.000000000000000 ) ;
#4348 = CARTESIAN_POINT ( 'NONE',  ( 1.974999999999997646, -0.1499999999999963862, -1.474999999999999645 ) ) ;
#4349 = PLANE ( 'NONE',  #3083 ) ;
#4350 = AXIS2_PLACEMENT_3D ( 'NONE', #7433, #134, #3354 ) ;
#4351 = LINE ( 'NONE', #10047, #6036 ) ;
#4352 = EDGE_CURVE ( 'NONE', #5559, #8812, #9690, .T. ) ;
#4353 = EDGE_LOOP ( 'NONE', ( #2707, #5995, #7972, #6228 ) ) ;
#4354 = DIRECTION ( 'NONE',  ( 0.000000000000000000, -1.000000000000000000, -2.456395547037470490E-16 ) ) ;
#4355 = ORIENTED_EDGE ( 'NONE', *, *, #3774, .T. ) ;
#4356 = VECTOR ( 'NONE', #1756, 1000.000000000000114 ) ;
#4357 = CARTESIAN_POINT ( 'NONE',  ( 4.474999999999998757, 3.950000000000000178, 0.3750000000000001110 ) ) ;
#4358 = VECTOR ( 'NONE', #7820, 1000.000000000000000 ) ;
#4359 = EDGE_CURVE ( 'NONE', #2548, #5385, #4962, .T. ) ;
#4360 = LINE ( 'NONE', #7634, #5210 ) ;
#4361 = VECTOR ( 'NONE', #5373, 1000.000000000000000 ) ;
#4362 = EDGE_CURVE ( 'NONE', #9853, #10182, #957, .T. ) ;
#4363 = CARTESIAN_POINT ( 'NONE',  ( 0.7249999999999999778, 1.449999999999999956, 0.1750000000000000722 ) ) ;
#4364 = ORIENTED_EDGE ( 'NONE', *, *, #6378, .F. ) ;
#4365 = DIRECTION ( 'NONE',  ( -1.000000000000000000, 0.000000000000000000, -0.000000000000000000 ) ) ;
#4366 = CARTESIAN_POINT ( 'NONE',  ( -4.299999999999998934, 0.000000000000000000, 0.6750000000000004885 ) ) ;
#4367 = LINE ( 'NONE', #402, #9929 ) ;
#4368 = LINE ( 'NONE', #1007, #2998 ) ;
#4369 = CARTESIAN_POINT ( 'NONE',  ( 1.974999999999998979, 1.449999999999999956, -1.224999999999999645 ) ) ;
#4370 = VERTEX_POINT ( 'NONE', #8298 ) ;
#4371 = CARTESIAN_POINT ( 'NONE',  ( 5.724999999999998757, 3.299999999999999822, -0.7749999999999999112 ) ) ;
#4372 = FACE_OUTER_BOUND ( 'NONE', #1567, .T. ) ;
#4373 = VECTOR ( 'NONE', #8108, 1000.000000000000000 ) ;
#4374 = DIRECTION ( 'NONE',  ( -1.000000000000000000, -0.000000000000000000, -0.000000000000000000 ) ) ;
#4375 = MANIFOLD_SOLID_BREP ( 'Mirror5[2]', #947 ) ;
#4376 = AXIS2_PLACEMENT_3D ( 'NONE', #2437, #6602, #9011 ) ;
#4377 = ORIENTED_EDGE ( 'NONE', *, *, #10277, .T. ) ;
#4378 = CARTESIAN_POINT ( 'NONE',  ( -1.125000000000001776, 1.899999999999999911, 1.825000000000000622 ) ) ;
#4379 = ORIENTED_EDGE ( 'NONE', *, *, #4026, .F. ) ;
#4380 = ORIENTED_EDGE ( 'NONE', *, *, #2676, .T. ) ;
#4381 = FACE_BOUND ( 'NONE', #10360, .T. ) ;
#4382 = VECTOR ( 'NONE', #9564, 1000.000000000000000 ) ;
#4383 = VECTOR ( 'NONE', #4955, 1000.000000000000000 ) ;
#4384 = EDGE_CURVE ( 'NONE', #2038, #8084, #8348, .T. ) ;
#4385 = MANIFOLD_SOLID_BREP ( 'LPattern3[7]', #1785 ) ;
#4386 = AXIS2_PLACEMENT_3D ( 'NONE', #5687, #2277, #3123 ) ;
#4387 = FILL_AREA_STYLE_COLOUR ( '', #7934 ) ;
#4388 = ORIENTED_EDGE ( 'NONE', *, *, #1911, .T. ) ;
#4389 = FACE_OUTER_BOUND ( 'NONE', #6199, .T. ) ;
#4390 = DIRECTION ( 'NONE',  ( 0.000000000000000000, 0.000000000000000000, 1.000000000000000000 ) ) ;
#4391 = DIRECTION ( 'NONE',  ( -1.000000000000000000, 0.000000000000000000, 0.000000000000000000 ) ) ;
#4392 = ADVANCED_FACE ( 'NONE', ( #8441 ), #8250, .F. ) ;
#4393 = EDGE_LOOP ( 'NONE', ( #9523, #7716, #4652, #4746 ) ) ;
#4394 = EDGE_CURVE ( 'NONE', #9771, #9409, #6643, .T. ) ;
#4395 = AXIS2_PLACEMENT_3D ( 'NONE', #1784, #5913, #8387 ) ;
#4396 = DIRECTION ( 'NONE',  ( 0.7071067811865460184, -0.000000000000000000, 0.7071067811865490160 ) ) ;
#4397 = EDGE_LOOP ( 'NONE', ( #8873, #9426, #2865, #4388, #626, #9962, #1272, #8287, #7966, #5867, #2323, #7032, #4050 ) ) ;
#4398 = CARTESIAN_POINT ( 'NONE',  ( 4.474999999999996980, -0.1499999999999963862, -2.374999999999999112 ) ) ;
#4399 = AXIS2_PLACEMENT_3D ( 'NONE', #761, #10450, #2555 ) ;
#4400 = SURFACE_STYLE_USAGE ( .BOTH. , #1277 ) ;
#4401 = ORIENTED_EDGE ( 'NONE', *, *, #8285, .T. ) ;
#4402 = CARTESIAN_POINT ( 'NONE',  ( 1.774999999999999245, 3.950000000000000178, 0.1750000000000000722 ) ) ;
#4403 = ADVANCED_FACE ( 'NONE', ( #2585 ), #6592, .F. ) ;
#4404 = EDGE_LOOP ( 'NONE', ( #2943, #10275, #6624, #6183 ) ) ;
#4405 = EDGE_CURVE ( 'NONE', #4571, #7082, #308, .T. ) ;
#4406 = DIRECTION ( 'NONE',  ( 1.000000000000000000, 0.000000000000000000, 0.000000000000000000 ) ) ;
#4407 =( GEOMETRIC_REPRESENTATION_CONTEXT ( 3 ) GLOBAL_UNCERTAINTY_ASSIGNED_CONTEXT ( ( #3068 ) ) GLOBAL_UNIT_ASSIGNED_CONTEXT ( ( #8014, #9688, #1579 ) ) REPRESENTATION_CONTEXT ( 'NONE', 'WORKASPACE' ) );
#4408 = LINE ( 'NONE', #4313, #7788 ) ;
#4409 = EDGE_CURVE ( 'NONE', #4671, #82, #3321, .T. ) ;
#4410 = LINE ( 'NONE', #1970, #4699 ) ;
#4411 = EDGE_LOOP ( 'NONE', ( #3457, #5861, #4992, #1433 ) ) ;
#4412 = DIRECTION ( 'NONE',  ( 0.000000000000000000, 0.000000000000000000, 1.000000000000000000 ) ) ;
#4413 = CARTESIAN_POINT ( 'NONE',  ( 3.024999999999998579, 3.299999999999999822, -1.224999999999999645 ) ) ;
#4414 = CARTESIAN_POINT ( 'NONE',  ( 0.7249999999999973133, -0.1499999999999963862, -2.374999999999999112 ) ) ;
#4415 = CARTESIAN_POINT ( 'NONE',  ( 3.224999999999997424, 3.050000000000000266, 0.000000000000000000 ) ) ;
#4416 = PLANE ( 'NONE',  #4831 ) ;
#4417 = ORIENTED_EDGE ( 'NONE', *, *, #5930, .T. ) ;
#4418 = CARTESIAN_POINT ( 'NONE',  ( 3.224999999999999645, 4.049999999999999822, -1.224999999999999645 ) ) ;
#4419 = LINE ( 'NONE', #10310, #4136 ) ;
#4420 = DIRECTION ( 'NONE',  ( -0.000000000000000000, -1.000000000000000000, -0.000000000000000000 ) ) ;
#4421 = ADVANCED_FACE ( 'NONE', ( #2815 ), #2184, .F. ) ;
#4422 = ORIENTED_EDGE ( 'NONE', *, *, #6033, .T. ) ;
#4423 = VECTOR ( 'NONE', #10470, 1000.000000000000000 ) ;
#4424 = CARTESIAN_POINT ( 'NONE',  ( -1.125000000000001776, 0.5999999999999999778, 1.825000000000000622 ) ) ;
#4425 = ORIENTED_EDGE ( 'NONE', *, *, #6366, .T. ) ;
#4426 = SURFACE_STYLE_FILL_AREA ( #1066 ) ;
#4427 = ORIENTED_EDGE ( 'NONE', *, *, #2456, .F. ) ;
#4428 = CARTESIAN_POINT ( 'NONE',  ( 3.224999999999997424, -0.1499999999999963862, -2.374999999999999112 ) ) ;
#4429 = PLANE ( 'NONE',  #9960 ) ;
#4430 = VERTEX_POINT ( 'NONE', #7034 ) ;
#4431 = LINE ( 'NONE', #5883, #9937 ) ;
#4432 = PLANE ( 'NONE',  #9429 ) ;
#4433 = VECTOR ( 'NONE', #5590, 1000.000000000000000 ) ;
#4434 = ORIENTED_EDGE ( 'NONE', *, *, #3299, .T. ) ;
#4435 = ORIENTED_EDGE ( 'NONE', *, *, #1195, .F. ) ;
#4436 = CARTESIAN_POINT ( 'NONE',  ( 5.374999999999999112, 1.449999999999999956, 0.1750000000000000999 ) ) ;
#4437 = VECTOR ( 'NONE', #9811, 1000.000000000000000 ) ;
#4438 = AXIS2_PLACEMENT_3D ( 'NONE', #7383, #9730, #85 ) ;
#4439 = CARTESIAN_POINT ( 'NONE',  ( 4.624999999999998224, 3.250000000000000000, 0.6750000000000004885 ) ) ;
#4440 = VERTEX_POINT ( 'NONE', #10304 ) ;
#4441 = DIRECTION ( 'NONE',  ( 1.000000000000000000, 0.000000000000000000, 0.000000000000000000 ) ) ;
#4442 = LINE ( 'NONE', #3489, #5500 ) ;
#4443 = CARTESIAN_POINT ( 'NONE',  ( 7.625000000000000000, 4.049999999999999822, 2.375000000000000444 ) ) ;
#4444 = AXIS2_PLACEMENT_3D ( 'NONE', #2183, #5471, #2354 ) ;
#4445 = DIRECTION ( 'NONE',  ( 1.000000000000000000, 0.000000000000000000, -0.000000000000000000 ) ) ;
#4446 = ORIENTED_EDGE ( 'NONE', *, *, #9896, .T. ) ;
#4447 = EDGE_CURVE ( 'NONE', #6965, #6452, #5411, .T. ) ;
#4448 = VECTOR ( 'NONE', #5703, 1000.000000000000000 ) ;
#4449 = EDGE_LOOP ( 'NONE', ( #5401, #5742, #2552, #7004 ) ) ;
#4450 = CARTESIAN_POINT ( 'NONE',  ( -1.325000000000001510, 0.000000000000000000, 2.475000000000000089 ) ) ;
#4451 = EDGE_CURVE ( 'NONE', #2406, #8568, #6117, .T. ) ;
#4452 = PLANE ( 'NONE',  #7260 ) ;
#4453 = DIRECTION ( 'NONE',  ( 1.000000000000000000, 0.000000000000000000, 0.000000000000000000 ) ) ;
#4454 = ORIENTED_EDGE ( 'NONE', *, *, #9022, .F. ) ;
#4455 = VECTOR ( 'NONE', #6283, 1000.000000000000000 ) ;
#4456 = DIRECTION ( 'NONE',  ( 0.000000000000000000, 0.000000000000000000, -1.000000000000000000 ) ) ;
#4457 = AXIS2_PLACEMENT_3D ( 'NONE', #4944, #8231, #6574 ) ;
#4458 = FACE_OUTER_BOUND ( 'NONE', #3510, .T. ) ;
#4459 = ADVANCED_FACE ( 'NONE', ( #6066 ), #9390, .F. ) ;
#4460 = ORIENTED_EDGE ( 'NONE', *, *, #6937, .T. ) ;
#4461 = DIRECTION ( 'NONE',  ( -1.000000000000000000, 0.000000000000000000, 0.000000000000000000 ) ) ;
#4462 = ORIENTED_EDGE ( 'NONE', *, *, #270, .F. ) ;
#4463 = DIRECTION ( 'NONE',  ( 0.000000000000000000, -1.000000000000000000, -1.251002506714043540E-16 ) ) ;
#4464 = EDGE_CURVE ( 'NONE', #9187, #2766, #8697, .T. ) ;
#4465 = DIRECTION ( 'NONE',  ( -0.000000000000000000, -1.000000000000000000, -1.251002506714043540E-16 ) ) ;
#4466 = CARTESIAN_POINT ( 'NONE',  ( 4.474999999999997868, 1.199999999999999734, 0.1750000000000000722 ) ) ;
#4467 = EDGE_CURVE ( 'NONE', #10068, #9607, #7832, .T. ) ;
#4468 = CARTESIAN_POINT ( 'NONE',  ( 0.7249999999999973133, -0.1499999999999963862, -1.474999999999999645 ) ) ;
#4469 = CLOSED_SHELL ( 'NONE', ( #8918, #9496, #7258, #2660, #1437, #2863, #5805, #5668, #5388, #6647 ) ) ;
#4470 = ORIENTED_EDGE ( 'NONE', *, *, #1445, .F. ) ;
#4471 = PLANE ( 'NONE',  #7081 ) ;
#4472 = LINE ( 'NONE', #6123, #2757 ) ;
#4473 = DIRECTION ( 'NONE',  ( 1.000000000000000000, 0.000000000000000000, -1.807003620809174632E-16 ) ) ;
#4474 = ORIENTED_EDGE ( 'NONE', *, *, #5329, .T. ) ;
#4475 = CARTESIAN_POINT ( 'NONE',  ( 1.974999999999997646, 3.449999999999999289, 0.3749999999999999445 ) ) ;
#4476 = ORIENTED_EDGE ( 'NONE', *, *, #2267, .T. ) ;
#4477 = DIRECTION ( 'NONE',  ( 0.000000000000000000, 1.000000000000000000, -1.445602896647327084E-15 ) ) ;
#4478 = ORIENTED_EDGE ( 'NONE', *, *, #9466, .F. ) ;
#4479 = DIRECTION ( 'NONE',  ( 1.000000000000000000, 0.000000000000000000, 0.000000000000000000 ) ) ;
#4480 = DIRECTION ( 'NONE',  ( 0.000000000000000000, -1.000000000000000000, 0.000000000000000000 ) ) ;
#4481 = ORIENTED_EDGE ( 'NONE', *, *, #8968, .F. ) ;
#4482 = CARTESIAN_POINT ( 'NONE',  ( 4.274999999999999467, 1.199999999999999734, 0.3750000000000000000 ) ) ;
#4483 = LINE ( 'NONE', #9522, #7412 ) ;
#4484 = EDGE_CURVE ( 'NONE', #2119, #8063, #6168, .T. ) ;
#4485 = ORIENTED_EDGE ( 'NONE', *, *, #1956, .T. ) ;
#4486 = ORIENTED_EDGE ( 'NONE', *, *, #1530, .F. ) ;
#4487 = CARTESIAN_POINT ( 'NONE',  ( 1.974999999999997646, -0.04999999999999636680, -2.375000000000000000 ) ) ;
#4488 = ADVANCED_FACE ( 'NONE', ( #6881 ), #8541, .T. ) ;
#4489 = EDGE_CURVE ( 'NONE', #7780, #1442, #5303, .T. ) ;
#4490 = EDGE_CURVE ( 'NONE', #9352, #2293, #5352, .T. ) ;
#4491 = DIRECTION ( 'NONE',  ( 0.000000000000000000, -0.7071067811865472397, -0.7071067811865479058 ) ) ;
#4492 = VERTEX_POINT ( 'NONE', #8639 ) ;
#4493 = FILL_AREA_STYLE ('',( #2109 ) ) ;
#4494 = LINE ( 'NONE', #5284, #5225 ) ;
#4495 = FACE_OUTER_BOUND ( 'NONE', #6346, .T. ) ;
#4496 = VERTEX_POINT ( 'NONE', #4512 ) ;
#4497 = APPLICATION_CONTEXT ( 'automotive_design' ) ;
#4498 = AXIS2_PLACEMENT_3D ( 'NONE', #7153, #4678, #9674 ) ;
#4499 = VERTEX_POINT ( 'NONE', #6933 ) ;
#4500 = FACE_OUTER_BOUND ( 'NONE', #2280, .T. ) ;
#4501 = CARTESIAN_POINT ( 'NONE',  ( 2.781793621149188045, 3.050000000000000266, -0.1050000000000000655 ) ) ;
#4502 = LINE ( 'NONE', #9378, #2807 ) ;
#4503 = FACE_OUTER_BOUND ( 'NONE', #4781, .T. ) ;
#4504 = VECTOR ( 'NONE', #283, 1000.000000000000114 ) ;
#4505 = VERTEX_POINT ( 'NONE', #7782 ) ;
#4506 = EDGE_CURVE ( 'NONE', #4990, #4242, #9441, .T. ) ;
#4507 = CARTESIAN_POINT ( 'NONE',  ( 5.724999999999997868, 0.4999999999999998890, -0.8249999999999997335 ) ) ;
#4508 = VECTOR ( 'NONE', #5917, 1000.000000000000000 ) ;
#4509 = DIRECTION ( 'NONE',  ( 0.000000000000000000, -0.000000000000000000, 1.000000000000000000 ) ) ;
#4510 = ORIENTED_EDGE ( 'NONE', *, *, #6393, .T. ) ;
#4511 = LINE ( 'NONE', #2866, #922 ) ;
#4512 = CARTESIAN_POINT ( 'NONE',  ( 4.474999999999998757, 3.299999999999999822, -1.224999999999999645 ) ) ;
#4513 = CARTESIAN_POINT ( 'NONE',  ( 0.8749999999999998890, 1.199999999999999734, 0.3750000000000000555 ) ) ;
#4514 = CARTESIAN_POINT ( 'NONE',  ( 3.224999999999997868, 4.049999999999999822, 0.4749999999999995337 ) ) ;
#4515 = LINE ( 'NONE', #2033, #3794 ) ;
#4516 = ORIENTED_EDGE ( 'NONE', *, *, #1822, .T. ) ;
#4517 = DIRECTION ( 'NONE',  ( -0.000000000000000000, 1.000000000000000000, -0.000000000000000000 ) ) ;
#4518 = ORIENTED_EDGE ( 'NONE', *, *, #3390, .F. ) ;
#4519 = FACE_OUTER_BOUND ( 'NONE', #1327, .T. ) ;
#4520 = EDGE_CURVE ( 'NONE', #8331, #1204, #556, .T. ) ;
#4521 = VECTOR ( 'NONE', #9334, 1000.000000000000000 ) ;
#4522 = ORIENTED_EDGE ( 'NONE', *, *, #3752, .T. ) ;
#4523 = FACE_OUTER_BOUND ( 'NONE', #7240, .T. ) ;
#4524 = EDGE_CURVE ( 'NONE', #3925, #5702, #7180, .T. ) ;
#4525 = EDGE_CURVE ( 'NONE', #6943, #8164, #10106, .T. ) ;
#4526 = ORIENTED_EDGE ( 'NONE', *, *, #9071, .T. ) ;
#4527 = CARTESIAN_POINT ( 'NONE',  ( -1.025000000000001688, 0.2500000000000002220, 2.475000000000000089 ) ) ;
#4528 = ORIENTED_EDGE ( 'NONE', *, *, #8531, .F. ) ;
#4529 = ORIENTED_EDGE ( 'NONE', *, *, #8819, .F. ) ;
#4530 = DIRECTION ( 'NONE',  ( -1.807003620809174632E-16, 0.000000000000000000, -1.000000000000000000 ) ) ;
#4531 = VECTOR ( 'NONE', #4094, 1000.000000000000000 ) ;
#4532 = CARTESIAN_POINT ( 'NONE',  ( 7.774999999999999467, 2.349999999999999645, 0.6750000000000002665 ) ) ;
#4533 = ORIENTED_EDGE ( 'NONE', *, *, #7075, .T. ) ;
#4534 = PLANE ( 'NONE',  #4278 ) ;
#4535 = PLANE ( 'NONE',  #430 ) ;
#4536 = VERTEX_POINT ( 'NONE', #3026 ) ;
#4537 = EDGE_LOOP ( 'NONE', ( #10161, #9507, #4446, #1459 ) ) ;
#4538 = FACE_OUTER_BOUND ( 'NONE', #2914, .T. ) ;
#4539 = EDGE_CURVE ( 'NONE', #8718, #3745, #9073, .T. ) ;
#4540 = AXIS2_PLACEMENT_3D ( 'NONE', #7261, #2290, #1554 ) ;
#4541 = EDGE_CURVE ( 'NONE', #5288, #2293, #3343, .T. ) ;
#4542 = MANIFOLD_SOLID_BREP ( 'LPattern3[2]', #4149 ) ;
#4543 = EDGE_CURVE ( 'NONE', #4846, #7855, #9890, .T. ) ;
#4544 = LINE ( 'NONE', #10281, #8133 ) ;
#4545 = CIRCLE ( 'NONE', #6784, 0.09999999999999982514 ) ;
#4546 = LINE ( 'NONE', #9704, #9255 ) ;
#4547 = CARTESIAN_POINT ( 'NONE',  ( 4.124999999999999112, 4.049999999999999822, 0.2749999999999994671 ) ) ;
#4548 = CARTESIAN_POINT ( 'NONE',  ( 4.274999999999997691, -0.04999999999999636680, -2.375000000000000000 ) ) ;
#4549 = ORIENTED_EDGE ( 'NONE', *, *, #5580, .T. ) ;
#4550 = EDGE_CURVE ( 'NONE', #2339, #1771, #5793, .T. ) ;
#4551 = VECTOR ( 'NONE', #898, 1000.000000000000000 ) ;
#4552 = ORIENTED_EDGE ( 'NONE', *, *, #1213, .F. ) ;
#4553 = CARTESIAN_POINT ( 'NONE',  ( 4.124999999999999112, 1.449999999999999956, 0.1750000000000000999 ) ) ;
#4554 = CARTESIAN_POINT ( 'NONE',  ( 5.724999999999997868, 0.1792893218813486067, -1.745710678118654435 ) ) ;
#4555 = CARTESIAN_POINT ( 'NONE',  ( -0.6250000000000023315, -6.123233995736742617E-17, -0.3340169943749460302 ) ) ;
#4556 = CARTESIAN_POINT ( 'NONE',  ( 5.724999999999997868, 0.1792893218813486345, -1.745710678118654435 ) ) ;
#4557 = ORIENTED_EDGE ( 'NONE', *, *, #5329, .F. ) ;
#4558 = DIRECTION ( 'NONE',  ( 1.000000000000000000, 0.000000000000000000, 0.000000000000000000 ) ) ;
#4559 = EDGE_CURVE ( 'NONE', #10427, #9077, #8807, .T. ) ;
#4560 = VECTOR ( 'NONE', #2945, 1000.000000000000000 ) ;
#4561 = ORIENTED_EDGE ( 'NONE', *, *, #6042, .F. ) ;
#4562 = DIRECTION ( 'NONE',  ( 0.000000000000000000, 0.000000000000000000, 1.000000000000000000 ) ) ;
#4563 = CARTESIAN_POINT ( 'NONE',  ( -8.125000000000000000, -13.83708784390703705, -1.174999999999999822 ) ) ;
#4564 = AXIS2_PLACEMENT_3D ( 'NONE', #5071, #9112, #5023 ) ;
#4565 = ORIENTED_EDGE ( 'NONE', *, *, #3245, .T. ) ;
#4566 = DIRECTION ( 'NONE',  ( 0.000000000000000000, 0.000000000000000000, -1.000000000000000000 ) ) ;
#4567 = CARTESIAN_POINT ( 'NONE',  ( 4.274999999999997691, 0.4999999999999998890, -0.8249999999999997335 ) ) ;
#4568 = CARTESIAN_POINT ( 'NONE',  ( 5.524999999999998579, 4.000000000000000000, -1.224999999999999645 ) ) ;
#4569 = LINE ( 'NONE', #455, #2320 ) ;
#4570 = CARTESIAN_POINT ( 'NONE',  ( 3.024999999999999023, 1.449999999999999956, 0.1750000000000000722 ) ) ;
#4571 = VERTEX_POINT ( 'NONE', #4147 ) ;
#4572 = DIRECTION ( 'NONE',  ( 0.000000000000000000, 1.000000000000000000, 0.000000000000000000 ) ) ;
#4573 = DIRECTION ( 'NONE',  ( 0.000000000000000000, -1.000000000000000000, -2.282530889443167515E-16 ) ) ;
#4574 = ORIENTED_EDGE ( 'NONE', *, *, #7251, .T. ) ;
#4575 = DIRECTION ( 'NONE',  ( 0.000000000000000000, 0.000000000000000000, -1.000000000000000000 ) ) ;
#4576 = ORIENTED_EDGE ( 'NONE', *, *, #3450, .F. ) ;
#4577 = VECTOR ( 'NONE', #8449, 1000.000000000000000 ) ;
#4578 = PLANE ( 'NONE',  #2039 ) ;
#4579 = DIRECTION ( 'NONE',  ( 0.000000000000000000, 0.000000000000000000, -1.000000000000000000 ) ) ;
#4580 = EDGE_LOOP ( 'NONE', ( #7058, #8255, #2983, #6386 ) ) ;
#4581 = ORIENTED_EDGE ( 'NONE', *, *, #15, .F. ) ;
#4582 = DIRECTION ( 'NONE',  ( 0.7071067811865475727, -0.7071067811865475727, 0.000000000000000000 ) ) ;
#4583 = ORIENTED_EDGE ( 'NONE', *, *, #4015, .T. ) ;
#4584 = DIRECTION ( 'NONE',  ( 0.000000000000000000, 0.000000000000000000, -1.000000000000000000 ) ) ;
#4585 = ADVANCED_FACE ( 'NONE', ( #4984 ), #6666, .F. ) ;
#4586 = DIRECTION ( 'NONE',  ( 0.000000000000000000, 1.000000000000000000, 0.000000000000000000 ) ) ;
#4587 = ORIENTED_EDGE ( 'NONE', *, *, #2672, .F. ) ;
#4588 = CARTESIAN_POINT ( 'NONE',  ( 0.5249999999999976907, -0.04999999999999636680, -2.375000000000000000 ) ) ;
#4589 = DIRECTION ( 'NONE',  ( 0.000000000000000000, 0.000000000000000000, 1.000000000000000000 ) ) ;
#4590 = EDGE_CURVE ( 'NONE', #570, #365, #124, .T. ) ;
#4591 = VERTEX_POINT ( 'NONE', #7151 ) ;
#4592 = EDGE_CURVE ( 'NONE', #8589, #7584, #5845, .T. ) ;
#4593 = ORIENTED_EDGE ( 'NONE', *, *, #9472, .T. ) ;
#4594 = PLANE ( 'NONE',  #10051 ) ;
#4595 = VECTOR ( 'NONE', #4164, 1000.000000000000000 ) ;
#4596 = ORIENTED_EDGE ( 'NONE', *, *, #3327, .F. ) ;
#4597 = EDGE_CURVE ( 'NONE', #8589, #3031, #5472, .T. ) ;
#4598 = PLANE ( 'NONE',  #1830 ) ;
#4599 = EDGE_LOOP ( 'NONE', ( #3955, #8023, #2146, #7585 ) ) ;
#4600 = CARTESIAN_POINT ( 'NONE',  ( 4.474999999999996980, -0.1499999999999963862, -2.374999999999999112 ) ) ;
#4601 = ADVANCED_FACE ( 'NONE', ( #3877 ), #723, .F. ) ;
#4602 = DIRECTION ( 'NONE',  ( -1.000000000000000000, 0.000000000000000000, 0.000000000000000000 ) ) ;
#4603 = LINE ( 'NONE', #7865, #708 ) ;
#4604 = ORIENTED_EDGE ( 'NONE', *, *, #2842, .T. ) ;
#4605 = ORIENTED_EDGE ( 'NONE', *, *, #2621, .T. ) ;
#4606 = CARTESIAN_POINT ( 'NONE',  ( 4.474999999999997868, 1.449999999999999956, 0.1750000000000000722 ) ) ;
#4607 = VECTOR ( 'NONE', #742, 1000.000000000000000 ) ;
#4608 = LINE ( 'NONE', #3697, #8788 ) ;
#4609 = DIRECTION ( 'NONE',  ( -1.000000000000000000, -0.000000000000000000, -0.000000000000000000 ) ) ;
#4610 = EDGE_CURVE ( 'NONE', #8770, #3129, #6280, .T. ) ;
#4611 = ORIENTED_EDGE ( 'NONE', *, *, #7125, .F. ) ;
#4612 = CARTESIAN_POINT ( 'NONE',  ( 1.919910864525443017, 0.5999999999999999778, 0.2250000000000008105 ) ) ;
#4613 = VERTEX_POINT ( 'NONE', #4673 ) ;
#4614 = ADVANCED_FACE ( 'NONE', ( #7204 ), #1027, .F. ) ;
#4615 = CARTESIAN_POINT ( 'NONE',  ( 5.724999999999997868, 0.2500000000000037748, -1.816421356237308826 ) ) ;
#4616 = VERTEX_POINT ( 'NONE', #5230 ) ;
#4617 = ADVANCED_FACE ( 'NONE', ( #2747 ), #8465, .T. ) ;
#4618 = ORIENTED_EDGE ( 'NONE', *, *, #69, .F. ) ;
#4619 = CARTESIAN_POINT ( 'NONE',  ( 4.474999999999998757, 3.299999999999999822, -1.224999999999999645 ) ) ;
#4620 = DIRECTION ( 'NONE',  ( 0.000000000000000000, -3.336006684570783101E-16, 1.000000000000000000 ) ) ;
#4621 = EDGE_CURVE ( 'NONE', #2119, #6682, #3637, .T. ) ;
#4622 = CARTESIAN_POINT ( 'NONE',  ( 0.5249999999999976907, 0.09999999999999999167, -0.8250000000000010658 ) ) ;
#4623 = EDGE_LOOP ( 'NONE', ( #854, #9600, #8265, #6951 ) ) ;
#4624 = LINE ( 'NONE', #3028, #9652 ) ;
#4625 = DIRECTION ( 'NONE',  ( 0.000000000000000000, 0.000000000000000000, -1.000000000000000000 ) ) ;
#4626 = ORIENTED_EDGE ( 'NONE', *, *, #2498, .F. ) ;
#4627 = DIRECTION ( 'NONE',  ( -0.000000000000000000, -0.000000000000000000, -1.000000000000000000 ) ) ;
#4628 = VERTEX_POINT ( 'NONE', #2653 ) ;
#4629 = LINE ( 'NONE', #6288, #2558 ) ;
#4630 = CIRCLE ( 'NONE', #9095, 0.05000000000000012768 ) ;
#4631 = DIRECTION ( 'NONE',  ( 1.000000000000000000, 0.000000000000000000, 0.000000000000000000 ) ) ;
#4632 = CARTESIAN_POINT ( 'NONE',  ( 1.974999999999999867, 4.049999999999999822, -1.224999999999999645 ) ) ;
#4633 = DIRECTION ( 'NONE',  ( 0.000000000000000000, 1.000000000000000000, 0.000000000000000000 ) ) ;
#4634 = ORIENTED_EDGE ( 'NONE', *, *, #876, .F. ) ;
#4635 = ORIENTED_EDGE ( 'NONE', *, *, #5605, .T. ) ;
#4636 = FACE_OUTER_BOUND ( 'NONE', #3563, .T. ) ;
#4637 = VERTEX_POINT ( 'NONE', #8322 ) ;
#4638 = CARTESIAN_POINT ( 'NONE',  ( -1.125000000000001776, 0.000000000000000000, 0.000000000000000000 ) ) ;
#4639 = LINE ( 'NONE', #2832, #238 ) ;
#4640 = VECTOR ( 'NONE', #8003, 1000.000000000000000 ) ;
#4641 = DIRECTION ( 'NONE',  ( 0.000000000000000000, -0.7071067811865479058, 0.7071067811865472397 ) ) ;
#4642 = VERTEX_POINT ( 'NONE', #1809 ) ;
#4643 = LINE ( 'NONE', #2099, #555 ) ;
#4644 = DIRECTION ( 'NONE',  ( 0.000000000000000000, 1.000000000000000000, 0.000000000000000000 ) ) ;
#4645 = ORIENTED_EDGE ( 'NONE', *, *, #5748, .F. ) ;
#4646 = VERTEX_POINT ( 'NONE', #1074 ) ;
#4647 = DIRECTION ( 'NONE',  ( -0.000000000000000000, 0.3713906763541011125, 0.9284766908852604139 ) ) ;
#4648 = CIRCLE ( 'NONE', #4994, 0.09999999999999982514 ) ;
#4649 = AXIS2_PLACEMENT_3D ( 'NONE', #9999, #2669, #293 ) ;
#4650 = EDGE_CURVE ( 'NONE', #313, #5425, #5893, .T. ) ;
#4651 = DIRECTION ( 'NONE',  ( -0.000000000000000000, -1.000000000000000000, -0.000000000000000000 ) ) ;
#4652 = ORIENTED_EDGE ( 'NONE', *, *, #849, .F. ) ;
#4653 = MANIFOLD_SOLID_BREP ( 'LPattern3[1]', #7721 ) ;
#4654 = CARTESIAN_POINT ( 'NONE',  ( 3.024999999999997691, 0.3500000000000009215, -1.374999999999999778 ) ) ;
#4655 = ORIENTED_EDGE ( 'NONE', *, *, #10237, .F. ) ;
#4656 = DIRECTION ( 'NONE',  ( 0.000000000000000000, 0.000000000000000000, 1.000000000000000000 ) ) ;
#4657 = DIRECTION ( 'NONE',  ( -0.000000000000000000, -0.000000000000000000, 1.000000000000000000 ) ) ;
#4658 = CARTESIAN_POINT ( 'NONE',  ( 7.375000000000000888, 1.899999999999999689, 2.475000000000000533 ) ) ;
#4659 = EDGE_LOOP ( 'NONE', ( #2860, #5144, #1259, #693 ) ) ;
#4660 = EDGE_CURVE ( 'NONE', #3066, #7556, #8370, .T. ) ;
#4661 = EDGE_CURVE ( 'NONE', #7724, #5452, #5130, .T. ) ;
#4662 = ORIENTED_EDGE ( 'NONE', *, *, #10183, .F. ) ;
#4663 = CARTESIAN_POINT ( 'NONE',  ( 5.524999999999998579, 3.950000000000000178, 0.1750000000000000722 ) ) ;
#4664 = CARTESIAN_POINT ( 'NONE',  ( 3.224999999999997424, 3.449999999999999734, 0.2950000000000000400 ) ) ;
#4665 = VERTEX_POINT ( 'NONE', #4439 ) ;
#4666 = CARTESIAN_POINT ( 'NONE',  ( 0.000000000000000000, 4.049999999999999822, -1.274999999999999245 ) ) ;
#4667 = ORIENTED_EDGE ( 'NONE', *, *, #1517, .F. ) ;
#4668 = ADVANCED_FACE ( 'NONE', ( #4337 ), #4598, .T. ) ;
#4669 = CARTESIAN_POINT ( 'NONE',  ( 6.974999999999995204, 1.800000000000000044, -1.774999999999999689 ) ) ;
#4670 = EDGE_LOOP ( 'NONE', ( #7917, #6430, #1654, #2514, #707 ) ) ;
#4671 = VERTEX_POINT ( 'NONE', #3060 ) ;
#4672 = PLANE ( 'NONE',  #9943 ) ;
#4673 = CARTESIAN_POINT ( 'NONE',  ( 7.625000000000000000, 4.049999999999999822, 2.475000000000000089 ) ) ;
#4674 = PRODUCT_DEFINITION_SHAPE ( 'NONE', 'NONE',  #10547 ) ;
#4675 = EDGE_CURVE ( 'NONE', #9439, #8600, #3797, .T. ) ;
#4676 = CARTESIAN_POINT ( 'NONE',  ( 4.474999999999996980, 0.4999999999999998890, -0.8249999999999997335 ) ) ;
#4677 = VECTOR ( 'NONE', #1084, 1000.000000000000000 ) ;
#4678 = DIRECTION ( 'NONE',  ( 0.000000000000000000, -1.000000000000000000, 8.642948658383689284E-16 ) ) ;
#4679 = CARTESIAN_POINT ( 'NONE',  ( 4.274999999999997691, 0.1792893218813486067, -1.745710678118654435 ) ) ;
#4680 = ORIENTED_EDGE ( 'NONE', *, *, #9987, .T. ) ;
#4681 = DIRECTION ( 'NONE',  ( 0.000000000000000000, -0.7071067811865519026, 0.7071067811865432429 ) ) ;
#4682 = ORIENTED_EDGE ( 'NONE', *, *, #7214, .F. ) ;
#4683 = DIRECTION ( 'NONE',  ( 0.000000000000000000, -1.000000000000000000, 1.445602896647327084E-15 ) ) ;
#4684 = CARTESIAN_POINT ( 'NONE',  ( 3.224999999999997424, -0.1499999999999963862, -1.474999999999999645 ) ) ;
#4685 = ADVANCED_FACE ( 'NONE', ( #7179 ), #6960, .F. ) ;
#4686 = DIRECTION ( 'NONE',  ( 0.000000000000000000, -1.000000000000000000, -1.355252715606880789E-16 ) ) ;
#4687 = VECTOR ( 'NONE', #3442, 1000.000000000000000 ) ;
#4688 = FACE_OUTER_BOUND ( 'NONE', #9475, .T. ) ;
#4689 = ORIENTED_EDGE ( 'NONE', *, *, #9317, .F. ) ;
#4690 = VECTOR ( 'NONE', #5732, 1000.000000000000114 ) ;
#4691 = FACE_OUTER_BOUND ( 'NONE', #7382, .T. ) ;
#4692 = ORIENTED_EDGE ( 'NONE', *, *, #10083, .F. ) ;
#4693 = CARTESIAN_POINT ( 'NONE',  ( 0.7249999999999973133, 1.199999999999999734, 0.1750000000000000722 ) ) ;
#4694 = AXIS2_PLACEMENT_3D ( 'NONE', #610, #10409, #7090 ) ;
#4695 = ORIENTED_EDGE ( 'NONE', *, *, #4464, .T. ) ;
#4696 = CARTESIAN_POINT ( 'NONE',  ( 7.875000000000000000, 1.999999999999999112, 2.475000000000000089 ) ) ;
#4697 = DIRECTION ( 'NONE',  ( 1.000000000000000000, 0.000000000000000000, 0.000000000000000000 ) ) ;
#4698 = ORIENTED_EDGE ( 'NONE', *, *, #10289, .T. ) ;
#4699 = VECTOR ( 'NONE', #352, 1000.000000000000000 ) ;
#4700 = ORIENTED_EDGE ( 'NONE', *, *, #4610, .F. ) ;
#4701 = CARTESIAN_POINT ( 'NONE',  ( 0.2499999999999976130, 3.849999999999997424, 2.075000000000000622 ) ) ;
#4702 = CARTESIAN_POINT ( 'NONE',  ( 7.375000000000000000, 3.399999999999999911, -0.3249999999999997891 ) ) ;
#4703 = AXIS2_PLACEMENT_3D ( 'NONE', #6309, #532, #2105 ) ;
#4704 = ORIENTED_EDGE ( 'NONE', *, *, #8342, .F. ) ;
#4705 = DIRECTION ( 'NONE',  ( 0.000000000000000000, 0.7071067811865431318, 0.7071067811865519026 ) ) ;
#4706 = LINE ( 'NONE', #5330, #1978 ) ;
#4707 = VERTEX_POINT ( 'NONE', #7759 ) ;
#4708 = DIRECTION ( 'NONE',  ( 0.000000000000000000, 1.000000000000000000, 0.000000000000000000 ) ) ;
#4709 = PLANE ( 'NONE',  #6640 ) ;
#4710 = ADVANCED_FACE ( 'NONE', ( #10332 ), #8617, .F. ) ;
#4711 = AXIS2_PLACEMENT_3D ( 'NONE', #3873, #3929, #2510 ) ;
#4712 = EDGE_LOOP ( 'NONE', ( #1620, #8222, #9729, #8843 ) ) ;
#4713 = ORIENTED_EDGE ( 'NONE', *, *, #8267, .F. ) ;
#4714 = MECHANICAL_DESIGN_GEOMETRIC_PRESENTATION_REPRESENTATION (  '', ( #2003 ), #9330 ) ;
#4715 = LINE ( 'NONE', #8217, #3000 ) ;
#4716 = EDGE_CURVE ( 'NONE', #1382, #7564, #4706, .T. ) ;
#4717 = CARTESIAN_POINT ( 'NONE',  ( 1.774999999999997913, 0.3500000000000009215, -1.374999999999999778 ) ) ;
#4718 = SURFACE_SIDE_STYLE ('',( #601 ) ) ;
#4719 = ORIENTED_EDGE ( 'NONE', *, *, #7920, .F. ) ;
#4720 = DIRECTION ( 'NONE',  ( 0.000000000000000000, -0.7071067811865472397, -0.7071067811865479058 ) ) ;
#4721 = EDGE_CURVE ( 'NONE', #7836, #50, #4544, .T. ) ;
#4722 = ORIENTED_EDGE ( 'NONE', *, *, #1284, .T. ) ;
#4723 = VECTOR ( 'NONE', #5915, 1000.000000000000000 ) ;
#4724 = DIRECTION ( 'NONE',  ( -1.000000000000000000, -0.000000000000000000, -0.000000000000000000 ) ) ;
#4725 = ORIENTED_EDGE ( 'NONE', *, *, #5384, .F. ) ;
#4726 = PLANE ( 'NONE',  #4350 ) ;
#4727 = ORIENTED_EDGE ( 'NONE', *, *, #1630, .F. ) ;
#4728 = DIRECTION ( 'NONE',  ( -1.000000000000000000, -0.000000000000000000, 0.000000000000000000 ) ) ;
#4729 = SURFACE_SIDE_STYLE ('',( #972 ) ) ;
#4730 = CARTESIAN_POINT ( 'NONE',  ( -1.625000000000001332, 3.399999999999999911, 0.1750000000000001554 ) ) ;
#4731 = ADVANCED_FACE ( 'NONE', ( #3735 ), #1426, .F. ) ;
#4732 = LINE ( 'NONE', #7269, #9139 ) ;
#4733 = AXIS2_PLACEMENT_3D ( 'NONE', #1902, #5126, #8414 ) ;
#4734 = LINE ( 'NONE', #4055, #2936 ) ;
#4735 = ORIENTED_EDGE ( 'NONE', *, *, #9653, .T. ) ;
#4736 = DIRECTION ( 'NONE',  ( 0.000000000000000000, -1.000000000000000000, 0.000000000000000000 ) ) ;
#4737 = DIRECTION ( 'NONE',  ( 1.000000000000000000, 0.000000000000000000, 0.000000000000000000 ) ) ;
#4738 = EDGE_CURVE ( 'NONE', #9402, #3420, #9474, .T. ) ;
#4739 = ORIENTED_EDGE ( 'NONE', *, *, #8789, .F. ) ;
#4740 = DIRECTION ( 'NONE',  ( 0.000000000000000000, -1.000000000000000000, 2.710505431213761393E-17 ) ) ;
#4741 = DIRECTION ( 'NONE',  ( -0.000000000000000000, 0.000000000000000000, 1.000000000000000000 ) ) ;
#4742 = FACE_OUTER_BOUND ( 'NONE', #8102, .T. ) ;
#4743 = EDGE_CURVE ( 'NONE', #2291, #552, #7861, .T. ) ;
#4744 = VECTOR ( 'NONE', #4798, 1000.000000000000000 ) ;
#4745 = PLANE ( 'NONE',  #10180 ) ;
#4746 = ORIENTED_EDGE ( 'NONE', *, *, #4650, .T. ) ;
#4747 = ORIENTED_EDGE ( 'NONE', *, *, #3811, .F. ) ;
#4748 = LINE ( 'NONE', #8012, #9024 ) ;
#4749 = ORIENTED_EDGE ( 'NONE', *, *, #3327, .T. ) ;
#4750 = CARTESIAN_POINT ( 'NONE',  ( 1.974999999999997646, -0.1499999999999963862, -1.474999999999999645 ) ) ;
#4751 = CYLINDRICAL_SURFACE ( 'NONE', #8223, 0.09999999999999982514 ) ;
#4752 = DIRECTION ( 'NONE',  ( 1.000000000000000000, 0.000000000000000000, 4.336808689942021680E-16 ) ) ;
#4753 = VERTEX_POINT ( 'NONE', #10446 ) ;
#4754 = DIRECTION ( 'NONE',  ( 0.000000000000000000, 0.000000000000000000, 1.000000000000000000 ) ) ;
#4755 = CARTESIAN_POINT ( 'NONE',  ( 5.724999999999998757, 1.449999999999999956, -1.174999999999999822 ) ) ;
#4756 = EDGE_LOOP ( 'NONE', ( #76, #1186, #7912, #6672 ) ) ;
#4757 = EDGE_CURVE ( 'NONE', #9083, #10504, #642, .T. ) ;
#4758 = AXIS2_PLACEMENT_3D ( 'NONE', #4548, #10287, #10231 ) ;
#4759 = CARTESIAN_POINT ( 'NONE',  ( 4.474999999999996980, 0.3000000000000008771, -1.374999999999999778 ) ) ;
#4760 = EDGE_CURVE ( 'NONE', #5812, #3713, #5507, .T. ) ;
#4761 = CARTESIAN_POINT ( 'NONE',  ( 7.625000000000000000, 3.399999999999999911, 0.1750000000000002387 ) ) ;
#4762 = DIRECTION ( 'NONE',  ( 1.000000000000000000, 0.000000000000000000, 0.000000000000000000 ) ) ;
#4763 = ORIENTED_EDGE ( 'NONE', *, *, #2018, .T. ) ;
#4764 = LINE ( 'NONE', #805, #9488 ) ;
#4765 = EDGE_CURVE ( 'NONE', #9575, #7744, #3839, .T. ) ;
#4766 = DIRECTION ( 'NONE',  ( 0.000000000000000000, 4.336808689942002945E-16, -1.000000000000000000 ) ) ;
#4767 = LINE ( 'NONE', #8262, #8467 ) ;
#4768 = ORIENTED_EDGE ( 'NONE', *, *, #5420, .F. ) ;
#4769 = ORIENTED_EDGE ( 'NONE', *, *, #10441, .T. ) ;
#4770 = DIRECTION ( 'NONE',  ( 0.000000000000000000, 0.000000000000000000, 1.000000000000000000 ) ) ;
#4771 = DIRECTION ( 'NONE',  ( -0.000000000000000000, 1.000000000000000000, -0.000000000000000000 ) ) ;
#4772 = ORIENTED_EDGE ( 'NONE', *, *, #3043, .F. ) ;
#4773 = VECTOR ( 'NONE', #7036, 1000.000000000000000 ) ;
#4774 = PRODUCT_DEFINITION_SHAPE ( 'NONE', 'NONE',  #10263 ) ;
#4775 = ORIENTED_EDGE ( 'NONE', *, *, #4222, .T. ) ;
#4776 = LINE ( 'NONE', #8854, #8471 ) ;
#4777 = DIRECTION ( 'NONE',  ( 1.000000000000000000, 0.000000000000000000, -1.807003620809174632E-16 ) ) ;
#4778 = CARTESIAN_POINT ( 'NONE',  ( 2.781793621149188045, 1.449999999999999956, 0.3750000000000000000 ) ) ;
#4779 = ORIENTED_EDGE ( 'NONE', *, *, #9333, .F. ) ;
#4780 = FACE_OUTER_BOUND ( 'NONE', #10137, .T. ) ;
#4781 = EDGE_LOOP ( 'NONE', ( #1841, #8228, #4284, #8725 ) ) ;
#4782 = VECTOR ( 'NONE', #10251, 1000.000000000000000 ) ;
#4783 = VECTOR ( 'NONE', #5220, 1000.000000000000000 ) ;
#4784 = CARTESIAN_POINT ( 'NONE',  ( 4.474999999999997868, 4.049999999999999822, 0.4749999999999995337 ) ) ;
#4785 = VECTOR ( 'NONE', #3158, 1000.000000000000000 ) ;
#4786 = ORIENTED_EDGE ( 'NONE', *, *, #1665, .T. ) ;
#4787 = EDGE_CURVE ( 'NONE', #2038, #6676, #9532, .T. ) ;
#4788 = CARTESIAN_POINT ( 'NONE',  ( 1.974999999999999423, 2.899999999999996803, -0.7749999999999999112 ) ) ;
#4789 = ORIENTED_EDGE ( 'NONE', *, *, #1484, .T. ) ;
#4790 = DIRECTION ( 'NONE',  ( 1.000000000000000000, 0.000000000000000000, -0.000000000000000000 ) ) ;
#4791 = DIRECTION ( 'NONE',  ( -0.000000000000000000, 0.7071067811865474617, 0.7071067811865474617 ) ) ;
#4792 = LINE ( 'NONE', #557, #6990 ) ;
#4793 = DIRECTION ( 'NONE',  ( 0.000000000000000000, 0.000000000000000000, -1.000000000000000000 ) ) ;
#4794 = CARTESIAN_POINT ( 'NONE',  ( -1.125000000000000888, 3.399999999999999911, 0.1750000000000001554 ) ) ;
#4795 = VERTEX_POINT ( 'NONE', #2055 ) ;
#4796 = CARTESIAN_POINT ( 'NONE',  ( 0.2499999999999976130, 4.049999999999999822, 2.075000000000000622 ) ) ;
#4797 = CARTESIAN_POINT ( 'NONE',  ( 0.5479670385731003623, 2.250000000000000000, 0.6750000000000004885 ) ) ;
#4798 = DIRECTION ( 'NONE',  ( -0.000000000000000000, -0.000000000000000000, 1.000000000000000000 ) ) ;
#4799 = ORIENTED_EDGE ( 'NONE', *, *, #6520, .F. ) ;
#4800 = LINE ( 'NONE', #2367, #1701 ) ;
#4801 = ADVANCED_FACE ( 'NONE', ( #5446 ), #701, .T. ) ;
#4802 = VERTEX_POINT ( 'NONE', #8783 ) ;
#4803 = EDGE_LOOP ( 'NONE', ( #10062, #5408, #473, #6757 ) ) ;
#4804 = ADVANCED_FACE ( 'NONE', ( #3911 ), #1477, .F. ) ;
#4805 = CARTESIAN_POINT ( 'NONE',  ( 1.624999999999999334, 2.574999999999999734, -1.200000000000000178 ) ) ;
#4806 = EDGE_CURVE ( 'NONE', #8747, #4895, #8675, .T. ) ;
#4807 = ORIENTED_EDGE ( 'NONE', *, *, #8673, .T. ) ;
#4808 = DIRECTION ( 'NONE',  ( 0.000000000000000000, -0.7071067811865475727, 0.7071067811865475727 ) ) ;
#4809 = DIRECTION ( 'NONE',  ( -1.000000000000000000, 0.000000000000000000, -0.000000000000000000 ) ) ;
#4810 = PLANE ( 'NONE',  #6474 ) ;
#4811 = PLANE ( 'NONE',  #4311 ) ;
#4812 = AXIS2_PLACEMENT_3D ( 'NONE', #363, #6494, #3336 ) ;
#4813 = DIRECTION ( 'NONE',  ( -1.000000000000000000, 0.000000000000000000, 0.000000000000000000 ) ) ;
#4814 = AXIS2_PLACEMENT_3D ( 'NONE', #8902, #2326, #3748 ) ;
#4815 = DIRECTION ( 'NONE',  ( 1.000000000000000000, 0.000000000000000000, 0.000000000000000000 ) ) ;
#4816 = ORIENTED_EDGE ( 'NONE', *, *, #2062, .F. ) ;
#4817 = CARTESIAN_POINT ( 'NONE',  ( 4.474999999999996980, 0.3000000000000009881, -1.625000000000000666 ) ) ;
#4818 = LINE ( 'NONE', #5338, #6712 ) ;
#4819 = LINE ( 'NONE', #3226, #4356 ) ;
#4820 = VERTEX_POINT ( 'NONE', #7357 ) ;
#4821 = ADVANCED_FACE ( 'NONE', ( #5562 ), #866, .F. ) ;
#4822 = ORIENTED_EDGE ( 'NONE', *, *, #5083, .F. ) ;
#4823 = PLANE ( 'NONE',  #80 ) ;
#4824 = CIRCLE ( 'NONE', #4649, 0.1000000000000000472 ) ;
#4825 = DIRECTION ( 'NONE',  ( 0.000000000000000000, -0.7071067811865476838, -0.7071067811865474617 ) ) ;
#4826 = VECTOR ( 'NONE', #6192, 1000.000000000000000 ) ;
#4827 = DIRECTION ( 'NONE',  ( -1.000000000000000000, 0.000000000000000000, 0.000000000000000000 ) ) ;
#4828 = ORIENTED_EDGE ( 'NONE', *, *, #4592, .T. ) ;
#4829 = EDGE_CURVE ( 'NONE', #8962, #4025, #4767, .T. ) ;
#4830 = ORIENTED_EDGE ( 'NONE', *, *, #5072, .F. ) ;
#4831 = AXIS2_PLACEMENT_3D ( 'NONE', #9504, #9395, #2188 ) ;
#4832 = CARTESIAN_POINT ( 'NONE',  ( -1.125000000000001776, 0.000000000000000000, 0.2250000000000008105 ) ) ;
#4833 = CARTESIAN_POINT ( 'NONE',  ( 3.224999999999999201, 3.299999999999999822, -0.7749999999999999112 ) ) ;
#4834 = EDGE_LOOP ( 'NONE', ( #9913, #7944, #5947, #9090 ) ) ;
#4835 = CARTESIAN_POINT ( 'NONE',  ( 4.474999999999996980, 0.3000000000000008771, -1.374999999999999778 ) ) ;
#4836 = ORIENTED_EDGE ( 'NONE', *, *, #7166, .F. ) ;
#4837 = LINE ( 'NONE', #2458, #10545 ) ;
#4838 = ORIENTED_EDGE ( 'NONE', *, *, #9963, .F. ) ;
#4839 = CARTESIAN_POINT ( 'NONE',  ( -1.625000000000001332, 3.950000000000000178, 0.1750000000000002387 ) ) ;
#4840 = VERTEX_POINT ( 'NONE', #6606 ) ;
#4841 = PLANE ( 'NONE',  #3605 ) ;
#4842 = CARTESIAN_POINT ( 'NONE',  ( 1.774999999999999245, 3.950000000000000178, 0.1750000000000000722 ) ) ;
#4843 = PLANE ( 'NONE',  #4498 ) ;
#4844 = LINE ( 'NONE', #6342, #4455 ) ;
#4845 = CYLINDRICAL_SURFACE ( 'NONE', #5989, 0.1000000000000000472 ) ;
#4846 = VERTEX_POINT ( 'NONE', #7243 ) ;
#4847 = CARTESIAN_POINT ( 'NONE',  ( 7.575000000000000178, 1.899999999999999689, 2.475000000000000533 ) ) ;
#4848 = EDGE_CURVE ( 'NONE', #8373, #10513, #9, .T. ) ;
#4849 = ORIENTED_EDGE ( 'NONE', *, *, #5930, .F. ) ;
#4850 = CARTESIAN_POINT ( 'NONE',  ( 0.5249999999999985789, 1.449999999999999956, -0.7749999999999999112 ) ) ;
#4851 =( REPRESENTATION_RELATIONSHIP ('NONE','NONE', #3057, #9272 ) REPRESENTATION_RELATIONSHIP_WITH_TRANSFORMATION ( #1003 )SHAPE_REPRESENTATION_RELATIONSHIP( ) );
#4852 = ORIENTED_EDGE ( 'NONE', *, *, #176, .F. ) ;
#4853 = VECTOR ( 'NONE', #1276, 1000.000000000000114 ) ;
#4854 = DIRECTION ( 'NONE',  ( -1.000000000000000000, 0.000000000000000000, 0.000000000000000000 ) ) ;
#4855 = VERTEX_POINT ( 'NONE', #1653 ) ;
#4856 = CARTESIAN_POINT ( 'NONE',  ( 5.374999999999999112, 3.950000000000000178, 0.3750000000000000555 ) ) ;
#4857 = ORIENTED_EDGE ( 'NONE', *, *, #9363, .T. ) ;
#4858 = PLANE ( 'NONE',  #8551 ) ;
#4859 = LINE ( 'NONE', #8717, #10291 ) ;
#4860 = LINE ( 'NONE', #5774, #10222 ) ;
#4861 = CARTESIAN_POINT ( 'NONE',  ( 3.024999999999998579, 6.140988867593913192E-18, -0.02500000000000096242 ) ) ;
#4862 = EDGE_CURVE ( 'NONE', #313, #5062, #5735, .T. ) ;
#4863 = VERTEX_POINT ( 'NONE', #62 ) ;
#4864 = CARTESIAN_POINT ( 'NONE',  ( 4.474999999999996980, -0.04999999999999567291, -2.474999999999999645 ) ) ;
#4865 = ADVANCED_FACE ( 'NONE', ( #3281 ), #5623, .F. ) ;
#4866 = VECTOR ( 'NONE', #5039, 1000.000000000000000 ) ;
#4867 = CARTESIAN_POINT ( 'NONE',  ( 0.5249999999999985789, 3.299999999999999822, -1.224999999999999645 ) ) ;
#4868 = DIRECTION ( 'NONE',  ( -1.000000000000000000, 0.000000000000000000, 0.000000000000000000 ) ) ;
#4869 = VECTOR ( 'NONE', #254, 1000.000000000000000 ) ;
#4870 = CARTESIAN_POINT ( 'NONE',  ( 6.531793621149187601, 1.449999999999999956, 0.3750000000000000000 ) ) ;
#4871 = DIRECTION ( 'NONE',  ( 0.000000000000000000, -1.355252715606880789E-16, 1.000000000000000000 ) ) ;
#4872 = ORIENTED_EDGE ( 'NONE', *, *, #466, .T. ) ;
#4873 = ADVANCED_FACE ( 'NONE', ( #967 ), #9702, .T. ) ;
#4874 = PLANE ( 'NONE',  #8052 ) ;
#4875 = CARTESIAN_POINT ( 'NONE',  ( 5.524999999999997691, 0.2500000000000037748, -1.816421356237308826 ) ) ;
#4876 = VECTOR ( 'NONE', #8059, 1000.000000000000000 ) ;
#4877 = CARTESIAN_POINT ( 'NONE',  ( 5.524999999999997691, 0.3000000000000009881, -1.625000000000000666 ) ) ;
#4878 = EDGE_CURVE ( 'NONE', #9703, #5903, #4819, .T. ) ;
#4879 = ORIENTED_EDGE ( 'NONE', *, *, #4384, .F. ) ;
#4880 = VECTOR ( 'NONE', #7340, 1000.000000000000114 ) ;
#4881 = ADVANCED_FACE ( 'NONE', ( #8034 ), #4190, .F. ) ;
#4882 = ORIENTED_EDGE ( 'NONE', *, *, #1273, .T. ) ;
#4883 = CARTESIAN_POINT ( 'NONE',  ( 0.7249999999999973133, -0.04999999999999567291, -2.474999999999999645 ) ) ;
#4884 = AXIS2_PLACEMENT_3D ( 'NONE', #3351, #1122, #4345 ) ;
#4885 = FACE_OUTER_BOUND ( 'NONE', #6182, .T. ) ;
#4886 = SURFACE_SIDE_STYLE ('',( #21 ) ) ;
#4887 = ORIENTED_EDGE ( 'NONE', *, *, #226, .T. ) ;
#4888 = CARTESIAN_POINT ( 'NONE',  ( 4.474999999999996980, 1.577500000000001235, -1.577499999999999902 ) ) ;
#4889 = ADVANCED_FACE ( 'NONE', ( #2327 ), #807, .F. ) ;
#4890 = ORIENTED_EDGE ( 'NONE', *, *, #7326, .T. ) ;
#4891 = AXIS2_PLACEMENT_3D ( 'NONE', #2010, #3966, #9638 ) ;
#4892 = LINE ( 'NONE', #9665, #1687 ) ;
#4893 = ORIENTED_EDGE ( 'NONE', *, *, #2162, .F. ) ;
#4894 = DIRECTION ( 'NONE',  ( 1.000000000000000000, 0.000000000000000000, 0.000000000000000000 ) ) ;
#4895 = VERTEX_POINT ( 'NONE', #7303 ) ;
#4896 = PLANE ( 'NONE',  #4438 ) ;
#4897 = CARTESIAN_POINT ( 'NONE',  ( 3.224999999999997424, -0.1499999999999963862, -1.474999999999999645 ) ) ;
#4898 = EDGE_CURVE ( 'NONE', #10255, #10218, #8206, .T. ) ;
#4899 = CARTESIAN_POINT ( 'NONE',  ( -1.125000000000000888, 3.399999999999999911, 0.1750000000000001554 ) ) ;
#4900 = PLANE ( 'NONE',  #2652 ) ;
#4901 = DIRECTION ( 'NONE',  ( 0.000000000000000000, 0.000000000000000000, 1.000000000000000000 ) ) ;
#4902 = ORIENTED_EDGE ( 'NONE', *, *, #4294, .F. ) ;
#4903 = FACE_OUTER_BOUND ( 'NONE', #3553, .T. ) ;
#4904 = VECTOR ( 'NONE', #6294, 1000.000000000000000 ) ;
#4905 = AXIS2_PLACEMENT_3D ( 'NONE', #5849, #9893, #7619 ) ;
#4906 = EDGE_LOOP ( 'NONE', ( #7364, #1283, #6457, #8035 ) ) ;
#4907 = LINE ( 'NONE', #3361, #7510 ) ;
#4908 = ORIENTED_EDGE ( 'NONE', *, *, #10046, .T. ) ;
#4909 = LINE ( 'NONE', #8187, #4551 ) ;
#4910 = ORIENTED_EDGE ( 'NONE', *, *, #9856, .F. ) ;
#4911 = FACE_OUTER_BOUND ( 'NONE', #6391, .T. ) ;
#4912 = VECTOR ( 'NONE', #10022, 1000.000000000000000 ) ;
#4913 = VERTEX_POINT ( 'NONE', #9064 ) ;
#4914 = CARTESIAN_POINT ( 'NONE',  ( 0.000000000000000000, 0.000000000000000000, 0.000000000000000000 ) ) ;
#4915 = DIRECTION ( 'NONE',  ( 0.000000000000000000, 0.7071067811865431318, 0.7071067811865519026 ) ) ;
#4916 = DIRECTION ( 'NONE',  ( 1.000000000000000000, -0.000000000000000000, 0.000000000000000000 ) ) ;
#4917 = CARTESIAN_POINT ( 'NONE',  ( -6.875000000000000000, -13.83708784390703705, 0.3750000000000001110 ) ) ;
#4918 = DIRECTION ( 'NONE',  ( -1.000000000000000000, -0.000000000000000000, -0.000000000000000000 ) ) ;
#4919 = VERTEX_POINT ( 'NONE', #2440 ) ;
#4920 = DIRECTION ( 'NONE',  ( 0.000000000000000000, 0.7071067811865431318, 0.7071067811865517916 ) ) ;
#4921 = VECTOR ( 'NONE', #9295, 1000.000000000000114 ) ;
#4922 = EDGE_CURVE ( 'NONE', #82, #4496, #914, .T. ) ;
#4923 = FILL_AREA_STYLE_COLOUR ( '', #5215 ) ;
#4924 = LINE ( 'NONE', #8143, #4690 ) ;
#4925 = ADVANCED_FACE ( 'NONE', ( #4927 ), #3175, .T. ) ;
#4926 = VECTOR ( 'NONE', #3065, 1000.000000000000000 ) ;
#4927 = FACE_OUTER_BOUND ( 'NONE', #6954, .T. ) ;
#4928 = EDGE_LOOP ( 'NONE', ( #7768, #7664, #1310, #4596 ) ) ;
#4929 = DIRECTION ( 'NONE',  ( 0.000000000000000000, 3.252606517456514091E-15, -1.000000000000000000 ) ) ;
#4930 = CARTESIAN_POINT ( 'NONE',  ( 3.224999999999999201, 3.299999999999999822, -1.224999999999999645 ) ) ;
#4931 = ORIENTED_EDGE ( 'NONE', *, *, #8721, .F. ) ;
#4932 = ADVANCED_FACE ( 'NONE', ( #9825 ), #9014, .F. ) ;
#4933 = VERTEX_POINT ( 'NONE', #7416 ) ;
#4934 = CARTESIAN_POINT ( 'NONE',  ( -7.875000000000000000, 0.000000000000000000, 2.475000000000000089 ) ) ;
#4935 = ADVANCED_FACE ( 'NONE', ( #9879 ), #2551, .F. ) ;
#4936 = PLANE ( 'NONE',  #7609 ) ;
#4937 = EDGE_LOOP ( 'NONE', ( #4983, #4206, #4161, #788, #3515, #1933 ) ) ;
#4938 = FACE_OUTER_BOUND ( 'NONE', #10165, .T. ) ;
#4939 = ORIENTED_EDGE ( 'NONE', *, *, #7529, .F. ) ;
#4940 = LINE ( 'NONE', #827, #3859 ) ;
#4941 = ORIENTED_EDGE ( 'NONE', *, *, #1949, .T. ) ;
#4942 = CARTESIAN_POINT ( 'NONE',  ( 3.224999999999997424, 0.3500000000000009215, -1.374999999999999778 ) ) ;
#4943 = ORIENTED_EDGE ( 'NONE', *, *, #112, .F. ) ;
#4944 = CARTESIAN_POINT ( 'NONE',  ( 0.7249999999999973133, 0.1500000000000032419, -2.474999999999999645 ) ) ;
#4945 = EDGE_CURVE ( 'NONE', #2260, #4919, #6708, .T. ) ;
#4946 = VECTOR ( 'NONE', #6067, 1000.000000000000000 ) ;
#4947 = DIRECTION ( 'NONE',  ( 0.000000000000000000, 1.000000000000000000, -1.445602896647327084E-15 ) ) ;
#4948 =( GEOMETRIC_REPRESENTATION_CONTEXT ( 3 ) GLOBAL_UNCERTAINTY_ASSIGNED_CONTEXT ( ( #590 ) ) GLOBAL_UNIT_ASSIGNED_CONTEXT ( ( #3372, #1928, #1886 ) ) REPRESENTATION_CONTEXT ( 'NONE', 'WORKASPACE' ) );
#4949 = VERTEX_POINT ( 'NONE', #5027 ) ;
#4950 = DIRECTION ( 'NONE',  ( 0.000000000000000000, -0.7071067811865475727, 0.7071067811865475727 ) ) ;
#4951 = DIRECTION ( 'NONE',  ( 0.000000000000000000, -5.421010862427526114E-15, 1.000000000000000000 ) ) ;
#4952 = VERTEX_POINT ( 'NONE', #4331 ) ;
#4953 = LINE ( 'NONE', #896, #3704 ) ;
#4954 = ORIENTED_EDGE ( 'NONE', *, *, #4862, .T. ) ;
#4955 = DIRECTION ( 'NONE',  ( 1.000000000000000000, 0.000000000000000000, 0.000000000000000000 ) ) ;
#4956 = EDGE_CURVE ( 'NONE', #8980, #2760, #4431, .T. ) ;
#4957 = FACE_OUTER_BOUND ( 'NONE', #10403, .T. ) ;
#4958 = VERTEX_POINT ( 'NONE', #2647 ) ;
#4959 = PLANE ( 'NONE',  #6764 ) ;
#4960 = VERTEX_POINT ( 'NONE', #10121 ) ;
#4961 = CARTESIAN_POINT ( 'NONE',  ( 1.974999999999997646, 0.2500000000000037748, -1.816421356237308826 ) ) ;
#4962 = LINE ( 'NONE', #2728, #7545 ) ;
#4963 = FACE_OUTER_BOUND ( 'NONE', #659, .T. ) ;
#4964 = CARTESIAN_POINT ( 'NONE',  ( 1.775000000000000133, 3.950000000000000178, 0.3750000000000001110 ) ) ;
#4965 = FACE_OUTER_BOUND ( 'NONE', #1743, .T. ) ;
#4966 = AXIS2_PLACEMENT_3D ( 'NONE', #6417, #3214, #5608 ) ;
#4967 = VERTEX_POINT ( 'NONE', #9166 ) ;
#4968 = DIRECTION ( 'NONE',  ( 0.000000000000000000, 0.7071067811865519026, -0.7071067811865432429 ) ) ;
#4969 = DIRECTION ( 'NONE',  ( 0.000000000000000000, 1.000000000000000000, 0.000000000000000000 ) ) ;
#4970 = DIRECTION ( 'NONE',  ( 1.000000000000000000, -0.000000000000000000, 0.000000000000000000 ) ) ;
#4971 = VECTOR ( 'NONE', #3162, 1000.000000000000000 ) ;
#4972 = EDGE_LOOP ( 'NONE', ( #1506, #970, #8625, #948, #1995, #4910 ) ) ;
#4973 = VECTOR ( 'NONE', #6734, 1000.000000000000000 ) ;
#4974 = FACE_OUTER_BOUND ( 'NONE', #8445, .T. ) ;
#4975 = CARTESIAN_POINT ( 'NONE',  ( 3.024999999999998579, 3.299999999999999822, -0.7749999999999999112 ) ) ;
#4976 = ORIENTED_EDGE ( 'NONE', *, *, #7682, .F. ) ;
#4977 = ORIENTED_EDGE ( 'NONE', *, *, #9251, .T. ) ;
#4978 = LINE ( 'NONE', #1114, #1531 ) ;
#4979 = VERTEX_POINT ( 'NONE', #3579 ) ;
#4980 = VECTOR ( 'NONE', #614, 1000.000000000000000 ) ;
#4981 = ADVANCED_FACE ( 'NONE', ( #8363 ), #5836, .F. ) ;
#4982 = VECTOR ( 'NONE', #6372, 1000.000000000000000 ) ;
#4983 = ORIENTED_EDGE ( 'NONE', *, *, #4394, .F. ) ;
#4984 = FACE_OUTER_BOUND ( 'NONE', #7262, .T. ) ;
#4985 = VECTOR ( 'NONE', #6405, 1000.000000000000000 ) ;
#4986 = CARTESIAN_POINT ( 'NONE',  ( -0.6250000000000014433, 1.449999999999999956, 0.8749999999999998890 ) ) ;
#4987 = DIRECTION ( 'NONE',  ( -0.000000000000000000, 0.000000000000000000, 1.000000000000000000 ) ) ;
#4988 = PLANE ( 'NONE',  #8657 ) ;
#4989 = EDGE_CURVE ( 'NONE', #3010, #6295, #3386, .T. ) ;
#4990 = VERTEX_POINT ( 'NONE', #10080 ) ;
#4991 = LINE ( 'NONE', #8273, #1973 ) ;
#4992 = ORIENTED_EDGE ( 'NONE', *, *, #3607, .F. ) ;
#4993 = EDGE_CURVE ( 'NONE', #1255, #795, #9981, .T. ) ;
#4994 = AXIS2_PLACEMENT_3D ( 'NONE', #2705, #2797, #7712 ) ;
#4995 = ADVANCED_FACE ( 'NONE', ( #8410 ), #5078, .T. ) ;
#4996 = AXIS2_PLACEMENT_3D ( 'NONE', #9464, #2151, #4589 ) ;
#4997 = FACE_OUTER_BOUND ( 'NONE', #10447, .T. ) ;
#4998 = ORIENTED_EDGE ( 'NONE', *, *, #10038, .T. ) ;
#4999 = LINE ( 'NONE', #8278, #997 ) ;
#5000 = CARTESIAN_POINT ( 'NONE',  ( -1.325000000000001510, 0.5999999999999999778, 1.825000000000000622 ) ) ;
#5001 = CARTESIAN_POINT ( 'NONE',  ( 0.5250000000000020206, 3.950000000000000178, 0.3750000000000001110 ) ) ;
#5002 = ORIENTED_EDGE ( 'NONE', *, *, #2059, .F. ) ;
#5003 = CARTESIAN_POINT ( 'NONE',  ( -1.625000000000001332, 0.5999999999999999778, 1.825000000000000622 ) ) ;
#5004 = ADVANCED_FACE ( 'NONE', ( #4282 ), #6657, .F. ) ;
#5005 = VERTEX_POINT ( 'NONE', #6029 ) ;
#5006 = FACE_OUTER_BOUND ( 'NONE', #3098, .T. ) ;
#5007 = VERTEX_POINT ( 'NONE', #1018 ) ;
#5008 = ADVANCED_FACE ( 'NONE', ( #273 ), #9303, .F. ) ;
#5009 = DIRECTION ( 'NONE',  ( 0.000000000000000000, -5.421010862427526114E-15, 1.000000000000000000 ) ) ;
#5010 = FACE_OUTER_BOUND ( 'NONE', #8295, .T. ) ;
#5011 = ORIENTED_EDGE ( 'NONE', *, *, #8027, .T. ) ;
#5012 = EDGE_CURVE ( 'NONE', #289, #709, #1992, .T. ) ;
#5013 = CARTESIAN_POINT ( 'NONE',  ( 7.575000000000000178, -0.1499999999999963862, 0.3749999999999942268 ) ) ;
#5014 = EDGE_LOOP ( 'NONE', ( #5360, #8384, #3757, #3638, #9980, #8925 ) ) ;
#5015 = CARTESIAN_POINT ( 'NONE',  ( -1.125000000000001776, 0.5999999999999999778, 0.2250000000000008105 ) ) ;
#5016 =( LENGTH_UNIT ( ) NAMED_UNIT ( * ) SI_UNIT ( .MILLI., .METRE. ) );
#5017 = LINE ( 'NONE', #2482, #8895 ) ;
#5018 = VERTEX_POINT ( 'NONE', #7700 ) ;
#5019 = DIRECTION ( 'NONE',  ( 0.000000000000000000, -0.7071067811865474617, -0.7071067811865474617 ) ) ;
#5020 = CARTESIAN_POINT ( 'NONE',  ( 4.124999999999999112, 4.049999999999999822, 0.4749999999999995337 ) ) ;
#5021 = ORIENTED_EDGE ( 'NONE', *, *, #7682, .T. ) ;
#5022 = ADVANCED_FACE ( 'NONE', ( #10028 ), #2696, .F. ) ;
#5023 = DIRECTION ( 'NONE',  ( 0.000000000000000000, 0.7071067811865431318, 0.7071067811865517916 ) ) ;
#5024 = DIRECTION ( 'NONE',  ( -1.000000000000000000, 0.000000000000000000, 0.000000000000000000 ) ) ;
#5025 = DIRECTION ( 'NONE',  ( -0.000000000000000000, -0.000000000000000000, -1.000000000000000000 ) ) ;
#5026 = CARTESIAN_POINT ( 'NONE',  ( 0.3750000000000012212, 1.449999999999999956, 0.1750000000000000999 ) ) ;
#5027 = CARTESIAN_POINT ( 'NONE',  ( 3.224999999999999201, 3.299999999999999822, -0.9349999999999998312 ) ) ;
#5028 = EDGE_LOOP ( 'NONE', ( #6139, #5797, #2830, #6532 ) ) ;
#5029 = VECTOR ( 'NONE', #7207, 1000.000000000000000 ) ;
#5030 = EDGE_LOOP ( 'NONE', ( #529, #7621, #7804, #8048 ) ) ;
#5031 = PLANE ( 'NONE',  #6265 ) ;
#5032 = UNCERTAINTY_MEASURE_WITH_UNIT (LENGTH_MEASURE( 1.000000000000000082E-05 ), #9000, 'distance_accuracy_value', 'NONE');
#5033 = ORIENTED_EDGE ( 'NONE', *, *, #801, .F. ) ;
#5034 = VECTOR ( 'NONE', #8723, 1000.000000000000000 ) ;
#5035 = ORIENTED_EDGE ( 'NONE', *, *, #4862, .F. ) ;
#5036 = AXIS2_PLACEMENT_3D ( 'NONE', #7, #2384, #5621 ) ;
#5037 = EDGE_CURVE ( 'NONE', #7936, #10048, #6809, .T. ) ;
#5038 = AXIS2_PLACEMENT_3D ( 'NONE', #8733, #484, #8567 ) ;
#5039 = DIRECTION ( 'NONE',  ( 1.000000000000000000, -0.000000000000000000, -0.000000000000000000 ) ) ;
#5040 = FACE_OUTER_BOUND ( 'NONE', #7359, .T. ) ;
#5041 = FACE_OUTER_BOUND ( 'NONE', #340, .T. ) ;
#5042 = DIRECTION ( 'NONE',  ( -1.000000000000000000, 0.000000000000000000, 0.000000000000000000 ) ) ;
#5043 = VECTOR ( 'NONE', #5606, 1000.000000000000000 ) ;
#5044 = ORIENTED_EDGE ( 'NONE', *, *, #9454, .T. ) ;
#5045 = DIRECTION ( 'NONE',  ( 0.000000000000000000, -1.000000000000000000, 0.000000000000000000 ) ) ;
#5046 = ORIENTED_EDGE ( 'NONE', *, *, #7029, .T. ) ;
#5047 = VECTOR ( 'NONE', #8159, 1000.000000000000000 ) ;
#5048 = DIRECTION ( 'NONE',  ( 1.000000000000000000, 0.000000000000000000, 0.000000000000000000 ) ) ;
#5049 = EDGE_CURVE ( 'NONE', #6337, #5646, #5977, .T. ) ;
#5050 = LINE ( 'NONE', #8177, #10089 ) ;
#5051 = DIRECTION ( 'NONE',  ( 0.000000000000000000, 0.000000000000000000, -1.000000000000000000 ) ) ;
#5052 = APPLICATION_CONTEXT ( 'automotive_design' ) ;
#5053 = SURFACE_STYLE_FILL_AREA ( #2620 ) ;
#5054 = DIRECTION ( 'NONE',  ( -0.000000000000000000, 0.000000000000000000, 1.000000000000000000 ) ) ;
#5055 = EDGE_LOOP ( 'NONE', ( #3240, #3705, #6931, #7892, #10178, #3053, #4293, #4486 ) ) ;
#5056 = DIRECTION ( 'NONE',  ( -0.000000000000000000, 1.000000000000000000, 5.251604272976699968E-15 ) ) ;
#5057 = VECTOR ( 'NONE', #5300, 1000.000000000000114 ) ;
#5058 = LINE ( 'NONE', #1046, #3693 ) ;
#5059 = LINE ( 'NONE', #6006, #8141 ) ;
#5060 = ORIENTED_EDGE ( 'NONE', *, *, #6152, .F. ) ;
#5061 = EDGE_CURVE ( 'NONE', #7742, #1966, #5169, .T. ) ;
#5062 = VERTEX_POINT ( 'NONE', #4378 ) ;
#5063 =( NAMED_UNIT ( * ) SI_UNIT ( $, .STERADIAN. ) SOLID_ANGLE_UNIT ( ) );
#5064 = CARTESIAN_POINT ( 'NONE',  ( -7.875000000000000000, 4.049999999999999822, 2.475000000000000089 ) ) ;
#5065 = VECTOR ( 'NONE', #4477, 1000.000000000000000 ) ;
#5066 = CARTESIAN_POINT ( 'NONE',  ( 4.274999999999998579, 3.299999999999999822, -1.224999999999999645 ) ) ;
#5067 = DIRECTION ( 'NONE',  ( 0.000000000000000000, -0.000000000000000000, -1.000000000000000000 ) ) ;
#5068 = DIRECTION ( 'NONE',  ( -1.000000000000000000, 0.000000000000000000, -0.000000000000000000 ) ) ;
#5069 = ORIENTED_EDGE ( 'NONE', *, *, #6547, .F. ) ;
#5070 = CARTESIAN_POINT ( 'NONE',  ( 4.274999999999997691, -0.1499999999999963862, -2.374999999999999112 ) ) ;
#5071 = CARTESIAN_POINT ( 'NONE',  ( 5.724999999999997868, -0.1499999999999963862, -1.474999999999999645 ) ) ;
#5072 = EDGE_CURVE ( 'NONE', #10068, #6832, #7652, .T. ) ;
#5073 = VECTOR ( 'NONE', #97, 1000.000000000000000 ) ;
#5074 = DIRECTION ( 'NONE',  ( 0.000000000000000000, 1.000000000000000000, 0.000000000000000000 ) ) ;
#5075 = LINE ( 'NONE', #8358, #3535 ) ;
#5076 = CARTESIAN_POINT ( 'NONE',  ( -1.525000000000001243, 2.349999999999999645, 0.6750000000000002665 ) ) ;
#5077 = EDGE_LOOP ( 'NONE', ( #4838, #9489, #2642, #9709, #5918 ) ) ;
#5078 = PLANE ( 'NONE',  #4279 ) ;
#5079 = VERTEX_POINT ( 'NONE', #1416 ) ;
#5080 = EDGE_LOOP ( 'NONE', ( #8499, #2973, #6539, #8555 ) ) ;
#5081 = VECTOR ( 'NONE', #4825, 1000.000000000000000 ) ;
#5082 = DIRECTION ( 'NONE',  ( 1.000000000000000000, 0.000000000000000000, -0.000000000000000000 ) ) ;
#5083 = EDGE_CURVE ( 'NONE', #8637, #9305, #5274, .T. ) ;
#5084 = VECTOR ( 'NONE', #6736, 1000.000000000000000 ) ;
#5085 = VECTOR ( 'NONE', #8134, 1000.000000000000000 ) ;
#5086 = LINE ( 'NONE', #7425, #3340 ) ;
#5087 = SURFACE_STYLE_USAGE ( .BOTH. , #4886 ) ;
#5088 = FACE_OUTER_BOUND ( 'NONE', #6355, .T. ) ;
#5089 = VECTOR ( 'NONE', #10543, 1000.000000000000114 ) ;
#5090 = VERTEX_POINT ( 'NONE', #8664 ) ;
#5091 = DIRECTION ( 'NONE',  ( 0.000000000000000000, 1.000000000000000000, 0.000000000000000000 ) ) ;
#5092 = ORIENTED_EDGE ( 'NONE', *, *, #2597, .F. ) ;
#5093 = DIRECTION ( 'NONE',  ( -1.000000000000000000, -0.000000000000000000, -0.000000000000000000 ) ) ;
#5094 = ORIENTED_EDGE ( 'NONE', *, *, #3580, .F. ) ;
#5095 = DIRECTION ( 'NONE',  ( 0.000000000000000000, 0.000000000000000000, 1.000000000000000000 ) ) ;
#5096 = ORIENTED_EDGE ( 'NONE', *, *, #3724, .F. ) ;
#5097 = CARTESIAN_POINT ( 'NONE',  ( 3.024999999999997691, 0.4999999999999998890, -0.8249999999999997335 ) ) ;
#5098 = EDGE_CURVE ( 'NONE', #2339, #5018, #2835, .T. ) ;
#5099 = CARTESIAN_POINT ( 'NONE',  ( 1.774999999999999245, 1.449999999999999956, 0.3750000000000000000 ) ) ;
#5100 = ADVANCED_FACE ( 'NONE', ( #9413 ), #4534, .T. ) ;
#5101 = PLANE ( 'NONE',  #8476 ) ;
#5102 = AXIS2_PLACEMENT_3D ( 'NONE', #1006, #4229, #7503 ) ;
#5103 = ORIENTED_EDGE ( 'NONE', *, *, #10390, .F. ) ;
#5104 = DIRECTION ( 'NONE',  ( 0.000000000000000000, 0.000000000000000000, -1.000000000000000000 ) ) ;
#5105 = ORIENTED_EDGE ( 'NONE', *, *, #7398, .F. ) ;
#5106 = DIRECTION ( 'NONE',  ( 1.000000000000000000, 0.000000000000000000, 0.000000000000000000 ) ) ;
#5107 = CARTESIAN_POINT ( 'NONE',  ( 7.375000000000000000, 3.399999999999999911, 0.1750000000000001554 ) ) ;
#5108 = DIRECTION ( 'NONE',  ( 0.000000000000000000, 0.000000000000000000, 1.000000000000000000 ) ) ;
#5109 = CARTESIAN_POINT ( 'NONE',  ( 1.625000000000000666, 2.250000000000000000, 1.075000000000000400 ) ) ;
#5110 = DIRECTION ( 'NONE',  ( 4.688441826964343312E-16, 1.000000000000000000, -0.000000000000000000 ) ) ;
#5111 = DIRECTION ( 'NONE',  ( -1.000000000000000000, -0.000000000000000000, -0.000000000000000000 ) ) ;
#5112 = CARTESIAN_POINT ( 'NONE',  ( -7.875000000000000000, 4.049999999999999822, -1.775000000000000355 ) ) ;
#5113 = EDGE_CURVE ( 'NONE', #3236, #3973, #4643, .T. ) ;
#5114 = AXIS2_PLACEMENT_3D ( 'NONE', #7734, #2768, #1236 ) ;
#5115 = VECTOR ( 'NONE', #576, 1000.000000000000000 ) ;
#5116 = LINE ( 'NONE', #3526, #2722 ) ;
#5117 = EDGE_CURVE ( 'NONE', #3190, #3561, #6952, .T. ) ;
#5118 = ADVANCED_FACE ( 'NONE', ( #8559 ), #8608, .F. ) ;
#5119 = DIRECTION ( 'NONE',  ( 1.000000000000000000, 0.000000000000000000, -0.000000000000000000 ) ) ;
#5120 = LINE ( 'NONE', #1108, #6773 ) ;
#5121 = PLANE ( 'NONE',  #3109 ) ;
#5122 = VERTEX_POINT ( 'NONE', #3677 ) ;
#5123 = DIRECTION ( 'NONE',  ( -1.000000000000000000, -0.000000000000000000, -0.000000000000000000 ) ) ;
#5124 = ORIENTED_EDGE ( 'NONE', *, *, #9265, .T. ) ;
#5125 = ORIENTED_EDGE ( 'NONE', *, *, #9098, .T. ) ;
#5126 = DIRECTION ( 'NONE',  ( 1.000000000000000000, 0.000000000000000000, -0.000000000000000000 ) ) ;
#5127 = EDGE_CURVE ( 'NONE', #5131, #4820, #6191, .T. ) ;
#5128 = VECTOR ( 'NONE', #609, 1000.000000000000114 ) ;
#5129 = EDGE_CURVE ( 'NONE', #2834, #5749, #9389, .T. ) ;
#5130 = LINE ( 'NONE', #8514, #6766 ) ;
#5131 = VERTEX_POINT ( 'NONE', #5433 ) ;
#5132 = CARTESIAN_POINT ( 'NONE',  ( 0.2499999999999976130, 0.2100000000000001865, 2.495000000000000551 ) ) ;
#5133 = DIRECTION ( 'NONE',  ( -0.000000000000000000, 0.000000000000000000, -1.000000000000000000 ) ) ;
#5134 = VECTOR ( 'NONE', #2134, 1000.000000000000000 ) ;
#5135 = FACE_OUTER_BOUND ( 'NONE', #5570, .T. ) ;
#5136 = VECTOR ( 'NONE', #9138, 1000.000000000000000 ) ;
#5137 = EDGE_CURVE ( 'NONE', #9699, #9467, #524, .T. ) ;
#5138 = ORIENTED_EDGE ( 'NONE', *, *, #1576, .T. ) ;
#5139 = ADVANCED_FACE ( 'NONE', ( #9463 ), #3049, .F. ) ;
#5140 = COLOUR_RGB ( '',0.7960784313725489669, 0.8235294117647058432, 0.9372549019607843146 ) ;
#5141 = DIRECTION ( 'NONE',  ( 0.000000000000000000, -1.000000000000000000, 2.710505431213761393E-17 ) ) ;
#5142 = EDGE_LOOP ( 'NONE', ( #10003, #1991, #10104, #7445 ) ) ;
#5143 = CLOSED_SHELL ( 'NONE', ( #5971, #4821, #9061, #5923, #3660, #8176, #431 ) ) ;
#5144 = ORIENTED_EDGE ( 'NONE', *, *, #3493, .F. ) ;
#5145 = CARTESIAN_POINT ( 'NONE',  ( 3.224999999999997424, 1.577500000000001235, -1.577499999999999902 ) ) ;
#5146 = ORIENTED_EDGE ( 'NONE', *, *, #801, .T. ) ;
#5147 = STYLED_ITEM ( 'NONE', ( #6829 ), #1019 ) ;
#5148 = VECTOR ( 'NONE', #5725, 1000.000000000000000 ) ;
#5149 = CARTESIAN_POINT ( 'NONE',  ( 13.12499999999999822, -13.83708784390703705, 0.3750000000000001110 ) ) ;
#5150 = DIRECTION ( 'NONE',  ( 0.000000000000000000, 0.000000000000000000, -1.000000000000000000 ) ) ;
#5151 = DIRECTION ( 'NONE',  ( 0.000000000000000000, -3.336006684570783101E-16, 1.000000000000000000 ) ) ;
#5152 = ORIENTED_EDGE ( 'NONE', *, *, #2070, .T. ) ;
#5153 = SHAPE_DEFINITION_REPRESENTATION ( #7266, #3057 ) ;
#5154 = CARTESIAN_POINT ( 'NONE',  ( 1.974999999999997646, 3.050000000000000266, 0.000000000000000000 ) ) ;
#5155 =( NAMED_UNIT ( * ) SI_UNIT ( $, .STERADIAN. ) SOLID_ANGLE_UNIT ( ) );
#5156 = DIRECTION ( 'NONE',  ( 0.000000000000000000, 1.000000000000000000, 0.000000000000000000 ) ) ;
#5157 = ORIENTED_EDGE ( 'NONE', *, *, #7649, .T. ) ;
#5158 = PLANE ( 'NONE',  #1808 ) ;
#5159 = DIRECTION ( 'NONE',  ( -1.000000000000000000, -0.000000000000000000, 0.000000000000000000 ) ) ;
#5160 = EDGE_CURVE ( 'NONE', #3861, #4215, #3841, .T. ) ;
#5161 = ORIENTED_EDGE ( 'NONE', *, *, #2618, .F. ) ;
#5162 = DIRECTION ( 'NONE',  ( 1.000000000000000000, 0.000000000000000000, 0.000000000000000000 ) ) ;
#5163 = DIRECTION ( 'NONE',  ( -0.000000000000000000, 0.000000000000000000, 1.000000000000000000 ) ) ;
#5164 = CARTESIAN_POINT ( 'NONE',  ( 6.375000000000000888, 0.7428932188134522718, 0.8749999999999996669 ) ) ;
#5165 = EDGE_CURVE ( 'NONE', #5856, #9465, #7751, .T. ) ;
#5166 = ORIENTED_EDGE ( 'NONE', *, *, #7870, .T. ) ;
#5167 = DIRECTION ( 'NONE',  ( -1.000000000000000000, 0.000000000000000000, -0.000000000000000000 ) ) ;
#5168 = ORIENTED_EDGE ( 'NONE', *, *, #4334, .T. ) ;
#5169 = LINE ( 'NONE', #8456, #9393 ) ;
#5170 = VERTEX_POINT ( 'NONE', #9573 ) ;
#5171 = EDGE_CURVE ( 'NONE', #9305, #3650, #2992, .T. ) ;
#5172 = DIRECTION ( 'NONE',  ( 0.000000000000000000, -1.000000000000000000, -0.000000000000000000 ) ) ;
#5173 = VECTOR ( 'NONE', #259, 1000.000000000000000 ) ;
#5174 = EDGE_CURVE ( 'NONE', #2874, #1927, #6247, .T. ) ;
#5175 = ORIENTED_EDGE ( 'NONE', *, *, #2018, .F. ) ;
#5176 = CARTESIAN_POINT ( 'NONE',  ( 0.5249999999999976907, 0.3000000000000008771, -1.374999999999999778 ) ) ;
#5177 = LINE ( 'NONE', #10229, #6002 ) ;
#5178 = EDGE_CURVE ( 'NONE', #3265, #5903, #10166, .T. ) ;
#5179 = PLANE ( 'NONE',  #4059 ) ;
#5180 = VERTEX_POINT ( 'NONE', #4696 ) ;
#5181 = EDGE_CURVE ( 'NONE', #519, #9853, #422, .T. ) ;
#5182 = VECTOR ( 'NONE', #9125, 1000.000000000000000 ) ;
#5183 = AXIS2_PLACEMENT_3D ( 'NONE', #184, #8221, #9895 ) ;
#5184 = FACE_OUTER_BOUND ( 'NONE', #2142, .T. ) ;
#5185 = ORIENTED_EDGE ( 'NONE', *, *, #2267, .F. ) ;
#5186 = CARTESIAN_POINT ( 'NONE',  ( 5.724999999999997868, 0.3500000000000009215, -1.324999999999999512 ) ) ;
#5187 = CARTESIAN_POINT ( 'NONE',  ( 4.474999999999999645, 4.049999999999999822, -1.224999999999999645 ) ) ;
#5188 = ADVANCED_FACE ( 'NONE', ( #6084 ), #474, .F. ) ;
#5189 = VECTOR ( 'NONE', #9397, 1000.000000000000000 ) ;
#5190 = CARTESIAN_POINT ( 'NONE',  ( 3.024999999999998579, 1.449999999999999956, -0.7749999999999999112 ) ) ;
#5191 = FACE_OUTER_BOUND ( 'NONE', #2924, .T. ) ;
#5192 = ORIENTED_EDGE ( 'NONE', *, *, #3482, .F. ) ;
#5193 = LINE ( 'NONE', #7583, #6544 ) ;
#5194 = EDGE_LOOP ( 'NONE', ( #4435, #1023, #8611, #9991 ) ) ;
#5195 = AXIS2_PLACEMENT_3D ( 'NONE', #9290, #2587, #5825 ) ;
#5196 = CARTESIAN_POINT ( 'NONE',  ( 0.7249999999999973133, 0.4999999999999998890, -0.8249999999999997335 ) ) ;
#5197 = VECTOR ( 'NONE', #5074, 1000.000000000000000 ) ;
#5198 = DIRECTION ( 'NONE',  ( -1.000000000000000000, 0.000000000000000000, 0.000000000000000000 ) ) ;
#5199 = VECTOR ( 'NONE', #9411, 1000.000000000000000 ) ;
#5200 = EDGE_CURVE ( 'NONE', #5298, #1774, #5553, .T. ) ;
#5201 = DIRECTION ( 'NONE',  ( -0.000000000000000000, 0.000000000000000000, 1.000000000000000000 ) ) ;
#5202 = ORIENTED_EDGE ( 'NONE', *, *, #5518, .F. ) ;
#5203 = LINE ( 'NONE', #7593, #7187 ) ;
#5204 = DIRECTION ( 'NONE',  ( 0.000000000000000000, -3.336006684570783101E-16, 1.000000000000000000 ) ) ;
#5205 = LINE ( 'NONE', #1974, #8374 ) ;
#5206 = DIRECTION ( 'NONE',  ( 1.000000000000000000, -0.000000000000000000, -0.000000000000000000 ) ) ;
#5207 = CARTESIAN_POINT ( 'NONE',  ( 6.375000000000000888, 3.950000000000000178, 0.8749999999999996669 ) ) ;
#5208 = ORIENTED_EDGE ( 'NONE', *, *, #2778, .T. ) ;
#5209 = CARTESIAN_POINT ( 'NONE',  ( 1.774999999999997913, -0.04999999999999568678, -2.474999999999999645 ) ) ;
#5210 = VECTOR ( 'NONE', #350, 1000.000000000000000 ) ;
#5211 = LINE ( 'NONE', #6177, #4921 ) ;
#5212 = ORIENTED_EDGE ( 'NONE', *, *, #6014, .T. ) ;
#5213 = CARTESIAN_POINT ( 'NONE',  ( 1.974999999999999423, 3.299999999999999822, -0.7749999999999999112 ) ) ;
#5214 = ORIENTED_EDGE ( 'NONE', *, *, #8027, .F. ) ;
#5215 = COLOUR_RGB ( '',0.7960784313725489669, 0.8235294117647058432, 0.9372549019607843146 ) ;
#5216 = LINE ( 'NONE', #10160, #10034 ) ;
#5217 = ORIENTED_EDGE ( 'NONE', *, *, #2399, .T. ) ;
#5218 = CARTESIAN_POINT ( 'NONE',  ( -0.1250000000000018319, 0.7428932188134522718, 0.8749999999999996669 ) ) ;
#5219 = VERTEX_POINT ( 'NONE', #3103 ) ;
#5220 = DIRECTION ( 'NONE',  ( -1.000000000000000000, -0.000000000000000000, -0.000000000000000000 ) ) ;
#5221 = DIRECTION ( 'NONE',  ( 0.000000000000000000, -1.000000000000000000, 0.000000000000000000 ) ) ;
#5222 = ORIENTED_EDGE ( 'NONE', *, *, #7807, .F. ) ;
#5223 = VERTEX_POINT ( 'NONE', #9868 ) ;
#5224 = LINE ( 'NONE', #6088, #4560 ) ;
#5225 = VECTOR ( 'NONE', #2847, 1000.000000000000000 ) ;
#5226 = ADVANCED_FACE ( 'NONE', ( #5667 ), #1643, .T. ) ;
#5227 = CARTESIAN_POINT ( 'NONE',  ( 0.5250000000000011324, 4.049999999999999822, 0.1750000000000000722 ) ) ;
#5228 = ADVANCED_FACE ( 'NONE', ( #7170 ), #2430, .F. ) ;
#5229 = VECTOR ( 'NONE', #1646, 1000.000000000000000 ) ;
#5230 = CARTESIAN_POINT ( 'NONE',  ( -1.125000000000000888, 3.399999999999999911, -0.3249999999999995670 ) ) ;
#5231 = ORIENTED_EDGE ( 'NONE', *, *, #3493, .T. ) ;
#5232 = DIRECTION ( 'NONE',  ( 0.000000000000000000, -0.7071067811865474617, -0.7071067811865474617 ) ) ;
#5233 = DIRECTION ( 'NONE',  ( -1.000000000000000000, 0.000000000000000000, 1.807003620809174632E-16 ) ) ;
#5234 = EDGE_LOOP ( 'NONE', ( #6696, #3301, #2019 ) ) ;
#5235 = ADVANCED_FACE ( 'NONE', ( #9814 ), #4810, .F. ) ;
#5236 = VECTOR ( 'NONE', #10114, 1000.000000000000114 ) ;
#5237 = ADVANCED_FACE ( 'NONE', ( #9632 ), #10491, .F. ) ;
#5238 = EDGE_CURVE ( 'NONE', #3680, #8805, #5724, .T. ) ;
#5239 = FACE_OUTER_BOUND ( 'NONE', #5946, .T. ) ;
#5240 = ORIENTED_EDGE ( 'NONE', *, *, #6053, .F. ) ;
#5241 = DIRECTION ( 'NONE',  ( -1.000000000000000000, 0.000000000000000000, 0.000000000000000000 ) ) ;
#5242 = CARTESIAN_POINT ( 'NONE',  ( 1.774999999999998801, 1.449999999999999956, -0.7749999999999999112 ) ) ;
#5243 =( GEOMETRIC_REPRESENTATION_CONTEXT ( 3 ) GLOBAL_UNCERTAINTY_ASSIGNED_CONTEXT ( ( #1605 ) ) GLOBAL_UNIT_ASSIGNED_CONTEXT ( ( #3213, #8886, #3099 ) ) REPRESENTATION_CONTEXT ( 'NONE', 'WORKASPACE' ) );
#5244 = DIRECTION ( 'NONE',  ( 0.000000000000000000, -0.000000000000000000, -1.000000000000000000 ) ) ;
#5245 = ORIENTED_EDGE ( 'NONE', *, *, #9306, .T. ) ;
#5246 = LINE ( 'NONE', #1227, #5888 ) ;
#5247 = ORIENTED_EDGE ( 'NONE', *, *, #8281, .T. ) ;
#5248 = CARTESIAN_POINT ( 'NONE',  ( 0.5249999999999994671, 4.049999999999999822, -1.224999999999999645 ) ) ;
#5250 = EDGE_CURVE ( 'NONE', #6727, #5546, #6422, .T. ) ;
#5249 = LINE ( 'NONE', #8693, #1848 ) ;
#5251 = LINE ( 'NONE', #7548, #4869 ) ;
#5252 = ORIENTED_EDGE ( 'NONE', *, *, #3242, .F. ) ;
#5253 = CARTESIAN_POINT ( 'NONE',  ( 0.7249999999999973133, 0.5000000000000022204, -1.324999999999999734 ) ) ;
#5254 = CARTESIAN_POINT ( 'NONE',  ( 0.5249999999999994671, 4.049999999999999822, -1.224999999999999645 ) ) ;
#5255 = ADVANCED_FACE ( 'NONE', ( #4073 ), #9693, .T. ) ;
#5256 = FACE_OUTER_BOUND ( 'NONE', #8346, .T. ) ;
#5257 = DIRECTION ( 'NONE',  ( 0.4472135954999579277, 0.8944271909999158554, -0.000000000000000000 ) ) ;
#5258 = CARTESIAN_POINT ( 'NONE',  ( -0.6250000000000014433, 3.950000000000000178, -1.174999999999999822 ) ) ;
#5259 = ORIENTED_EDGE ( 'NONE', *, *, #2854, .T. ) ;
#5260 = CARTESIAN_POINT ( 'NONE',  ( 0.5249999999999976907, 0.1792893218813486067, -1.745710678118654435 ) ) ;
#5261 = DIRECTION ( 'NONE',  ( -1.000000000000000000, -0.000000000000000000, -0.000000000000000000 ) ) ;
#5262 = PLANE ( 'NONE',  #2026 ) ;
#5263 = ORIENTED_EDGE ( 'NONE', *, *, #2286, .T. ) ;
#5264 = EDGE_CURVE ( 'NONE', #6641, #9045, #4860, .T. ) ;
#5265 = AXIS2_PLACEMENT_3D ( 'NONE', #10411, #6340, #2357 ) ;
#5266 = DIRECTION ( 'NONE',  ( 1.000000000000000000, -1.084202172485505297E-16, 0.000000000000000000 ) ) ;
#5267 = EDGE_CURVE ( 'NONE', #9512, #9788, #10546, .T. ) ;
#5268 = ORIENTED_EDGE ( 'NONE', *, *, #5674, .F. ) ;
#5269 = CARTESIAN_POINT ( 'NONE',  ( 7.625000000000000000, 4.049999999999999822, 2.375000000000000444 ) ) ;
#5270 = ORIENTED_EDGE ( 'NONE', *, *, #1025, .F. ) ;
#5271 = DIRECTION ( 'NONE',  ( -1.000000000000000000, 0.000000000000000000, 4.336808689942021680E-16 ) ) ;
#5272 = DIRECTION ( 'NONE',  ( 0.000000000000000000, 1.000000000000000000, 0.000000000000000000 ) ) ;
#5273 = ORIENTED_EDGE ( 'NONE', *, *, #9364, .F. ) ;
#5274 = LINE ( 'NONE', #9356, #8906 ) ;
#5275 = FACE_OUTER_BOUND ( 'NONE', #2940, .T. ) ;
#5276 = ORIENTED_EDGE ( 'NONE', *, *, #4023, .F. ) ;
#5277 = ORIENTED_EDGE ( 'NONE', *, *, #1938, .F. ) ;
#5278 = VECTOR ( 'NONE', #10469, 1000.000000000000000 ) ;
#5279 = FACE_OUTER_BOUND ( 'NONE', #2374, .T. ) ;
#5280 = VECTOR ( 'NONE', #6756, 1000.000000000000000 ) ;
#5281 = VECTOR ( 'NONE', #1972, 1000.000000000000000 ) ;
#5282 = DIRECTION ( 'NONE',  ( 0.000000000000000000, -0.7071067811865479058, 0.7071067811865472397 ) ) ;
#5283 = ORIENTED_EDGE ( 'NONE', *, *, #9932, .T. ) ;
#5284 = CARTESIAN_POINT ( 'NONE',  ( 5.281793621149187601, 3.449999999999999734, 0.2950000000000000400 ) ) ;
#5285 = AXIS2_PLACEMENT_3D ( 'NONE', #2966, #2236, #2294 ) ;
#5286 = EDGE_CURVE ( 'NONE', #6329, #8341, #8891, .T. ) ;
#5287 = CARTESIAN_POINT ( 'NONE',  ( 5.724999999999997868, -0.04999999999999636680, -2.375000000000000000 ) ) ;
#5288 = VERTEX_POINT ( 'NONE', #8082 ) ;
#5289 = ORIENTED_EDGE ( 'NONE', *, *, #6608, .T. ) ;
#5290 = CARTESIAN_POINT ( 'NONE',  ( -1.325000000000001510, 1.899999999999999911, 1.825000000000000622 ) ) ;
#5291 = EDGE_CURVE ( 'NONE', #8718, #4616, #3217, .T. ) ;
#5292 = AXIS2_PLACEMENT_3D ( 'NONE', #5076, #3529, #271 ) ;
#5293 = DIRECTION ( 'NONE',  ( -1.000000000000000000, 0.000000000000000000, 1.807003620809174632E-16 ) ) ;
#5294 = SURFACE_STYLE_FILL_AREA ( #6923 ) ;
#5295 = ORIENTED_EDGE ( 'NONE', *, *, #6375, .T. ) ;
#5296 = DIRECTION ( 'NONE',  ( 0.000000000000000000, -1.000000000000000000, 0.000000000000000000 ) ) ;
#5297 = EDGE_CURVE ( 'NONE', #9446, #3887, #6362, .T. ) ;
#5298 = VERTEX_POINT ( 'NONE', #4013 ) ;
#5299 = VECTOR ( 'NONE', #4022, 1000.000000000000000 ) ;
#5300 = DIRECTION ( 'NONE',  ( -0.000000000000000000, 0.7071067811865474617, 0.7071067811865474617 ) ) ;
#5301 = EDGE_LOOP ( 'NONE', ( #1913, #7899, #1520, #777 ) ) ;
#5302 = PLANE ( 'NONE',  #4131 ) ;
#5303 = LINE ( 'NONE', #1287, #3741 ) ;
#5304 = CARTESIAN_POINT ( 'NONE',  ( 3.024999999999999023, 1.199999999999999734, 0.3750000000000000000 ) ) ;
#5305 = EDGE_CURVE ( 'NONE', #8850, #7744, #7289, .T. ) ;
#5306 = DIRECTION ( 'NONE',  ( 0.000000000000000000, -0.000000000000000000, 1.000000000000000000 ) ) ;
#5307 = PLANE ( 'NONE',  #1266 ) ;
#5308 = VECTOR ( 'NONE', #3772, 1000.000000000000000 ) ;
#5309 = EDGE_LOOP ( 'NONE', ( #5638, #7067, #6256, #6024 ) ) ;
#5310 = LINE ( 'NONE', #8644, #9307 ) ;
#5311 = LINE ( 'NONE', #6175, #4289 ) ;
#5312 = EDGE_CURVE ( 'NONE', #7082, #8666, #3271, .T. ) ;
#5313 = ORIENTED_EDGE ( 'NONE', *, *, #5160, .F. ) ;
#5314 = LINE ( 'NONE', #3665, #6272 ) ;
#5315 = ORIENTED_EDGE ( 'NONE', *, *, #7746, .T. ) ;
#5316 = DIRECTION ( 'NONE',  ( 1.084202172485505297E-16, 1.000000000000000000, 0.000000000000000000 ) ) ;
#5317 = EDGE_CURVE ( 'NONE', #4505, #3139, #1696, .T. ) ;
#5318 = EDGE_LOOP ( 'NONE', ( #3730, #9525, #8509, #3532 ) ) ;
#5319 = AXIS2_PLACEMENT_3D ( 'NONE', #2786, #5221, #2100 ) ;
#5320 = LINE ( 'NONE', #9408, #9513 ) ;
#5321 = VERTEX_POINT ( 'NONE', #6645 ) ;
#5322 = CARTESIAN_POINT ( 'NONE',  ( 5.524999999999997691, 0.5000000000000022204, -1.324999999999999734 ) ) ;
#5323 = ORIENTED_EDGE ( 'NONE', *, *, #3290, .T. ) ;
#5324 = CARTESIAN_POINT ( 'NONE',  ( 7.275000000000000355, 4.049999999999999822, 0.000000000000000000 ) ) ;
#5325 = DIRECTION ( 'NONE',  ( -0.000000000000000000, 0.000000000000000000, -1.000000000000000000 ) ) ;
#5326 = ORIENTED_EDGE ( 'NONE', *, *, #2475, .F. ) ;
#5327 = ORIENTED_EDGE ( 'NONE', *, *, #718, .T. ) ;
#5328 = FACE_OUTER_BOUND ( 'NONE', #618, .T. ) ;
#5329 = EDGE_CURVE ( 'NONE', #9178, #2698, #8300, .T. ) ;
#5330 = CARTESIAN_POINT ( 'NONE',  ( 5.524999999999998579, 1.449999999999999956, 0.1750000000000000722 ) ) ;
#5331 = ORIENTED_EDGE ( 'NONE', *, *, #1799, .F. ) ;
#5332 = FACE_OUTER_BOUND ( 'NONE', #3002, .T. ) ;
#5333 = DIRECTION ( 'NONE',  ( -1.000000000000000000, -0.000000000000000000, -0.000000000000000000 ) ) ;
#5334 = VECTOR ( 'NONE', #2921, 1000.000000000000114 ) ;
#5335 = ORIENTED_EDGE ( 'NONE', *, *, #7191, .T. ) ;
#5336 = EDGE_CURVE ( 'NONE', #10474, #4591, #4368, .T. ) ;
#5337 = CARTESIAN_POINT ( 'NONE',  ( 3.224999999999998312, 1.449999999999999956, -1.224999999999999645 ) ) ;
#5338 = CARTESIAN_POINT ( 'NONE',  ( 4.274999999999997691, 0.3000000000000009881, -1.625000000000000666 ) ) ;
#5339 = CARTESIAN_POINT ( 'NONE',  ( 4.275000000000000355, 3.950000000000000178, -1.174999999999999822 ) ) ;
#5340 = EDGE_LOOP ( 'NONE', ( #3405, #6575, #5763, #7883 ) ) ;
#5341 = DIRECTION ( 'NONE',  ( 0.000000000000000000, 0.000000000000000000, 1.000000000000000000 ) ) ;
#5342 = AXIS2_PLACEMENT_3D ( 'NONE', #8778, #8516, #2210 ) ;
#5343 = EDGE_LOOP ( 'NONE', ( #9520, #4772, #7877, #4189 ) ) ;
#5344 = VECTOR ( 'NONE', #9128, 1000.000000000000000 ) ;
#5345 = EDGE_CURVE ( 'NONE', #5559, #3320, #3568, .T. ) ;
#5346 = CARTESIAN_POINT ( 'NONE',  ( 7.375000000000000000, 0.000000000000000000, -1.374999999999997558 ) ) ;
#5347 = ADVANCED_FACE ( 'NONE', ( #9107 ), #9919, .F. ) ;
#5348 = EDGE_CURVE ( 'NONE', #6413, #7331, #4320, .T. ) ;
#5349 = VECTOR ( 'NONE', #5151, 1000.000000000000000 ) ;
#5350 = ORIENTED_EDGE ( 'NONE', *, *, #5659, .F. ) ;
#5351 = FACE_OUTER_BOUND ( 'NONE', #5458, .T. ) ;
#5352 = LINE ( 'NONE', #4567, #9762 ) ;
#5353 = PLANE ( 'NONE',  #5800 ) ;
#5354 = CARTESIAN_POINT ( 'NONE',  ( -1.325000000000001510, 1.899999999999999911, 1.825000000000000622 ) ) ;
#5355 = CARTESIAN_POINT ( 'NONE',  ( 5.524999999999998579, 1.449999999999999956, 0.3750000000000000000 ) ) ;
#5356 = ORIENTED_EDGE ( 'NONE', *, *, #1606, .T. ) ;
#5357 = CARTESIAN_POINT ( 'NONE',  ( 7.575000000000000178, 0.5999999999999999778, 1.825000000000000622 ) ) ;
#5358 = LINE ( 'NONE', #6939, #5134 ) ;
#5359 = VECTOR ( 'NONE', #7885, 1000.000000000000000 ) ;
#5360 = ORIENTED_EDGE ( 'NONE', *, *, #7930, .F. ) ;
#5361 = LINE ( 'NONE', #2086, #7986 ) ;
#5362 = VECTOR ( 'NONE', #6049, 1000.000000000000000 ) ;
#5363 = FACE_OUTER_BOUND ( 'NONE', #1533, .T. ) ;
#5364 = AXIS2_PLACEMENT_3D ( 'NONE', #10025, #9210, #1895 ) ;
#5365 = DIRECTION ( 'NONE',  ( 0.000000000000000000, -1.000000000000000000, 2.710505431213761393E-17 ) ) ;
#5366 = EDGE_CURVE ( 'NONE', #6918, #3102, #3423, .T. ) ;
#5367 = ORIENTED_EDGE ( 'NONE', *, *, #6966, .T. ) ;
#5368 = ORIENTED_EDGE ( 'NONE', *, *, #7791, .T. ) ;
#5369 = DIRECTION ( 'NONE',  ( 0.000000000000000000, 0.000000000000000000, 1.000000000000000000 ) ) ;
#5370 = EDGE_CURVE ( 'NONE', #3465, #2766, #2687, .T. ) ;
#5371 = VERTEX_POINT ( 'NONE', #10109 ) ;
#5372 = DIRECTION ( 'NONE',  ( -0.000000000000000000, -3.336006684570783101E-16, 1.000000000000000000 ) ) ;
#5373 = DIRECTION ( 'NONE',  ( -1.000000000000000000, -0.000000000000000000, -0.000000000000000000 ) ) ;
#5374 = AXIS2_PLACEMENT_3D ( 'NONE', #1391, #3653, #6929 ) ;
#5375 = ORIENTED_EDGE ( 'NONE', *, *, #10234, .T. ) ;
#5376 = DIRECTION ( 'NONE',  ( -4.353108952907898122E-16, -0.9284766908852604139, 0.3713906763541011125 ) ) ;
#5377 = LINE ( 'NONE', #6953, #5996 ) ;
#5378 = VECTOR ( 'NONE', #5296, 1000.000000000000000 ) ;
#5379 = ORIENTED_EDGE ( 'NONE', *, *, #9321, .T. ) ;
#5380 = ORIENTED_EDGE ( 'NONE', *, *, #2381, .T. ) ;
#5381 = PLANE ( 'NONE',  #2859 ) ;
#5382 = VECTOR ( 'NONE', #6853, 1000.000000000000000 ) ;
#5383 = CARTESIAN_POINT ( 'NONE',  ( 5.724999999999997868, 0.1500000000000032419, -2.474999999999999645 ) ) ;
#5384 = EDGE_CURVE ( 'NONE', #7875, #4707, #8252, .T. ) ;
#5385 = VERTEX_POINT ( 'NONE', #9201 ) ;
#5386 = DIRECTION ( 'NONE',  ( 0.000000000000000000, 0.000000000000000000, 1.000000000000000000 ) ) ;
#5387 = VERTEX_POINT ( 'NONE', #960 ) ;
#5388 = ADVANCED_FACE ( 'NONE', ( #1887 ), #359, .T. ) ;
#5389 = VECTOR ( 'NONE', #5545, 1000.000000000000000 ) ;
#5390 = LINE ( 'NONE', #3857, #7560 ) ;
#5391 = VECTOR ( 'NONE', #10539, 1000.000000000000000 ) ;
#5392 = DIRECTION ( 'NONE',  ( -1.000000000000000000, 0.000000000000000000, 0.000000000000000000 ) ) ;
#5393 = DIRECTION ( 'NONE',  ( 0.000000000000000000, -1.000000000000000000, -2.282530889443167515E-16 ) ) ;
#5394 = ORIENTED_EDGE ( 'NONE', *, *, #8591, .T. ) ;
#5395 = ADVANCED_FACE ( 'NONE', ( #4230 ), #5158, .T. ) ;
#5396 = VECTOR ( 'NONE', #4813, 1000.000000000000000 ) ;
#5397 = ORIENTED_EDGE ( 'NONE', *, *, #7119, .F. ) ;
#5398 = CARTESIAN_POINT ( 'NONE',  ( -1.125000000000001776, 1.899999999999999911, 1.825000000000000622 ) ) ;
#5399 = PLANE ( 'NONE',  #4335 ) ;
#5400 =( LENGTH_UNIT ( ) NAMED_UNIT ( * ) SI_UNIT ( .MILLI., .METRE. ) );
#5401 = ORIENTED_EDGE ( 'NONE', *, *, #8549, .F. ) ;
#5402 = FACE_OUTER_BOUND ( 'NONE', #3170, .T. ) ;
#5403 = VECTOR ( 'NONE', #4420, 1000.000000000000000 ) ;
#5404 = ORIENTED_EDGE ( 'NONE', *, *, #4610, .T. ) ;
#5405 = FACE_OUTER_BOUND ( 'NONE', #5863, .T. ) ;
#5406 = ORIENTED_EDGE ( 'NONE', *, *, #10127, .T. ) ;
#5407 = VECTOR ( 'NONE', #438, 1000.000000000000114 ) ;
#5408 = ORIENTED_EDGE ( 'NONE', *, *, #166, .T. ) ;
#5409 = DIRECTION ( 'NONE',  ( -0.000000000000000000, -0.7071067811865431318, -0.7071067811865517916 ) ) ;
#5410 = ORIENTED_EDGE ( 'NONE', *, *, #7409, .T. ) ;
#5411 = LINE ( 'NONE', #6010, #4782 ) ;
#5412 = DIRECTION ( 'NONE',  ( 0.000000000000000000, 1.000000000000000000, 3.252606517456514091E-15 ) ) ;
#5413 = CARTESIAN_POINT ( 'NONE',  ( 0.5249999999999985789, 3.050000000000000266, -0.02500000000000021302 ) ) ;
#5414 = DIRECTION ( 'NONE',  ( 0.000000000000000000, 0.000000000000000000, 1.000000000000000000 ) ) ;
#5415 = ORIENTED_EDGE ( 'NONE', *, *, #9950, .F. ) ;
#5416 = CARTESIAN_POINT ( 'NONE',  ( 7.375000000000000888, 0.000000000000000000, 0.2250000000000008105 ) ) ;
#5417 = CARTESIAN_POINT ( 'NONE',  ( 5.724999999999998757, 3.299999999999999822, -0.7749999999999999112 ) ) ;
#5418 = EDGE_LOOP ( 'NONE', ( #3414, #6863, #6370, #7765, #7931, #676, #1825, #6278 ) ) ;
#5419 = DIRECTION ( 'NONE',  ( 0.000000000000000000, -0.000000000000000000, -1.000000000000000000 ) ) ;
#5420 = EDGE_CURVE ( 'NONE', #9372, #5445, #5873, .T. ) ;
#5421 = DIRECTION ( 'NONE',  ( -0.000000000000000000, 0.000000000000000000, 1.000000000000000000 ) ) ;
#5422 = VECTOR ( 'NONE', #7248, 1000.000000000000114 ) ;
#5423 = DIRECTION ( 'NONE',  ( 0.000000000000000000, -1.000000000000000000, -1.355252715606880789E-16 ) ) ;
#5424 = CARTESIAN_POINT ( 'NONE',  ( -1.125000000000000888, 1.800000000000000044, -1.175000000000000044 ) ) ;
#5425 = VERTEX_POINT ( 'NONE', #3374 ) ;
#5426 = ORIENTED_EDGE ( 'NONE', *, *, #2553, .F. ) ;
#5427 = CARTESIAN_POINT ( 'NONE',  ( 6.531793621149187601, 3.050000000000000266, -0.1050000000000000655 ) ) ;
#5428 = EDGE_LOOP ( 'NONE', ( #1729, #5397, #8361, #6830, #4268, #8790, #7449, #1392, #6297, #7149, #6418, #7250, #2447, #4807, #7468, #931, #517, #2245, #3808, #4533, #8137, #8752 ) ) ;
#5429 = LINE ( 'NONE', #2147, #6327 ) ;
#5430 = DIRECTION ( 'NONE',  ( 1.000000000000000000, 0.000000000000000000, 0.000000000000000000 ) ) ;
#5431 = CARTESIAN_POINT ( 'NONE',  ( 1.974999999999997646, 0.4999999999999998890, -0.8249999999999997335 ) ) ;
#5432 = EDGE_LOOP ( 'NONE', ( #8858, #5046, #1676, #3310 ) ) ;
#5433 = CARTESIAN_POINT ( 'NONE',  ( 7.875000000000000000, 0.4999999999999998890, -1.574999999999999512 ) ) ;
#5434 = DIRECTION ( 'NONE',  ( 0.000000000000000000, -0.7071067811865475727, 0.7071067811865475727 ) ) ;
#5435 = ORIENTED_EDGE ( 'NONE', *, *, #10118, .T. ) ;
#5436 = LINE ( 'NONE', #332, #9663 ) ;
#5437 = ORIENTED_EDGE ( 'NONE', *, *, #498, .F. ) ;
#5438 = EDGE_CURVE ( 'NONE', #8646, #9433, #8398, .T. ) ;
#5439 = DIRECTION ( 'NONE',  ( 0.000000000000000000, 1.000000000000000000, 0.000000000000000000 ) ) ;
#5440 = ADVANCED_FACE ( 'NONE', ( #8350 ), #1057, .T. ) ;
#5441 = EDGE_CURVE ( 'NONE', #4753, #4536, #7643, .T. ) ;
#5442 = FACE_OUTER_BOUND ( 'NONE', #7272, .T. ) ;
#5443 = DIRECTION ( 'NONE',  ( 0.4472135954999579277, -0.8944271909999158554, -0.000000000000000000 ) ) ;
#5444 = VECTOR ( 'NONE', #4947, 1000.000000000000000 ) ;
#5445 = VERTEX_POINT ( 'NONE', #311 ) ;
#5446 = FACE_OUTER_BOUND ( 'NONE', #4071, .T. ) ;
#5447 = VERTEX_POINT ( 'NONE', #3519 ) ;
#5448 = EDGE_CURVE ( 'NONE', #2152, #1271, #10066, .T. ) ;
#5449 = DIRECTION ( 'NONE',  ( -1.000000000000000000, -0.000000000000000000, -0.000000000000000000 ) ) ;
#5450 = DIRECTION ( 'NONE',  ( 1.000000000000000000, 0.000000000000000000, 0.000000000000000000 ) ) ;
#5451 = CARTESIAN_POINT ( 'NONE',  ( 7.375000000000000000, 4.049999999999999822, 0.1750000000000002387 ) ) ;
#5452 = VERTEX_POINT ( 'NONE', #1930 ) ;
#5453 = VECTOR ( 'NONE', #8772, 1000.000000000000000 ) ;
#5454 = EDGE_CURVE ( 'NONE', #9058, #4958, #8443, .T. ) ;
#5455 = ORIENTED_EDGE ( 'NONE', *, *, #7125, .T. ) ;
#5456 = PLANE ( 'NONE',  #2512 ) ;
#5457 = VECTOR ( 'NONE', #9287, 1000.000000000000114 ) ;
#5458 = EDGE_LOOP ( 'NONE', ( #3017, #5519, #2312, #5508 ) ) ;
#5459 = DIRECTION ( 'NONE',  ( 0.000000000000000000, -1.000000000000000000, 1.445602896647327084E-15 ) ) ;
#5460 = EDGE_CURVE ( 'NONE', #7380, #845, #10199, .T. ) ;
#5461 = FILL_AREA_STYLE ('',( #6269 ) ) ;
#5462 = VERTEX_POINT ( 'NONE', #1975 ) ;
#5463 = PLANE ( 'NONE',  #9846 ) ;
#5464 = EDGE_CURVE ( 'NONE', #1226, #3912, #403, .T. ) ;
#5465 = ORIENTED_EDGE ( 'NONE', *, *, #3121, .F. ) ;
#5466 = AXIS2_PLACEMENT_3D ( 'NONE', #5928, #8402, #8208 ) ;
#5467 = DIRECTION ( 'NONE',  ( -1.000000000000000000, -0.000000000000000000, 0.000000000000000000 ) ) ;
#5468 = EDGE_LOOP ( 'NONE', ( #5588, #7803, #6867, #7206 ) ) ;
#5469 = FACE_OUTER_BOUND ( 'NONE', #7547, .T. ) ;
#5470 = ORIENTED_EDGE ( 'NONE', *, *, #3744, .F. ) ;
#5471 = DIRECTION ( 'NONE',  ( -1.000000000000000000, -0.000000000000000000, 0.000000000000000000 ) ) ;
#5472 = LINE ( 'NONE', #1448, #5359 ) ;
#5473 = CARTESIAN_POINT ( 'NONE',  ( 4.474999999999997868, 1.449999999999999956, 0.1750000000000000722 ) ) ;
#5474 = CARTESIAN_POINT ( 'NONE',  ( 0.8749999999999998890, 3.950000000000000178, 0.3750000000000000555 ) ) ;
#5475 = DIRECTION ( 'NONE',  ( -1.000000000000000000, 0.000000000000000000, -1.807003620809174632E-16 ) ) ;
#5476 = ORIENTED_EDGE ( 'NONE', *, *, #9265, .F. ) ;
#5477 = DIRECTION ( 'NONE',  ( -1.000000000000000000, 0.000000000000000000, 0.000000000000000000 ) ) ;
#5478 = ORIENTED_EDGE ( 'NONE', *, *, #9273, .T. ) ;
#5479 = LINE ( 'NONE', #6633, #5601 ) ;
#5480 = VECTOR ( 'NONE', #9953, 1000.000000000000000 ) ;
#5481 = VECTOR ( 'NONE', #7273, 1000.000000000000000 ) ;
#5482 = CARTESIAN_POINT ( 'NONE',  ( 4.474999999999998757, 3.299999999999999822, -0.9349999999999998312 ) ) ;
#5483 = CARTESIAN_POINT ( 'NONE',  ( 3.374999999999997780, 1.449999999999999956, 0.1750000000000000999 ) ) ;
#5484 = ORIENTED_EDGE ( 'NONE', *, *, #5312, .T. ) ;
#5485 = DIRECTION ( 'NONE',  ( -1.000000000000000000, 0.000000000000000000, 0.000000000000000000 ) ) ;
#5486 = ORIENTED_EDGE ( 'NONE', *, *, #4090, .T. ) ;
#5487 = CARTESIAN_POINT ( 'NONE',  ( 1.974999999999997646, 0.3000000000000009881, -1.625000000000000666 ) ) ;
#5488 = PLANE ( 'NONE',  #9946 ) ;
#5489 = ADVANCED_FACE ( 'NONE', ( #10148 ), #7888, .F. ) ;
#5490 = CLOSED_SHELL ( 'NONE', ( #1937, #1892, #9497, #163, #4344, #5228, #2902, #8651, #3275, #1987, #1724, #7967, #7176, #6827, #5255 ) ) ;
#5491 = DIRECTION ( 'NONE',  ( 0.000000000000000000, 0.000000000000000000, 1.000000000000000000 ) ) ;
#5492 = ORIENTED_EDGE ( 'NONE', *, *, #58, .T. ) ;
#5493 = EDGE_LOOP ( 'NONE', ( #8466, #4260, #8606, #7054 ) ) ;
#5494 = DIRECTION ( 'NONE',  ( 0.000000000000000000, -2.456395547037470490E-16, 1.000000000000000000 ) ) ;
#5495 = CARTESIAN_POINT ( 'NONE',  ( 3.224999999999997424, 0.4999999999999998890, -0.8249999999999997335 ) ) ;
#5496 = ORIENTED_EDGE ( 'NONE', *, *, #2196, .F. ) ;
#5497 = FACE_OUTER_BOUND ( 'NONE', #2351, .T. ) ;
#5498 = EDGE_LOOP ( 'NONE', ( #753, #3820, #3959, #2121, #3803, #9511 ) ) ;
#5499 = CARTESIAN_POINT ( 'NONE',  ( 5.874999999999997335, 3.950000000000000178, 0.1750000000000000999 ) ) ;
#5500 = VECTOR ( 'NONE', #8469, 1000.000000000000000 ) ;
#5501 = COLOUR_RGB ( '',0.7960784313725489669, 0.8235294117647058432, 0.9372549019607843146 ) ;
#5502 = VECTOR ( 'NONE', #2922, 1000.000000000000000 ) ;
#5503 = EDGE_CURVE ( 'NONE', #1157, #6918, #6170, .T. ) ;
#5504 = CARTESIAN_POINT ( 'NONE',  ( 5.724999999999998757, 3.299999999999999822, -1.224999999999999645 ) ) ;
#5505 = VERTEX_POINT ( 'NONE', #9444 ) ;
#5506 = EDGE_CURVE ( 'NONE', #5646, #8718, #7784, .T. ) ;
#5507 = LINE ( 'NONE', #3855, #3344 ) ;
#5508 = ORIENTED_EDGE ( 'NONE', *, *, #7701, .F. ) ;
#5509 = PLANE ( 'NONE',  #1919 ) ;
#5510 = LINE ( 'NONE', #3064, #6464 ) ;
#5511 = DIRECTION ( 'NONE',  ( 0.000000000000000000, -1.000000000000000000, 2.710505431213761393E-17 ) ) ;
#5512 = ORIENTED_EDGE ( 'NONE', *, *, #8305, .T. ) ;
#5513 = EDGE_CURVE ( 'NONE', #938, #9352, #3763, .T. ) ;
#5514 = ORIENTED_EDGE ( 'NONE', *, *, #5238, .T. ) ;
#5515 = LINE ( 'NONE', #10515, #1988 ) ;
#5516 = EDGE_CURVE ( 'NONE', #5223, #2724, #10357, .T. ) ;
#5517 = CARTESIAN_POINT ( 'NONE',  ( 13.12499999999999822, 1.449999999999999956, -1.174999999999999822 ) ) ;
#5518 = EDGE_CURVE ( 'NONE', #8352, #7610, #6982, .T. ) ;
#5519 = ORIENTED_EDGE ( 'NONE', *, *, #3583, .F. ) ;
#5520 = DIRECTION ( 'NONE',  ( -1.000000000000000000, -0.000000000000000000, 0.000000000000000000 ) ) ;
#5521 = ORIENTED_EDGE ( 'NONE', *, *, #8580, .F. ) ;
#5522 = ADVANCED_BREP_SHAPE_REPRESENTATION ( '', ( #1070, #999, #916, #979, #4375, #4653, #4542, #1171, #8086, #1111, #1093, #4385, #1019, #8214, #4305, #1155, #8201, #8026, #3400 ), #5243 ) ;
#5523 = LINE ( 'NONE', #3298, #2348 ) ;
#5524 = ORIENTED_EDGE ( 'NONE', *, *, #7521, .T. ) ;
#5525 = ADVANCED_FACE ( 'NONE', ( #8493 ), #3613, .F. ) ;
#5526 = DIRECTION ( 'NONE',  ( -1.000000000000000000, 0.000000000000000000, -0.000000000000000000 ) ) ;
#5527 = EDGE_LOOP ( 'NONE', ( #6246, #5901, #4117, #9296, #2965 ) ) ;
#5528 = CARTESIAN_POINT ( 'NONE',  ( 4.474999999999998757, 1.449999999999999956, -1.174999999999999822 ) ) ;
#5529 = CARTESIAN_POINT ( 'NONE',  ( 4.474999999999996980, 0.4999999999999998890, -0.8249999999999997335 ) ) ;
#5530 = CARTESIAN_POINT ( 'NONE',  ( 0.5249999999999985789, 1.449999999999999956, -0.7749999999999999112 ) ) ;
#5531 = AXIS2_PLACEMENT_3D ( 'NONE', #7666, #388, #8629 ) ;
#5532 = CARTESIAN_POINT ( 'NONE',  ( 0.7249999999999990896, 2.899999999999996803, -0.7749999999999999112 ) ) ;
#5533 = DIRECTION ( 'NONE',  ( -0.000000000000000000, -5.421010862427520198E-16, 1.000000000000000000 ) ) ;
#5534 = EDGE_LOOP ( 'NONE', ( #5492, #8377, #9123, #10401 ) ) ;
#5535 = DIRECTION ( 'NONE',  ( 0.000000000000000000, 0.000000000000000000, 1.000000000000000000 ) ) ;
#5536 = CARTESIAN_POINT ( 'NONE',  ( 3.224999999999997424, 0.1792893218813486067, -1.745710678118654435 ) ) ;
#5537 = ORIENTED_EDGE ( 'NONE', *, *, #8855, .F. ) ;
#5538 = CARTESIAN_POINT ( 'NONE',  ( 0.7249999999999973133, 0.3500000000000009215, -1.324999999999999512 ) ) ;
#5539 = ORIENTED_EDGE ( 'NONE', *, *, #9742, .F. ) ;
#5540 = CARTESIAN_POINT ( 'NONE',  ( 0.04166666666666467983, 4.116666666666667140, 0.5416666666666666297 ) ) ;
#5541 = PRODUCT_RELATED_PRODUCT_CATEGORY ( 'part', '', ( #9651 ) ) ;
#5542 = VECTOR ( 'NONE', #1797, 1000.000000000000000 ) ;
#5543 = ORIENTED_EDGE ( 'NONE', *, *, #8485, .F. ) ;
#5544 = ORIENTED_EDGE ( 'NONE', *, *, #6556, .T. ) ;
#5545 = DIRECTION ( 'NONE',  ( 1.000000000000000000, -0.000000000000000000, -0.000000000000000000 ) ) ;
#5546 = VERTEX_POINT ( 'NONE', #9340 ) ;
#5547 = DIRECTION ( 'NONE',  ( 0.000000000000000000, 1.000000000000000000, 0.000000000000000000 ) ) ;
#5548 = LINE ( 'NONE', #9569, #6513 ) ;
#5549 = ORIENTED_EDGE ( 'NONE', *, *, #7495, .T. ) ;
#5550 = CARTESIAN_POINT ( 'NONE',  ( 5.374999999999999112, 4.049999999999999822, 0.2749999999999994671 ) ) ;
#5551 = PLANE ( 'NONE',  #6705 ) ;
#5552 = ORIENTED_EDGE ( 'NONE', *, *, #7955, .T. ) ;
#5553 = LINE ( 'NONE', #8950, #6511 ) ;
#5554 = FACE_OUTER_BOUND ( 'NONE', #1527, .T. ) ;
#5555 = ORIENTED_EDGE ( 'NONE', *, *, #3724, .T. ) ;
#5556 = VECTOR ( 'NONE', #1776, 1000.000000000000000 ) ;
#5557 = DIRECTION ( 'NONE',  ( 0.000000000000000000, 1.000000000000000000, 0.000000000000000000 ) ) ;
#5558 = VECTOR ( 'NONE', #2792, 1000.000000000000000 ) ;
#5559 = VERTEX_POINT ( 'NONE', #3818 ) ;
#5560 = DIRECTION ( 'NONE',  ( -1.000000000000000000, -0.000000000000000000, 0.000000000000000000 ) ) ;
#5561 = PLANE ( 'NONE',  #5672 ) ;
#5562 = FACE_OUTER_BOUND ( 'NONE', #3823, .T. ) ;
#5563 = ORIENTED_EDGE ( 'NONE', *, *, #8955, .F. ) ;
#5564 = ORIENTED_EDGE ( 'NONE', *, *, #2776, .F. ) ;
#5565 = CARTESIAN_POINT ( 'NONE',  ( 1.974999999999997646, -0.04999999999999567291, -2.474999999999999645 ) ) ;
#5566 = PLANE ( 'NONE',  #3701 ) ;
#5567 = EDGE_CURVE ( 'NONE', #2353, #1158, #9394, .T. ) ;
#5568 = VECTOR ( 'NONE', #5141, 1000.000000000000000 ) ;
#5569 = DIRECTION ( 'NONE',  ( -1.000000000000000000, 0.000000000000000000, 0.000000000000000000 ) ) ;
#5570 = EDGE_LOOP ( 'NONE', ( #8598, #1214, #3933, #5060, #10389, #4943 ) ) ;
#5571 = EDGE_CURVE ( 'NONE', #7114, #4613, #6225, .T. ) ;
#5572 = EDGE_CURVE ( 'NONE', #1144, #1717, #4569, .T. ) ;
#5573 = VECTOR ( 'NONE', #4181, 1000.000000000000000 ) ;
#5574 = EDGE_LOOP ( 'NONE', ( #6166, #5323, #5654, #10378 ) ) ;
#5575 = PRESENTATION_LAYER_ASSIGNMENT (  '', '', ( #8635 ) ) ;
#5576 = CARTESIAN_POINT ( 'NONE',  ( -1.125000000000000888, 4.049999999999999822, -1.374999999999997558 ) ) ;
#5577 = CARTESIAN_POINT ( 'NONE',  ( 7.875000000000000000, 4.049999999999999822, 0.6750000000000002665 ) ) ;
#5578 = ORIENTED_EDGE ( 'NONE', *, *, #6291, .T. ) ;
#5579 = FACE_OUTER_BOUND ( 'NONE', #3777, .T. ) ;
#5580 = EDGE_CURVE ( 'NONE', #7855, #1297, #9503, .T. ) ;
#5581 = ORIENTED_EDGE ( 'NONE', *, *, #4484, .F. ) ;
#5582 = ADVANCED_FACE ( 'NONE', ( #2971 ), #2186, .T. ) ;
#5583 = VECTOR ( 'NONE', #2221, 1000.000000000000114 ) ;
#5584 = EDGE_CURVE ( 'NONE', #586, #4492, #8543, .T. ) ;
#5585 = CARTESIAN_POINT ( 'NONE',  ( 0.7249999999999973133, -0.1499999999999963862, -1.474999999999999645 ) ) ;
#5586 = ORIENTED_EDGE ( 'NONE', *, *, #1563, .T. ) ;
#5587 = PLANE ( 'NONE',  #2153 ) ;
#5588 = ORIENTED_EDGE ( 'NONE', *, *, #7867, .F. ) ;
#5589 = CARTESIAN_POINT ( 'NONE',  ( 1.974999999999997646, -0.04999999999999636680, -2.375000000000000000 ) ) ;
#5590 = DIRECTION ( 'NONE',  ( -1.000000000000000000, 0.000000000000000000, 0.000000000000000000 ) ) ;
#5591 = LINE ( 'NONE', #8380, #4677 ) ;
#5592 = VECTOR ( 'NONE', #8836, 1000.000000000000000 ) ;
#5593 = CARTESIAN_POINT ( 'NONE',  ( 0.7249999999999973133, 0.1000000000000020872, -1.224999999999998312 ) ) ;
#5594 = ORIENTED_EDGE ( 'NONE', *, *, #2919, .F. ) ;
#5595 = CARTESIAN_POINT ( 'NONE',  ( 5.524999999999998579, 1.449999999999999956, 0.3750000000000000000 ) ) ;
#5596 = CARTESIAN_POINT ( 'NONE',  ( 3.024999999999998579, 1.449999999999999956, -0.7749999999999999112 ) ) ;
#5597 = ORIENTED_EDGE ( 'NONE', *, *, #2958, .F. ) ;
#5598 = CARTESIAN_POINT ( 'NONE',  ( 6.875000000000000000, 3.950000000000000178, -1.174999999999999822 ) ) ;
#5599 = ORIENTED_EDGE ( 'NONE', *, *, #281, .F. ) ;
#5600 = LINE ( 'NONE', #9621, #1026 ) ;
#5601 = VECTOR ( 'NONE', #3311, 1000.000000000000000 ) ;
#5602 = VERTEX_POINT ( 'NONE', #5413 ) ;
#5603 = VERTEX_POINT ( 'NONE', #4514 ) ;
#5604 = VECTOR ( 'NONE', #1583, 1000.000000000000000 ) ;
#5605 = EDGE_CURVE ( 'NONE', #828, #4967, #7093, .T. ) ;
#5606 = DIRECTION ( 'NONE',  ( 0.000000000000000000, -1.000000000000000000, 0.000000000000000000 ) ) ;
#5607 = ORIENTED_EDGE ( 'NONE', *, *, #2962, .T. ) ;
#5608 = DIRECTION ( 'NONE',  ( 0.000000000000000000, -0.000000000000000000, 1.000000000000000000 ) ) ;
#5609 =( NAMED_UNIT ( * ) SI_UNIT ( $, .STERADIAN. ) SOLID_ANGLE_UNIT ( ) );
#5610 = FACE_OUTER_BOUND ( 'NONE', #2229, .T. ) ;
#5611 = DIRECTION ( 'NONE',  ( 0.000000000000000000, -1.000000000000000000, 0.000000000000000000 ) ) ;
#5612 = CARTESIAN_POINT ( 'NONE',  ( -1.325000000000001510, 0.000000000000000000, 0.2250000000000008105 ) ) ;
#5613 = EDGE_LOOP ( 'NONE', ( #815, #3782, #8654, #8111, #306, #9654 ) ) ;
#5614 = VECTOR ( 'NONE', #3379, 999.9999999999998863 ) ;
#5615 = EDGE_CURVE ( 'NONE', #9495, #9615, #4624, .T. ) ;
#5616 = CARTESIAN_POINT ( 'NONE',  ( 7.375000000000000888, 0.5999999999999999778, 1.825000000000000622 ) ) ;
#5617 = EDGE_CURVE ( 'NONE', #7172, #731, #6521, .T. ) ;
#5618 = DIRECTION ( 'NONE',  ( 0.000000000000000000, -1.000000000000000000, 0.000000000000000000 ) ) ;
#5619 = FACE_OUTER_BOUND ( 'NONE', #6388, .T. ) ;
#5620 = EDGE_LOOP ( 'NONE', ( #9661, #92, #2603, #5661, #6898, #2957, #6476, #5564 ) ) ;
#5621 = DIRECTION ( 'NONE',  ( 0.000000000000000000, 0.000000000000000000, -1.000000000000000000 ) ) ;
#5622 = DIRECTION ( 'NONE',  ( -1.000000000000000000, 0.000000000000000000, 0.000000000000000000 ) ) ;
#5623 = PLANE ( 'NONE',  #3848 ) ;
#5624 = ORIENTED_EDGE ( 'NONE', *, *, #1648, .T. ) ;
#5625 = ORIENTED_EDGE ( 'NONE', *, *, #4100, .F. ) ;
#5626 = DIRECTION ( 'NONE',  ( -0.000000000000000000, 0.000000000000000000, -1.000000000000000000 ) ) ;
#5627 = DIRECTION ( 'NONE',  ( 1.000000000000000000, 0.000000000000000000, -0.000000000000000000 ) ) ;
#5628 = FACE_OUTER_BOUND ( 'NONE', #10039, .T. ) ;
#5629 = VERTEX_POINT ( 'NONE', #9791 ) ;
#5630 = VECTOR ( 'NONE', #6795, 1000.000000000000000 ) ;
#5631 = ORIENTED_EDGE ( 'NONE', *, *, #3450, .T. ) ;
#5632 = CARTESIAN_POINT ( 'NONE',  ( -1.325000000000001510, -0.1499999999999963862, 2.324999999999999734 ) ) ;
#5633 = EDGE_CURVE ( 'NONE', #10122, #3504, #10471, .T. ) ;
#5634 = LINE ( 'NONE', #9775, #8796 ) ;
#5635 = SURFACE_STYLE_FILL_AREA ( #10517 ) ;
#5636 = ORIENTED_EDGE ( 'NONE', *, *, #3202, .F. ) ;
#5637 = CARTESIAN_POINT ( 'NONE',  ( 7.375000000000000000, 1.800000000000000044, -1.175000000000000044 ) ) ;
#5638 = ORIENTED_EDGE ( 'NONE', *, *, #5572, .F. ) ;
#5639 = AXIS2_PLACEMENT_3D ( 'NONE', #7852, #1308, #10379 ) ;
#5640 = AXIS2_PLACEMENT_3D ( 'NONE', #1708, #1537, #4138 ) ;
#5641 = DIRECTION ( 'NONE',  ( -0.000000000000000000, -0.7071067811865431318, -0.7071067811865517916 ) ) ;
#5642 = EDGE_CURVE ( 'NONE', #10280, #9416, #4110, .T. ) ;
#5643 = VECTOR ( 'NONE', #9104, 1000.000000000000000 ) ;
#5644 = ORIENTED_EDGE ( 'NONE', *, *, #5037, .F. ) ;
#5645 = CARTESIAN_POINT ( 'NONE',  ( 4.474999999999997868, 1.199999999999999734, 0.1750000000000000722 ) ) ;
#5646 = VERTEX_POINT ( 'NONE', #3200 ) ;
#5647 = PLANE ( 'NONE',  #572 ) ;
#5648 = EDGE_CURVE ( 'NONE', #4492, #929, #8984, .T. ) ;
#5649 = CARTESIAN_POINT ( 'NONE',  ( -1.625000000000001332, 0.000000000000000000, 0.2250000000000008105 ) ) ;
#5650 = CARTESIAN_POINT ( 'NONE',  ( 4.474999999999996980, 1.449999999999999956, 0.3750000000000000000 ) ) ;
#5651 = CARTESIAN_POINT ( 'NONE',  ( 6.875000000000000000, 1.449999999999999956, -1.174999999999999822 ) ) ;
#5652 = CARTESIAN_POINT ( 'NONE',  ( 0.2499999999999976130, 4.049999999999999822, 0.5750000000000010658 ) ) ;
#5653 = DIRECTION ( 'NONE',  ( -1.000000000000000000, -0.000000000000000000, -0.000000000000000000 ) ) ;
#5654 = ORIENTED_EDGE ( 'NONE', *, *, #3234, .T. ) ;
#5655 = CARTESIAN_POINT ( 'NONE',  ( 3.224999999999997424, 0.1500000000000032419, -2.474999999999999645 ) ) ;
#5656 = ORIENTED_EDGE ( 'NONE', *, *, #2763, .T. ) ;
#5657 = FACE_OUTER_BOUND ( 'NONE', #2370, .T. ) ;
#5658 = ORIENTED_EDGE ( 'NONE', *, *, #8051, .T. ) ;
#5659 = EDGE_CURVE ( 'NONE', #5385, #4616, #2240, .T. ) ;
#5660 = DIRECTION ( 'NONE',  ( 0.000000000000000000, 0.7071067811865475727, 0.7071067811865474617 ) ) ;
#5661 = ORIENTED_EDGE ( 'NONE', *, *, #3432, .F. ) ;
#5662 = SURFACE_SIDE_STYLE ('',( #9745 ) ) ;
#5663 = DIRECTION ( 'NONE',  ( 0.000000000000000000, 1.000000000000000000, 0.000000000000000000 ) ) ;
#5664 = CARTESIAN_POINT ( 'NONE',  ( 1.774999999999999245, 4.049999999999999822, -1.224999999999999645 ) ) ;
#5665 = CARTESIAN_POINT ( 'NONE',  ( 4.031793621149188489, 1.577500000000001235, -1.577499999999999902 ) ) ;
#5666 = ORIENTED_EDGE ( 'NONE', *, *, #8087, .T. ) ;
#5667 = FACE_OUTER_BOUND ( 'NONE', #7110, .T. ) ;
#5668 = ADVANCED_FACE ( 'NONE', ( #3142 ), #4900, .F. ) ;
#5669 = LINE ( 'NONE', #1697, #6004 ) ;
#5670 = AXIS2_PLACEMENT_3D ( 'NONE', #6437, #5626, #3122 ) ;
#5671 = ORIENTED_EDGE ( 'NONE', *, *, #6471, .T. ) ;
#5672 = AXIS2_PLACEMENT_3D ( 'NONE', #8841, #1535, #4766 ) ;
#5673 = LINE ( 'NONE', #3219, #4241 ) ;
#5674 = EDGE_CURVE ( 'NONE', #8091, #9433, #8178, .T. ) ;
#5675 = CARTESIAN_POINT ( 'NONE',  ( -1.025000000000001688, 4.049999999999999822, 2.475000000000000089 ) ) ;
#5676 = CLOSED_SHELL ( 'NONE', ( #8786, #2899, #5008, #2891, #27, #944, #6427 ) ) ;
#5677 =( NAMED_UNIT ( * ) PLANE_ANGLE_UNIT ( ) SI_UNIT ( $, .RADIAN. ) );
#5678 = DIRECTION ( 'NONE',  ( 0.000000000000000000, 0.000000000000000000, -1.000000000000000000 ) ) ;
#5679 = EDGE_CURVE ( 'NONE', #766, #8091, #10412, .T. ) ;
#5680 = CARTESIAN_POINT ( 'NONE',  ( 1.624999999999999334, 4.049999999999999822, 0.2749999999999994671 ) ) ;
#5681 = CARTESIAN_POINT ( 'NONE',  ( 5.374999999999999112, 1.199999999999999734, 0.1750000000000000999 ) ) ;
#5682 = AXIS2_PLACEMENT_3D ( 'NONE', #8132, #1414, #8018 ) ;
#5683 = ORIENTED_EDGE ( 'NONE', *, *, #2543, .F. ) ;
#5684 = ORIENTED_EDGE ( 'NONE', *, *, #6507, .T. ) ;
#5685 = CARTESIAN_POINT ( 'NONE',  ( 4.031793621149188489, 3.050000000000000266, -0.1050000000000000655 ) ) ;
#5686 = MECHANICAL_DESIGN_GEOMETRIC_PRESENTATION_REPRESENTATION (  '', ( #4310 ), #4158 ) ;
#5687 = CARTESIAN_POINT ( 'NONE',  ( -1.325000000000001510, -0.1499999999999963862, 2.324999999999999734 ) ) ;
#5688 = AXIS2_PLACEMENT_3D ( 'NONE', #6541, #2484, #7171 ) ;
#5689 = CARTESIAN_POINT ( 'NONE',  ( 5.724999999999997868, 1.449999999999999956, 0.1750000000000000722 ) ) ;
#5690 = EDGE_LOOP ( 'NONE', ( #4977, #2174, #41, #4099 ) ) ;
#5691 = ORIENTED_EDGE ( 'NONE', *, *, #715, .T. ) ;
#5692 = CARTESIAN_POINT ( 'NONE',  ( 6.974999999999995204, 4.049999999999999822, -1.775000000000000355 ) ) ;
#5693 = CARTESIAN_POINT ( 'NONE',  ( 0.7249999999999973133, -0.04999999999999636680, -2.375000000000000000 ) ) ;
#5694 = LINE ( 'NONE', #5943, #8748 ) ;
#5695 = ORIENTED_EDGE ( 'NONE', *, *, #1590, .F. ) ;
#5696 = DIRECTION ( 'NONE',  ( -0.000000000000000000, -0.000000000000000000, -1.000000000000000000 ) ) ;
#5697 = ORIENTED_EDGE ( 'NONE', *, *, #7301, .F. ) ;
#5698 = EDGE_CURVE ( 'NONE', #10511, #6138, #9733, .T. ) ;
#5699 = DIRECTION ( 'NONE',  ( -0.000000000000000000, -4.553649124439118623E-15, 1.000000000000000000 ) ) ;
#5700 = ORIENTED_EDGE ( 'NONE', *, *, #9483, .F. ) ;
#5701 = CARTESIAN_POINT ( 'NONE',  ( 0.7249999999999999778, 3.950000000000000178, -1.174999999999999822 ) ) ;
#5702 = VERTEX_POINT ( 'NONE', #3995 ) ;
#5703 = DIRECTION ( 'NONE',  ( -1.000000000000000000, 0.000000000000000000, 1.807003620809174632E-16 ) ) ;
#5704 = CARTESIAN_POINT ( 'NONE',  ( 1.974999999999997646, 0.3500000000000009215, -1.324999999999999512 ) ) ;
#5705 = CARTESIAN_POINT ( 'NONE',  ( -1.325000000000001510, 0.5999999999999999778, 0.2250000000000008105 ) ) ;
#5706 = ORIENTED_EDGE ( 'NONE', *, *, #703, .F. ) ;
#5707 = PLANE ( 'NONE',  #3960 ) ;
#5708 = DIRECTION ( 'NONE',  ( 0.000000000000000000, -0.000000000000000000, 1.000000000000000000 ) ) ;
#5709 = VERTEX_POINT ( 'NONE', #8115 ) ;
#5710 = LINE ( 'NONE', #5864, #7338 ) ;
#5711 = EDGE_CURVE ( 'NONE', #6321, #2108, #6401, .T. ) ;
#5712 = ORIENTED_EDGE ( 'NONE', *, *, #294, .T. ) ;
#5713 = LINE ( 'NONE', #3890, #4235 ) ;
#5714 = EDGE_CURVE ( 'NONE', #9556, #7780, #4732, .T. ) ;
#5715 = EDGE_CURVE ( 'NONE', #9853, #8411, #88, .T. ) ;
#5716 = VERTEX_POINT ( 'NONE', #5650 ) ;
#5717 = AXIS2_PLACEMENT_3D ( 'NONE', #6577, #9845, #292 ) ;
#5718 = CARTESIAN_POINT ( 'NONE',  ( 5.281793621149187601, 3.449999999999999289, 0.3749999999999999445 ) ) ;
#5719 = ORIENTED_EDGE ( 'NONE', *, *, #1999, .F. ) ;
#5720 = CARTESIAN_POINT ( 'NONE',  ( 7.375000000000000888, 0.2500000000000000000, 2.375000000000000888 ) ) ;
#5721 = LINE ( 'NONE', #905, #8911 ) ;
#5722 = CARTESIAN_POINT ( 'NONE',  ( -6.875000000000000000, 4.000000000000000000, -1.224999999999999645 ) ) ;
#5723 = DIRECTION ( 'NONE',  ( 0.000000000000000000, -1.000000000000000000, 0.000000000000000000 ) ) ;
#5724 = LINE ( 'NONE', #7348, #2388 ) ;
#5725 = DIRECTION ( 'NONE',  ( 0.000000000000000000, 1.000000000000000000, 0.000000000000000000 ) ) ;
#5726 = DIRECTION ( 'NONE',  ( 0.000000000000000000, 0.000000000000000000, -1.000000000000000000 ) ) ;
#5727 = VECTOR ( 'NONE', #9293, 1000.000000000000000 ) ;
#5728 = EDGE_CURVE ( 'NONE', #3410, #3078, #1623, .T. ) ;
#5729 = AXIS2_PLACEMENT_3D ( 'NONE', #5637, #3295, #8916 ) ;
#5730 = PLANE ( 'NONE',  #1335 ) ;
#5731 = EDGE_LOOP ( 'NONE', ( #8883, #4634, #578, #2565 ) ) ;
#5732 = DIRECTION ( 'NONE',  ( 2.358912948743652103E-16, 0.7071067811865474617, -0.7071067811865474617 ) ) ;
#5733 = VECTOR ( 'NONE', #9964, 1000.000000000000000 ) ;
#5734 = LINE ( 'NONE', #1706, #4144 ) ;
#5735 = LINE ( 'NONE', #5786, #9002 ) ;
#5736 = VERTEX_POINT ( 'NONE', #5474 ) ;
#5737 = FACE_OUTER_BOUND ( 'NONE', #71, .T. ) ;
#5738 = DIRECTION ( 'NONE',  ( 0.000000000000000000, 0.000000000000000000, -1.000000000000000000 ) ) ;
#5739 = DIRECTION ( 'NONE',  ( -0.000000000000000000, -0.000000000000000000, -1.000000000000000000 ) ) ;
#5740 = ORIENTED_EDGE ( 'NONE', *, *, #6554, .F. ) ;
#5741 = AXIS2_PLACEMENT_3D ( 'NONE', #1106, #9253, #7602 ) ;
#5742 = ORIENTED_EDGE ( 'NONE', *, *, #3698, .T. ) ;
#5743 = ADVANCED_FACE ( 'NONE', ( #1450 ), #4843, .F. ) ;
#5744 = VECTOR ( 'NONE', #1233, 1000.000000000000000 ) ;
#5745 = CARTESIAN_POINT ( 'NONE',  ( 5.724999999999997868, 1.199999999999999734, 0.3750000000000000000 ) ) ;
#5746 = ORIENTED_EDGE ( 'NONE', *, *, #4169, .F. ) ;
#5747 = DIRECTION ( 'NONE',  ( -1.000000000000000000, 0.000000000000000000, -1.807003620809174632E-16 ) ) ;
#5748 = EDGE_CURVE ( 'NONE', #662, #8747, #671, .T. ) ;
#5749 = VERTEX_POINT ( 'NONE', #4054 ) ;
#5750 = VECTOR ( 'NONE', #4080, 1000.000000000000000 ) ;
#5751 = CARTESIAN_POINT ( 'NONE',  ( 0.5250000000000011324, 4.049999999999999822, 0.2749999999999994671 ) ) ;
#5752 = VERTEX_POINT ( 'NONE', #3937 ) ;
#5753 = FACE_OUTER_BOUND ( 'NONE', #2670, .T. ) ;
#5754 = ORIENTED_EDGE ( 'NONE', *, *, #9963, .T. ) ;
#5755 = DIRECTION ( 'NONE',  ( 0.000000000000000000, -0.000000000000000000, -1.000000000000000000 ) ) ;
#5756 = DIRECTION ( 'NONE',  ( 0.000000000000000000, 0.000000000000000000, 1.000000000000000000 ) ) ;
#5757 = SURFACE_STYLE_USAGE ( .BOTH. , #4257 ) ;
#5758 = VERTEX_POINT ( 'NONE', #3085 ) ;
#5759 = PLANE ( 'NONE',  #5835 ) ;
#5760 = LINE ( 'NONE', #9849, #8080 ) ;
#5761 = VECTOR ( 'NONE', #1518, 1000.000000000000000 ) ;
#5762 = VECTOR ( 'NONE', #3463, 1000.000000000000000 ) ;
#5763 = ORIENTED_EDGE ( 'NONE', *, *, #1008, .F. ) ;
#5764 = DIRECTION ( 'NONE',  ( 0.000000000000000000, 0.000000000000000000, -1.000000000000000000 ) ) ;
#5765 = ORIENTED_EDGE ( 'NONE', *, *, #6844, .F. ) ;
#5766 = DIRECTION ( 'NONE',  ( -1.000000000000000000, 0.000000000000000000, 0.000000000000000000 ) ) ;
#5767 = VERTEX_POINT ( 'NONE', #7328 ) ;
#5768 = CARTESIAN_POINT ( 'NONE',  ( 4.624999999999998224, 2.649999999999998135, 1.075000000000000400 ) ) ;
#5769 = VECTOR ( 'NONE', #2213, 1000.000000000000000 ) ;
#5770 = ORIENTED_EDGE ( 'NONE', *, *, #4101, .T. ) ;
#5771 = DIRECTION ( 'NONE',  ( 0.000000000000000000, 0.000000000000000000, -1.000000000000000000 ) ) ;
#5772 = CARTESIAN_POINT ( 'NONE',  ( 4.474999999999998757, 3.299999999999999822, -0.9349999999999998312 ) ) ;
#5773 = DIRECTION ( 'NONE',  ( -1.000000000000000000, 0.000000000000000000, 0.000000000000000000 ) ) ;
#5774 = CARTESIAN_POINT ( 'NONE',  ( 5.524999999999998579, 4.049999999999999822, -1.174999999999999822 ) ) ;
#5775 = CARTESIAN_POINT ( 'NONE',  ( 5.524999999999997691, -0.04999999999999567291, -2.474999999999999645 ) ) ;
#5776 = EDGE_CURVE ( 'NONE', #10521, #3810, #36, .T. ) ;
#5777 = ORIENTED_EDGE ( 'NONE', *, *, #1115, .F. ) ;
#5778 = CARTESIAN_POINT ( 'NONE',  ( 1.974999999999997646, 0.5000000000000022204, -1.324999999999999734 ) ) ;
#5779 = VECTOR ( 'NONE', #4275, 1000.000000000000000 ) ;
#5780 = LINE ( 'NONE', #1703, #9486 ) ;
#5781 = DIRECTION ( 'NONE',  ( -0.000000000000000000, 0.000000000000000000, 1.000000000000000000 ) ) ;
#5782 = ORIENTED_EDGE ( 'NONE', *, *, #1633, .T. ) ;
#5783 = LINE ( 'NONE', #3910, #2143 ) ;
#5784 = CARTESIAN_POINT ( 'NONE',  ( -1.125000000000001776, 0.5999999999999999778, 0.2250000000000008105 ) ) ;
#5785 = VECTOR ( 'NONE', #6440, 1000.000000000000000 ) ;
#5786 = CARTESIAN_POINT ( 'NONE',  ( -1.125000000000001776, 1.899999999999999689, 2.475000000000000533 ) ) ;
#5787 = VERTEX_POINT ( 'NONE', #5532 ) ;
#5788 = EDGE_CURVE ( 'NONE', #1424, #6041, #5591, .T. ) ;
#5789 = EDGE_CURVE ( 'NONE', #7023, #4952, #4351, .T. ) ;
#5790 = ORIENTED_EDGE ( 'NONE', *, *, #10150, .F. ) ;
#5791 = ORIENTED_EDGE ( 'NONE', *, *, #3882, .T. ) ;
#5792 = EDGE_CURVE ( 'NONE', #3861, #9934, #7628, .T. ) ;
#5793 = LINE ( 'NONE', #3395, #4876 ) ;
#5794 = CARTESIAN_POINT ( 'NONE',  ( 7.781793621149187601, 3.449999999999999734, 0.2950000000000000400 ) ) ;
#5795 = LINE ( 'NONE', #7426, #3979 ) ;
#5796 = CARTESIAN_POINT ( 'NONE',  ( 1.974999999999998979, 3.949999999999998845, -1.174999999999997824 ) ) ;
#5797 = ORIENTED_EDGE ( 'NONE', *, *, #6948, .F. ) ;
#5798 = LINE ( 'NONE', #9078, #5344 ) ;
#5799 = VERTEX_POINT ( 'NONE', #7580 ) ;
#5800 = AXIS2_PLACEMENT_3D ( 'NONE', #5965, #7642, #2868 ) ;
#5801 = EDGE_CURVE ( 'NONE', #5452, #9934, #6627, .T. ) ;
#5802 = PLANE ( 'NONE',  #4884 ) ;
#5803 = ORIENTED_EDGE ( 'NONE', *, *, #7245, .F. ) ;
#5804 = CARTESIAN_POINT ( 'NONE',  ( 7.575000000000000178, 1.899999999999999911, 1.825000000000000622 ) ) ;
#5805 = ADVANCED_FACE ( 'NONE', ( #6779 ), #9903, .F. ) ;
#5806 = DIRECTION ( 'NONE',  ( 1.000000000000000000, 0.000000000000000000, 0.000000000000000000 ) ) ;
#5807 = EDGE_CURVE ( 'NONE', #9831, #2895, #3357, .T. ) ;
#5808 = DIRECTION ( 'NONE',  ( -1.000000000000000000, 0.000000000000000000, 1.807003620809174632E-16 ) ) ;
#5809 = COLOUR_RGB ( '',0.7960784313725489669, 0.8235294117647058432, 0.9372549019607843146 ) ;
#5810 = ORIENTED_EDGE ( 'NONE', *, *, #171, .T. ) ;
#5811 = PLANE ( 'NONE',  #2271 ) ;
#5812 = VERTEX_POINT ( 'NONE', #8234 ) ;
#5813 = CARTESIAN_POINT ( 'NONE',  ( 1.774999999999998801, 3.299999999999999822, -0.7749999999999999112 ) ) ;
#5814 = ORIENTED_EDGE ( 'NONE', *, *, #8146, .F. ) ;
#5815 = DIRECTION ( 'NONE',  ( 0.000000000000000000, -5.421010862427526114E-15, 1.000000000000000000 ) ) ;
#5816 = VECTOR ( 'NONE', #7402, 1000.000000000000000 ) ;
#5817 = FACE_OUTER_BOUND ( 'NONE', #2884, .T. ) ;
#5818 = ORIENTED_EDGE ( 'NONE', *, *, #4590, .F. ) ;
#5819 = VECTOR ( 'NONE', #10138, 1000.000000000000000 ) ;
#5820 = LINE ( 'NONE', #4805, #1485 ) ;
#5821 = ORIENTED_EDGE ( 'NONE', *, *, #112, .T. ) ;
#5822 = FACE_OUTER_BOUND ( 'NONE', #8277, .T. ) ;
#5823 = DIRECTION ( 'NONE',  ( 0.000000000000000000, -0.7071067811865475727, 0.7071067811865475727 ) ) ;
#5824 = CARTESIAN_POINT ( 'NONE',  ( -0.6250000000000023315, -6.123233995736742617E-17, 2.475000000000000089 ) ) ;
#5825 = DIRECTION ( 'NONE',  ( 0.000000000000000000, -8.642948658383689284E-16, -1.000000000000000000 ) ) ;
#5826 = DIRECTION ( 'NONE',  ( -1.000000000000000000, -1.084202172485505297E-16, 0.000000000000000000 ) ) ;
#5827 = VECTOR ( 'NONE', #4461, 1000.000000000000000 ) ;
#5828 = ORIENTED_EDGE ( 'NONE', *, *, #6789, .F. ) ;
#5829 = DIRECTION ( 'NONE',  ( 0.000000000000000000, 1.000000000000000000, 0.000000000000000000 ) ) ;
#5830 = CARTESIAN_POINT ( 'NONE',  ( 0.8749999999999998890, 1.449999999999999956, 0.3750000000000000555 ) ) ;
#5831 = EDGE_CURVE ( 'NONE', #7705, #6924, #988, .T. ) ;
#5832 = CARTESIAN_POINT ( 'NONE',  ( -6.875000000000000000, 3.950000000000000178, 0.3750000000000001110 ) ) ;
#5833 = AXIS2_PLACEMENT_3D ( 'NONE', #6200, #6377, #9646 ) ;
#5834 = ORIENTED_EDGE ( 'NONE', *, *, #4148, .F. ) ;
#5835 = AXIS2_PLACEMENT_3D ( 'NONE', #3885, #4736, #10475 ) ;
#5836 = PLANE ( 'NONE',  #1575 ) ;
#5837 = ORIENTED_EDGE ( 'NONE', *, *, #9985, .T. ) ;
#5838 = VERTEX_POINT ( 'NONE', #6871 ) ;
#5839 = CARTESIAN_POINT ( 'NONE',  ( 0.000000000000000000, 4.049999999999999822, 0.000000000000000000 ) ) ;
#5840 = ORIENTED_EDGE ( 'NONE', *, *, #5711, .F. ) ;
#5841 = EDGE_CURVE ( 'NONE', #1516, #10122, #6104, .T. ) ;
#5842 = VECTOR ( 'NONE', #3302, 1000.000000000000000 ) ;
#5843 = ADVANCED_FACE ( 'NONE', ( #2172 ), #10297, .F. ) ;
#5844 = ORIENTED_EDGE ( 'NONE', *, *, #9578, .T. ) ;
#5845 = LINE ( 'NONE', #668, #2990 ) ;
#5846 =( GEOMETRIC_REPRESENTATION_CONTEXT ( 3 ) GLOBAL_UNCERTAINTY_ASSIGNED_CONTEXT ( ( #1659 ) ) GLOBAL_UNIT_ASSIGNED_CONTEXT ( ( #3751, #2804, #1223 ) ) REPRESENTATION_CONTEXT ( 'NONE', 'WORKASPACE' ) );
#5847 = AXIS2_PLACEMENT_3D ( 'NONE', #10416, #1454, #5708 ) ;
#5848 = DIRECTION ( 'NONE',  ( -1.000000000000000000, -0.000000000000000000, -0.000000000000000000 ) ) ;
#5849 = CARTESIAN_POINT ( 'NONE',  ( 0.7249999999999999778, 1.199999999999999734, 0.1750000000000000722 ) ) ;
#5850 = DIRECTION ( 'NONE',  ( 0.000000000000000000, 0.000000000000000000, 1.000000000000000000 ) ) ;
#5851 = ORIENTED_EDGE ( 'NONE', *, *, #7142, .T. ) ;
#5852 = ADVANCED_FACE ( 'NONE', ( #10139 ), #4452, .F. ) ;
#5853 = VECTOR ( 'NONE', #5826, 1000.000000000000000 ) ;
#5854 = EDGE_CURVE ( 'NONE', #4591, #2874, #4502, .T. ) ;
#5855 = CARTESIAN_POINT ( 'NONE',  ( 3.024999999999998579, 1.016439536705160869E-17, 0.3750000000000000555 ) ) ;
#5856 = VERTEX_POINT ( 'NONE', #10239 ) ;
#5857 = LINE ( 'NONE', #8981, #1254 ) ;
#5858 = EDGE_CURVE ( 'NONE', #1990, #79, #7772, .T. ) ;
#5859 = CARTESIAN_POINT ( 'NONE',  ( 4.474999999999996980, 0.3500000000000009215, -1.324999999999999512 ) ) ;
#5860 = DIRECTION ( 'NONE',  ( -1.000000000000000000, -0.000000000000000000, -0.000000000000000000 ) ) ;
#5861 = ORIENTED_EDGE ( 'NONE', *, *, #5336, .T. ) ;
#5862 = CARTESIAN_POINT ( 'NONE',  ( 5.724999999999997868, 4.049999999999999822, 0.4749999999999995337 ) ) ;
#5863 = EDGE_LOOP ( 'NONE', ( #8502, #5465, #1645, #4047 ) ) ;
#5864 = CARTESIAN_POINT ( 'NONE',  ( 0.5249999999999976907, -0.1499999999999963862, -1.474999999999999645 ) ) ;
#5865 = CARTESIAN_POINT ( 'NONE',  ( 2.781793621149188045, 3.450000000000001510, 1.870248747537497357E-14 ) ) ;
#5866 = DIRECTION ( 'NONE',  ( 0.000000000000000000, 0.000000000000000000, -1.000000000000000000 ) ) ;
#5867 = ORIENTED_EDGE ( 'NONE', *, *, #4295, .T. ) ;
#5868 = CARTESIAN_POINT ( 'NONE',  ( 7.375000000000000000, 2.899999999999999911, -0.3249999999999997891 ) ) ;
#5869 = ORIENTED_EDGE ( 'NONE', *, *, #8454, .T. ) ;
#5870 = CARTESIAN_POINT ( 'NONE',  ( 7.781793621149187601, 3.450000000000001510, 1.870248747537497357E-14 ) ) ;
#5871 = SURFACE_STYLE_USAGE ( .BOTH. , #2637 ) ;
#5872 = DIRECTION ( 'NONE',  ( -0.000000000000000000, 0.7071067811865474617, 0.7071067811865474617 ) ) ;
#5873 = LINE ( 'NONE', #4271, #5173 ) ;
#5874 = DIRECTION ( 'NONE',  ( -0.000000000000000000, 0.000000000000000000, -1.000000000000000000 ) ) ;
#5875 = ORIENTED_EDGE ( 'NONE', *, *, #8149, .F. ) ;
#5876 = LINE ( 'NONE', #9972, #4342 ) ;
#5877 = CARTESIAN_POINT ( 'NONE',  ( 4.474999999999996980, 1.449999999999999956, 0.000000000000000000 ) ) ;
#5878 = EDGE_CURVE ( 'NONE', #509, #6997, #8524, .T. ) ;
#5879 = VECTOR ( 'NONE', #7683, 1000.000000000000000 ) ;
#5880 = CARTESIAN_POINT ( 'NONE',  ( 4.474999999999996980, -0.04999999999999636680, -2.375000000000000000 ) ) ;
#5881 = CARTESIAN_POINT ( 'NONE',  ( 5.724999999999997868, 3.050000000000000266, -0.02500000000000021302 ) ) ;
#5882 = ORIENTED_EDGE ( 'NONE', *, *, #8991, .F. ) ;
#5883 = CARTESIAN_POINT ( 'NONE',  ( 7.875000000000000000, 2.349999999999999645, 1.675000000000000266 ) ) ;
#5884 = VERTEX_POINT ( 'NONE', #6156 ) ;
#5885 = VECTOR ( 'NONE', #5942, 1000.000000000000000 ) ;
#5886 = ORIENTED_EDGE ( 'NONE', *, *, #8860, .T. ) ;
#5887 = LINE ( 'NONE', #4286, #346 ) ;
#5888 = VECTOR ( 'NONE', #2858, 1000.000000000000000 ) ;
#5889 = DIRECTION ( 'NONE',  ( 0.000000000000000000, 0.000000000000000000, 1.000000000000000000 ) ) ;
#5890 = VECTOR ( 'NONE', #7263, 1000.000000000000000 ) ;
#5891 = VERTEX_POINT ( 'NONE', #2959 ) ;
#5892 = VECTOR ( 'NONE', #1333, 1000.000000000000000 ) ;
#5893 = LINE ( 'NONE', #2001, #6919 ) ;
#5894 = EDGE_CURVE ( 'NONE', #3051, #8962, #6052, .T. ) ;
#5895 = MECHANICAL_DESIGN_GEOMETRIC_PRESENTATION_REPRESENTATION (  '', ( #1147 ), #6048 ) ;
#5896 = LINE ( 'NONE', #9939, #4866 ) ;
#5897 = DIRECTION ( 'NONE',  ( 1.000000000000000000, 0.000000000000000000, 0.000000000000000000 ) ) ;
#5898 = DIRECTION ( 'NONE',  ( 0.000000000000000000, -4.336808689942002452E-16, 1.000000000000000000 ) ) ;
#5899 = EDGE_CURVE ( 'NONE', #717, #451, #9279, .T. ) ;
#5900 = VECTOR ( 'NONE', #3328, 1000.000000000000000 ) ;
#5901 = ORIENTED_EDGE ( 'NONE', *, *, #3242, .T. ) ;
#5902 = PRESENTATION_STYLE_ASSIGNMENT (( #4296 ) ) ;
#5903 = VERTEX_POINT ( 'NONE', #9325 ) ;
#5904 = VECTOR ( 'NONE', #5889, 1000.000000000000000 ) ;
#5905 = CARTESIAN_POINT ( 'NONE',  ( 1.774999999999999245, 4.049999999999999822, 0.4749999999999995337 ) ) ;
#5906 = LINE ( 'NONE', #3499, #1761 ) ;
#5907 = EDGE_CURVE ( 'NONE', #2344, #1983, #1222, .T. ) ;
#5908 = VERTEX_POINT ( 'NONE', #494 ) ;
#5909 = DIRECTION ( 'NONE',  ( 0.000000000000000000, -0.7071067811865472397, -0.7071067811865479058 ) ) ;
#5910 = ADVANCED_FACE ( 'NONE', ( #7723 ), #443, .F. ) ;
#5911 = ADVANCED_FACE ( 'NONE', ( #3646 ), #5399, .F. ) ;
#5912 = ORIENTED_EDGE ( 'NONE', *, *, #2838, .F. ) ;
#5913 = DIRECTION ( 'NONE',  ( -1.000000000000000000, -0.000000000000000000, 0.000000000000000000 ) ) ;
#5914 = VECTOR ( 'NONE', #5045, 1000.000000000000000 ) ;
#5915 = DIRECTION ( 'NONE',  ( -1.000000000000000000, 0.000000000000000000, 0.000000000000000000 ) ) ;
#5916 = DIRECTION ( 'NONE',  ( -0.000000000000000000, -0.7071067811865474617, 0.7071067811865474617 ) ) ;
#5917 = DIRECTION ( 'NONE',  ( -1.000000000000000000, -0.000000000000000000, -0.000000000000000000 ) ) ;
#5918 = ORIENTED_EDGE ( 'NONE', *, *, #9251, .F. ) ;
#5919 = LINE ( 'NONE', #6116, #6854 ) ;
#5920 = CARTESIAN_POINT ( 'NONE',  ( -6.875000000000000000, 3.950000000000000178, 0.3750000000000001110 ) ) ;
#5921 =( GEOMETRIC_REPRESENTATION_CONTEXT ( 3 ) GLOBAL_UNCERTAINTY_ASSIGNED_CONTEXT ( ( #2337 ) ) GLOBAL_UNIT_ASSIGNED_CONTEXT ( ( #3431, #5677, #2488 ) ) REPRESENTATION_CONTEXT ( 'NONE', 'WORKASPACE' ) );
#5922 = FACE_OUTER_BOUND ( 'NONE', #4937, .T. ) ;
#5923 = ADVANCED_FACE ( 'NONE', ( #8478 ), #9432, .F. ) ;
#5924 = ORIENTED_EDGE ( 'NONE', *, *, #9710, .T. ) ;
#5925 = DIRECTION ( 'NONE',  ( 1.000000000000000000, 0.000000000000000000, 0.000000000000000000 ) ) ;
#5926 = DIRECTION ( 'NONE',  ( 1.000000000000000000, 0.000000000000000000, -0.000000000000000000 ) ) ;
#5927 = ORIENTED_EDGE ( 'NONE', *, *, #4134, .F. ) ;
#5928 = CARTESIAN_POINT ( 'NONE',  ( 6.249999999999998224, 4.049999999999999822, 0.2749999999999984679 ) ) ;
#5929 = LINE ( 'NONE', #9974, #353 ) ;
#5930 = EDGE_CURVE ( 'NONE', #421, #5425, #4608, .T. ) ;
#5931 = PRESENTATION_STYLE_ASSIGNMENT (( #9351 ) ) ;
#5932 = DIRECTION ( 'NONE',  ( 0.000000000000000000, 0.000000000000000000, -1.000000000000000000 ) ) ;
#5933 = ORIENTED_EDGE ( 'NONE', *, *, #6671, .F. ) ;
#5934 = CARTESIAN_POINT ( 'NONE',  ( 0.000000000000000000, 1.449999999999999956, 0.000000000000000000 ) ) ;
#5935 = EDGE_CURVE ( 'NONE', #1399, #6382, #6971, .T. ) ;
#5936 = ORIENTED_EDGE ( 'NONE', *, *, #7015, .F. ) ;
#5937 = ORIENTED_EDGE ( 'NONE', *, *, #5129, .T. ) ;
#5938 = CIRCLE ( 'NONE', #7499, 0.09999999999999982514 ) ;
#5939 = CARTESIAN_POINT ( 'NONE',  ( 4.474999999999996980, 6.140988867593913192E-18, -0.02500000000000096242 ) ) ;
#5940 = VECTOR ( 'NONE', #4061, 1000.000000000000000 ) ;
#5941 =( LENGTH_UNIT ( ) NAMED_UNIT ( * ) SI_UNIT ( .MILLI., .METRE. ) );
#5942 = DIRECTION ( 'NONE',  ( 0.000000000000000000, -1.000000000000000000, -2.456395547037470490E-16 ) ) ;
#5943 = CARTESIAN_POINT ( 'NONE',  ( 0.7249999999999973133, 0.09999999999999999167, -0.8250000000000010658 ) ) ;
#5944 = LINE ( 'NONE', #4290, #7320 ) ;
#5945 = VECTOR ( 'NONE', #5365, 1000.000000000000000 ) ;
#5946 = EDGE_LOOP ( 'NONE', ( #6126, #3699, #3153, #9462 ) ) ;
#5947 = ORIENTED_EDGE ( 'NONE', *, *, #849, .T. ) ;
#5948 = EDGE_CURVE ( 'NONE', #10504, #5602, #2118, .T. ) ;
#5949 = LINE ( 'NONE', #341, #650 ) ;
#5950 = AXIS2_PLACEMENT_3D ( 'NONE', #7592, #9103, #206 ) ;
#5951 = LINE ( 'NONE', #1219, #10439 ) ;
#5952 = CARTESIAN_POINT ( 'NONE',  ( 4.474999999999998757, 1.449999999999999956, -1.224999999999999645 ) ) ;
#5953 = ORIENTED_EDGE ( 'NONE', *, *, #1073, .F. ) ;
#5954 = FACE_OUTER_BOUND ( 'NONE', #7252, .T. ) ;
#5955 = ORIENTED_EDGE ( 'NONE', *, *, #383, .T. ) ;
#5956 = EDGE_CURVE ( 'NONE', #9034, #347, #1960, .T. ) ;
#5957 = LINE ( 'NONE', #9855, #3381 ) ;
#5958 = FACE_OUTER_BOUND ( 'NONE', #272, .T. ) ;
#5959 = AXIS2_PLACEMENT_3D ( 'NONE', #3816, #3994, #6224 ) ;
#5960 = ORIENTED_EDGE ( 'NONE', *, *, #6331, .F. ) ;
#5961 = EDGE_CURVE ( 'NONE', #9457, #586, #10399, .T. ) ;
#5962 = CARTESIAN_POINT ( 'NONE',  ( 7.375000000000000888, 0.5999999999999999778, 0.2250000000000008105 ) ) ;
#5963 = EDGE_LOOP ( 'NONE', ( #2697, #274, #7026, #1720 ) ) ;
#5964 = DIRECTION ( 'NONE',  ( -4.688441826964343312E-16, -1.000000000000000000, 0.000000000000000000 ) ) ;
#5965 = CARTESIAN_POINT ( 'NONE',  ( -2.500000000000000000, 4.049999999999999822, 0.2749999999999986344 ) ) ;
#5966 = DIRECTION ( 'NONE',  ( 0.000000000000000000, 0.000000000000000000, 1.000000000000000000 ) ) ;
#5967 = CARTESIAN_POINT ( 'NONE',  ( 4.274999999999999467, 1.449999999999999956, 0.1750000000000000722 ) ) ;
#5968 = DIRECTION ( 'NONE',  ( 0.000000000000000000, -3.336006684570783101E-16, 1.000000000000000000 ) ) ;
#5969 = DIRECTION ( 'NONE',  ( 0.000000000000000000, 0.000000000000000000, 1.000000000000000000 ) ) ;
#5970 = DIRECTION ( 'NONE',  ( 0.000000000000000000, -0.000000000000000000, 1.000000000000000000 ) ) ;
#5971 = ADVANCED_FACE ( 'NONE', ( #7254 ), #3071, .F. ) ;
#5972 = CARTESIAN_POINT ( 'NONE',  ( -0.6250000000000014433, -13.83708784390703705, -1.174999999999999822 ) ) ;
#5973 = ADVANCED_FACE ( 'NONE', ( #656 ), #7983, .F. ) ;
#5974 = AXIS2_PLACEMENT_3D ( 'NONE', #6695, #4126, #8999 ) ;
#5975 = CARTESIAN_POINT ( 'NONE',  ( 1.974999999999998090, 4.049999999999999822, 0.2749999999999994671 ) ) ;
#5976 = EDGE_LOOP ( 'NONE', ( #895, #10215, #8211, #3533 ) ) ;
#5977 = LINE ( 'NONE', #9258, #6684 ) ;
#5978 = ORIENTED_EDGE ( 'NONE', *, *, #581, .T. ) ;
#5979 = EDGE_CURVE ( 'NONE', #1440, #9967, #5634, .T. ) ;
#5980 = ORIENTED_EDGE ( 'NONE', *, *, #4236, .F. ) ;
#5981 = DIRECTION ( 'NONE',  ( 0.000000000000000000, 1.000000000000000000, -1.445602896647327084E-15 ) ) ;
#5982 = CARTESIAN_POINT ( 'NONE',  ( 1.974999999999997646, 0.3000000000000009881, -1.625000000000000666 ) ) ;
#5983 = EDGE_CURVE ( 'NONE', #7778, #9352, #600, .T. ) ;
#5984 = ORIENTED_EDGE ( 'NONE', *, *, #7398, .T. ) ;
#5985 = FACE_OUTER_BOUND ( 'NONE', #9747, .T. ) ;
#5986 = SURFACE_STYLE_FILL_AREA ( #4493 ) ;
#5987 = VECTOR ( 'NONE', #4708, 1000.000000000000000 ) ;
#5988 = CARTESIAN_POINT ( 'NONE',  ( 5.724999999999997868, -0.1499999999999963862, -1.474999999999999645 ) ) ;
#5989 = AXIS2_PLACEMENT_3D ( 'NONE', #7388, #893, #8813 ) ;
#5990 = VERTEX_POINT ( 'NONE', #4038 ) ;
#5991 = EDGE_CURVE ( 'NONE', #823, #4166, #3866, .T. ) ;
#5992 = EDGE_CURVE ( 'NONE', #2813, #9083, #20, .T. ) ;
#5993 = STYLED_ITEM ( 'NONE', ( #1624 ), #916 ) ;
#5994 = DIRECTION ( 'NONE',  ( 0.000000000000000000, 3.252606517456514091E-15, -1.000000000000000000 ) ) ;
#5995 = ORIENTED_EDGE ( 'NONE', *, *, #4155, .F. ) ;
#5996 = VECTOR ( 'NONE', #8609, 1000.000000000000000 ) ;
#5997 = FACE_OUTER_BOUND ( 'NONE', #6305, .T. ) ;
#5998 = DIRECTION ( 'NONE',  ( 0.000000000000000000, 1.000000000000000000, 0.000000000000000000 ) ) ;
#5999 = DIRECTION ( 'NONE',  ( 0.000000000000000000, 1.000000000000000000, 0.000000000000000000 ) ) ;
#6000 = ORIENTED_EDGE ( 'NONE', *, *, #6107, .T. ) ;
#6001 = CARTESIAN_POINT ( 'NONE',  ( 4.274999999999998579, 2.899999999999996803, -0.7749999999999999112 ) ) ;
#6002 = VECTOR ( 'NONE', #10086, 1000.000000000000000 ) ;
#6003 = EDGE_LOOP ( 'NONE', ( #8713, #728, #6287, #3909 ) ) ;
#6004 = VECTOR ( 'NONE', #4918, 1000.000000000000000 ) ;
#6005 = LINE ( 'NONE', #6927, #6958 ) ;
#6006 = CARTESIAN_POINT ( 'NONE',  ( 1.774999999999997913, -0.04999999999999567291, -2.474999999999999645 ) ) ;
#6007 = DIRECTION ( 'NONE',  ( 0.000000000000000000, 0.000000000000000000, -1.000000000000000000 ) ) ;
#6008 = ORIENTED_EDGE ( 'NONE', *, *, #7999, .T. ) ;
#6009 = CARTESIAN_POINT ( 'NONE',  ( 5.724999999999997868, 1.449999999999999956, 0.3750000000000000000 ) ) ;
#6010 = CARTESIAN_POINT ( 'NONE',  ( 5.724999999999997868, 0.3500000000000009215, -1.324999999999999512 ) ) ;
#6011 = PLANE ( 'NONE',  #6835 ) ;
#6012 = CARTESIAN_POINT ( 'NONE',  ( 2.874999999999999112, 4.049999999999999822, 0.2749999999999994671 ) ) ;
#6013 = DIRECTION ( 'NONE',  ( 0.000000000000000000, 0.000000000000000000, -1.000000000000000000 ) ) ;
#6014 = EDGE_CURVE ( 'NONE', #4952, #468, #1489, .T. ) ;
#6015 = ORIENTED_EDGE ( 'NONE', *, *, #3826, .T. ) ;
#6016 = PLANE ( 'NONE',  #10331 ) ;
#6017 = FACE_OUTER_BOUND ( 'NONE', #1780, .T. ) ;
#6018 = DIRECTION ( 'NONE',  ( -0.000000000000000000, -0.000000000000000000, -1.000000000000000000 ) ) ;
#6019 = EDGE_CURVE ( 'NONE', #7163, #4505, #304, .T. ) ;
#6020 = ADVANCED_FACE ( 'NONE', ( #9715 ), #2226, .F. ) ;
#6021 = ORIENTED_EDGE ( 'NONE', *, *, #4384, .T. ) ;
#6022 = DIRECTION ( 'NONE',  ( 0.000000000000000000, -0.7071067811865474617, -0.7071067811865474617 ) ) ;
#6023 = LINE ( 'NONE', #1847, #5197 ) ;
#6024 = ORIENTED_EDGE ( 'NONE', *, *, #6443, .T. ) ;
#6025 = DIRECTION ( 'NONE',  ( 1.000000000000000000, 0.000000000000000000, 0.000000000000000000 ) ) ;
#6026 = CARTESIAN_POINT ( 'NONE',  ( 1.774999999999998801, 3.299999999999999822, -0.7749999999999999112 ) ) ;
#6027 = CARTESIAN_POINT ( 'NONE',  ( 3.224999999999997868, 1.449999999999999956, 0.1750000000000000722 ) ) ;
#6028 = ORIENTED_EDGE ( 'NONE', *, *, #8937, .F. ) ;
#6029 = CARTESIAN_POINT ( 'NONE',  ( -1.125000000000000888, 3.950000000000000178, -1.374999999999997558 ) ) ;
#6030 = DIRECTION ( 'NONE',  ( 0.000000000000000000, 1.000000000000000000, 0.000000000000000000 ) ) ;
#6031 = EDGE_LOOP ( 'NONE', ( #2511, #6810, #3439, #248 ) ) ;
#6032 = EDGE_LOOP ( 'NONE', ( #4528, #10288, #7028, #901, #8915, #951, #9396, #5555 ) ) ;
#6033 = EDGE_CURVE ( 'NONE', #5170, #4990, #3238, .T. ) ;
#6034 = CARTESIAN_POINT ( 'NONE',  ( -1.583333333333332371, 3.491666666666668473, -0.9166666666666677399 ) ) ;
#6035 = EDGE_CURVE ( 'NONE', #8266, #9983, #10458, .T. ) ;
#6036 = VECTOR ( 'NONE', #4302, 1000.000000000000000 ) ;
#6037 =( NAMED_UNIT ( * ) PLANE_ANGLE_UNIT ( ) SI_UNIT ( $, .RADIAN. ) );
#6038 = VERTEX_POINT ( 'NONE', #9658 ) ;
#6039 = FACE_OUTER_BOUND ( 'NONE', #6153, .T. ) ;
#6040 = CARTESIAN_POINT ( 'NONE',  ( 4.474999999999996980, -0.04999999999999568678, -2.474999999999999645 ) ) ;
#6041 = VERTEX_POINT ( 'NONE', #5577 ) ;
#6042 = EDGE_CURVE ( 'NONE', #8411, #7319, #8856, .T. ) ;
#6043 = VECTOR ( 'NONE', #3108, 1000.000000000000000 ) ;
#6044 = VECTOR ( 'NONE', #7415, 1000.000000000000000 ) ;
#6045 = EDGE_CURVE ( 'NONE', #9358, #5602, #6448, .T. ) ;
#6046 = CARTESIAN_POINT ( 'NONE',  ( 3.374999999999997780, 3.950000000000000178, 0.1750000000000000999 ) ) ;
#6047 = ORIENTED_EDGE ( 'NONE', *, *, #1163, .F. ) ;
#6048 =( GEOMETRIC_REPRESENTATION_CONTEXT ( 3 ) GLOBAL_UNCERTAINTY_ASSIGNED_CONTEXT ( ( #651 ) ) GLOBAL_UNIT_ASSIGNED_CONTEXT ( ( #5941, #6037, #1905 ) ) REPRESENTATION_CONTEXT ( 'NONE', 'WORKASPACE' ) );
#6049 = DIRECTION ( 'NONE',  ( -0.000000000000000000, -1.000000000000000000, -0.000000000000000000 ) ) ;
#6050 = CARTESIAN_POINT ( 'NONE',  ( 0.7249999999999973133, 0.09999999999999999167, -0.8250000000000010658 ) ) ;
#6051 = VECTOR ( 'NONE', #8076, 1000.000000000000000 ) ;
#6052 = LINE ( 'NONE', #10095, #6751 ) ;
#6053 = EDGE_CURVE ( 'NONE', #7705, #2339, #2400, .T. ) ;
#6054 =( NAMED_UNIT ( * ) SI_UNIT ( $, .STERADIAN. ) SOLID_ANGLE_UNIT ( ) );
#6055 = ORIENTED_EDGE ( 'NONE', *, *, #7950, .F. ) ;
#6056 = CARTESIAN_POINT ( 'NONE',  ( -0.1250000000000018319, 3.950000000000000178, 0.8749999999999996669 ) ) ;
#6057 = DIRECTION ( 'NONE',  ( -0.5773502691896257311, 0.5773502691896257311, 0.5773502691896257311 ) ) ;
#6058 = VECTOR ( 'NONE', #7238, 1000.000000000000000 ) ;
#6059 = DIRECTION ( 'NONE',  ( 0.000000000000000000, -0.7071067811865472397, -0.7071067811865479058 ) ) ;
#6060 = ORIENTED_EDGE ( 'NONE', *, *, #9540, .F. ) ;
#6061 = VECTOR ( 'NONE', #2204, 1000.000000000000000 ) ;
#6062 = LINE ( 'NONE', #3511, #5733 ) ;
#6063 = ORIENTED_EDGE ( 'NONE', *, *, #1376, .T. ) ;
#6064 = CARTESIAN_POINT ( 'NONE',  ( 4.474999999999999645, 4.049999999999999822, -1.174999999999999822 ) ) ;
#6065 = ORIENTED_EDGE ( 'NONE', *, *, #9789, .T. ) ;
#6066 = FACE_OUTER_BOUND ( 'NONE', #917, .T. ) ;
#6067 = DIRECTION ( 'NONE',  ( -1.000000000000000000, -0.000000000000000000, -0.000000000000000000 ) ) ;
#6068 = DIRECTION ( 'NONE',  ( 0.000000000000000000, 0.000000000000000000, -1.000000000000000000 ) ) ;
#6069 = CARTESIAN_POINT ( 'NONE',  ( 3.224999999999997424, 0.1000000000000020872, -1.224999999999998312 ) ) ;
#6070 = ORIENTED_EDGE ( 'NONE', *, *, #10526, .T. ) ;
#6071 = LINE ( 'NONE', #1241, #1476 ) ;
#6072 = DIRECTION ( 'NONE',  ( 0.000000000000000000, -4.336808689942002452E-16, 1.000000000000000000 ) ) ;
#6073 = VECTOR ( 'NONE', #883, 1000.000000000000000 ) ;
#6074 = PLANE ( 'NONE',  #3225 ) ;
#6075 = VERTEX_POINT ( 'NONE', #3806 ) ;
#6076 = LINE ( 'NONE', #2930, #1879 ) ;
#6077 = ORIENTED_EDGE ( 'NONE', *, *, #3121, .T. ) ;
#6078 = MECHANICAL_DESIGN_GEOMETRIC_PRESENTATION_REPRESENTATION (  '', ( #8635 ), #4228 ) ;
#6079 = DIRECTION ( 'NONE',  ( -0.000000000000000000, 1.000000000000000000, 0.000000000000000000 ) ) ;
#6080 = ORIENTED_EDGE ( 'NONE', *, *, #2713, .F. ) ;
#6081 = CARTESIAN_POINT ( 'NONE',  ( 5.724999999999998757, 2.899999999999996803, -0.7749999999999999112 ) ) ;
#6082 = DIRECTION ( 'NONE',  ( 0.000000000000000000, -1.000000000000000000, 0.000000000000000000 ) ) ;
#6083 = EDGE_LOOP ( 'NONE', ( #1546, #9505, #4799, #8730 ) ) ;
#6084 = FACE_OUTER_BOUND ( 'NONE', #3296, .T. ) ;
#6085 = CYLINDRICAL_SURFACE ( 'NONE', #4996, 0.05000000000000012768 ) ;
#6086 = ORIENTED_EDGE ( 'NONE', *, *, #7807, .T. ) ;
#6087 = ORIENTED_EDGE ( 'NONE', *, *, #4262, .T. ) ;
#6088 = CARTESIAN_POINT ( 'NONE',  ( 5.374999999999999112, 4.049999999999999822, 0.1750000000000000999 ) ) ;
#6089 = VECTOR ( 'NONE', #3945, 999.9999999999998863 ) ;
#6090 = EDGE_CURVE ( 'NONE', #2659, #3478, #6502, .T. ) ;
#6091 = ADVANCED_FACE ( 'NONE', ( #4885 ), #10344, .F. ) ;
#6092 = AXIS2_PLACEMENT_3D ( 'NONE', #8964, #2495, #5738 ) ;
#6093 = DIRECTION ( 'NONE',  ( -1.000000000000000000, -0.000000000000000000, -0.000000000000000000 ) ) ;
#6094 = DIRECTION ( 'NONE',  ( -0.000000000000000000, -1.000000000000000000, -2.282530889443167515E-16 ) ) ;
#6095 = CARTESIAN_POINT ( 'NONE',  ( 1.624999999999999334, 1.199999999999999734, 0.1750000000000000999 ) ) ;
#6096 = CARTESIAN_POINT ( 'NONE',  ( 0.2499999999999976130, 0.000000000000000000, 2.075000000000000622 ) ) ;
#6097 = ORIENTED_EDGE ( 'NONE', *, *, #1672, .T. ) ;
#6098 = VECTOR ( 'NONE', #9738, 1000.000000000000000 ) ;
#6099 = EDGE_CURVE ( 'NONE', #5891, #4665, #7926, .T. ) ;
#6100 = ORIENTED_EDGE ( 'NONE', *, *, #9997, .T. ) ;
#6101 = FACE_OUTER_BOUND ( 'NONE', #7925, .T. ) ;
#6102 = EDGE_CURVE ( 'NONE', #6710, #4840, #6767, .T. ) ;
#6103 = VERTEX_POINT ( 'NONE', #3292 ) ;
#6104 = LINE ( 'NONE', #5339, #7446 ) ;
#6105 = PRESENTATION_LAYER_ASSIGNMENT (  '', '', ( #9365 ) ) ;
#6106 = CARTESIAN_POINT ( 'NONE',  ( -0.7250000000000008660, 4.049999999999999822, 0.000000000000000000 ) ) ;
#6107 = EDGE_CURVE ( 'NONE', #6523, #994, #6618, .T. ) ;
#6108 = EDGE_LOOP ( 'NONE', ( #1981, #5869, #5192, #9645, #8969, #5837 ) ) ;
#6109 = CARTESIAN_POINT ( 'NONE',  ( 6.531793621149187601, 6.140988867593913192E-18, -0.02500000000000096242 ) ) ;
#6110 = ORIENTED_EDGE ( 'NONE', *, *, #5250, .T. ) ;
#6111 = CARTESIAN_POINT ( 'NONE',  ( 0.5249999999999985789, 3.299999999999999822, -0.9349999999999998312 ) ) ;
#6112 = EDGE_CURVE ( 'NONE', #8292, #5505, #7370, .T. ) ;
#6113 = PLANE ( 'NONE',  #10033 ) ;
#6114 = EDGE_CURVE ( 'NONE', #118, #9758, #1028, .T. ) ;
#6115 = ORIENTED_EDGE ( 'NONE', *, *, #177, .F. ) ;
#6116 = CARTESIAN_POINT ( 'NONE',  ( -6.875000000000000000, 4.000000000000000000, -1.224999999999999645 ) ) ;
#6117 = LINE ( 'NONE', #4413, #2744 ) ;
#6118 = DIRECTION ( 'NONE',  ( 0.000000000000000000, 1.000000000000000000, 0.000000000000000000 ) ) ;
#6119 = DIRECTION ( 'NONE',  ( -1.000000000000000000, 0.000000000000000000, 0.000000000000000000 ) ) ;
#6120 = LINE ( 'NONE', #4369, #7237 ) ;
#6121 = ORIENTED_EDGE ( 'NONE', *, *, #4359, .F. ) ;
#6122 = CARTESIAN_POINT ( 'NONE',  ( 6.591666666666665009, 2.683333333333328685, 3.158333333333329662 ) ) ;
#6123 = CARTESIAN_POINT ( 'NONE',  ( 0.7249999999999990896, 3.299999999999999822, -0.7749999999999999112 ) ) ;
#6124 = ORIENTED_EDGE ( 'NONE', *, *, #3758, .F. ) ;
#6125 = DIRECTION ( 'NONE',  ( -1.000000000000000000, -0.000000000000000000, -0.000000000000000000 ) ) ;
#6126 = ORIENTED_EDGE ( 'NONE', *, *, #10441, .F. ) ;
#6127 = VECTOR ( 'NONE', #5872, 1000.000000000000114 ) ;
#6128 = CARTESIAN_POINT ( 'NONE',  ( 4.124999999999999112, 4.049999999999999822, 0.2749999999999994671 ) ) ;
#6129 = EDGE_CURVE ( 'NONE', #2766, #8824, #927, .T. ) ;
#6130 = ORIENTED_EDGE ( 'NONE', *, *, #2954, .F. ) ;
#6131 = LINE ( 'NONE', #7956, #3018 ) ;
#6132 = ORIENTED_EDGE ( 'NONE', *, *, #2349, .F. ) ;
#6133 = LINE ( 'NONE', #471, #5199 ) ;
#6134 = CARTESIAN_POINT ( 'NONE',  ( 7.500000000000000000, 0.000000000000000000, -1.224999999999999645 ) ) ;
#6135 = ORIENTED_EDGE ( 'NONE', *, *, #3495, .T. ) ;
#6136 = DIRECTION ( 'NONE',  ( 0.000000000000000000, -1.000000000000000000, -2.456395547037470490E-16 ) ) ;
#6137 = LINE ( 'NONE', #8665, #2939 ) ;
#6138 = VERTEX_POINT ( 'NONE', #7523 ) ;
#6139 = ORIENTED_EDGE ( 'NONE', *, *, #1918, .T. ) ;
#6140 = VECTOR ( 'NONE', #2918, 1000.000000000000000 ) ;
#6141 = DIRECTION ( 'NONE',  ( 0.000000000000000000, -1.000000000000000000, -2.456395547037470490E-16 ) ) ;
#6142 = EDGE_CURVE ( 'NONE', #1158, #8568, #5086, .T. ) ;
#6143 = AXIS2_PLACEMENT_3D ( 'NONE', #4638, #3780, #6477 ) ;
#6144 = CARTESIAN_POINT ( 'NONE',  ( 0.5249999999999985789, 3.299999999999999822, -0.7749999999999999112 ) ) ;
#6145 = ORIENTED_EDGE ( 'NONE', *, *, #7669, .F. ) ;
#6146 = DIRECTION ( 'NONE',  ( 0.000000000000000000, 0.000000000000000000, 1.000000000000000000 ) ) ;
#6147 = CARTESIAN_POINT ( 'NONE',  ( 5.524999999999998579, 4.049999999999999822, 0.4749999999999995337 ) ) ;
#6148 = EDGE_CURVE ( 'NONE', #8264, #9549, #1861, .T. ) ;
#6149 = CARTESIAN_POINT ( 'NONE',  ( 3.024999999999998579, 3.299999999999999822, -1.224999999999999645 ) ) ;
#6150 = ORIENTED_EDGE ( 'NONE', *, *, #214, .T. ) ;
#6151 = ADVANCED_FACE ( 'NONE', ( #1810 ), #2654, .F. ) ;
#6152 = EDGE_CURVE ( 'NONE', #1024, #7106, #4247, .T. ) ;
#6153 = EDGE_LOOP ( 'NONE', ( #10454, #10184, #9146, #7387, #2905 ) ) ;
#6154 = CARTESIAN_POINT ( 'NONE',  ( 1.974999999999999423, 3.299999999999999822, -1.224999999999999645 ) ) ;
#6155 = VECTOR ( 'NONE', #6466, 1000.000000000000000 ) ;
#6156 = CARTESIAN_POINT ( 'NONE',  ( 1.774999999999998801, 1.449999999999999956, -0.02500000000000060854 ) ) ;
#6157 = ORIENTED_EDGE ( 'NONE', *, *, #5072, .T. ) ;
#6158 = DIRECTION ( 'NONE',  ( 4.688441826964343312E-16, 1.000000000000000000, -0.000000000000000000 ) ) ;
#6159 = EDGE_CURVE ( 'NONE', #7859, #4855, #8371, .T. ) ;
#6160 = EDGE_LOOP ( 'NONE', ( #3137, #2951, #8075, #2209 ) ) ;
#6161 = EDGE_CURVE ( 'NONE', #6832, #222, #9989, .T. ) ;
#6162 = VECTOR ( 'NONE', #4625, 1000.000000000000000 ) ;
#6163 = VECTOR ( 'NONE', #4644, 1000.000000000000000 ) ;
#6164 = CARTESIAN_POINT ( 'NONE',  ( 0.5249999999999985789, 6.140988867593913192E-18, -0.02500000000000096242 ) ) ;
#6165 = LINE ( 'NONE', #3196, #1980 ) ;
#6166 = ORIENTED_EDGE ( 'NONE', *, *, #3636, .T. ) ;
#6167 = FACE_OUTER_BOUND ( 'NONE', #5014, .T. ) ;
#6168 = LINE ( 'NONE', #5254, #7679 ) ;
#6169 = CARTESIAN_POINT ( 'NONE',  ( 1.974999999999997646, 0.4999999999999998890, -0.8249999999999997335 ) ) ;
#6170 = LINE ( 'NONE', #1342, #130 ) ;
#6171 = FACE_OUTER_BOUND ( 'NONE', #8204, .T. ) ;
#6172 = CLOSED_SHELL ( 'NONE', ( #7728, #9140, #4935, #8821, #9127, #2000, #9449 ) ) ;
#6173 = VERTEX_POINT ( 'NONE', #3488 ) ;
#6174 = CARTESIAN_POINT ( 'NONE',  ( -1.125000000000000888, 3.950000000000000178, 0.1750000000000002387 ) ) ;
#6175 = CARTESIAN_POINT ( 'NONE',  ( 13.12499999999999822, 3.950000000000000178, -1.174999999999999822 ) ) ;
#6176 = VERTEX_POINT ( 'NONE', #4986 ) ;
#6177 = CARTESIAN_POINT ( 'NONE',  ( 1.974999999999997646, -0.1499999999999963862, -1.474999999999999645 ) ) ;
#6178 = ORIENTED_EDGE ( 'NONE', *, *, #8332, .F. ) ;
#6179 = EDGE_CURVE ( 'NONE', #8893, #6413, #8162, .T. ) ;
#6180 = CARTESIAN_POINT ( 'NONE',  ( 7.375000000000000000, 3.399999999999999911, -1.174999999999999822 ) ) ;
#6181 = DIRECTION ( 'NONE',  ( -0.000000000000000000, -1.000000000000000000, -1.251002506714043540E-16 ) ) ;
#6182 = EDGE_LOOP ( 'NONE', ( #3300, #9328, #6505, #4172 ) ) ;
#6183 = ORIENTED_EDGE ( 'NONE', *, *, #5580, .F. ) ;
#6184 = AXIS2_PLACEMENT_3D ( 'NONE', #7684, #9291, #5414 ) ;
#6185 = EDGE_CURVE ( 'NONE', #10228, #3561, #1719, .T. ) ;
#6186 = DIRECTION ( 'NONE',  ( 0.000000000000000000, 1.000000000000000000, 0.000000000000000000 ) ) ;
#6187 = ORIENTED_EDGE ( 'NONE', *, *, #605, .F. ) ;
#6188 = ORIENTED_EDGE ( 'NONE', *, *, #2072, .T. ) ;
#6189 = CARTESIAN_POINT ( 'NONE',  ( -8.125000000000000000, 3.950000000000000178, 0.3750000000000001110 ) ) ;
#6190 = EDGE_LOOP ( 'NONE', ( #4941, #8299, #2673, #8289, #2101, #6735 ) ) ;
#6191 = LINE ( 'NONE', #2207, #2422 ) ;
#6192 = DIRECTION ( 'NONE',  ( 0.000000000000000000, 0.000000000000000000, -1.000000000000000000 ) ) ;
#6193 = VERTEX_POINT ( 'NONE', #1907 ) ;
#6194 = ORIENTED_EDGE ( 'NONE', *, *, #1243, .T. ) ;
#6195 = DIRECTION ( 'NONE',  ( 1.000000000000000000, 0.000000000000000000, 0.000000000000000000 ) ) ;
#6196 = PLANE ( 'NONE',  #2158 ) ;
#6197 = ORIENTED_EDGE ( 'NONE', *, *, #3231, .T. ) ;
#6198 = DIRECTION ( 'NONE',  ( -1.000000000000000000, 0.000000000000000000, 0.000000000000000000 ) ) ;
#6199 = EDGE_LOOP ( 'NONE', ( #9386, #9150, #8157, #5327 ) ) ;
#6200 = CARTESIAN_POINT ( 'NONE',  ( 5.281793621149187601, 3.050000000000000266, 0.000000000000000000 ) ) ;
#6201 = CARTESIAN_POINT ( 'NONE',  ( 7.875000000000000000, 4.049999999999999822, 1.675000000000000266 ) ) ;
#6202 = UNCERTAINTY_MEASURE_WITH_UNIT (LENGTH_MEASURE( 1.000000000000000082E-05 ), #5016, 'distance_accuracy_value', 'NONE');
#6203 = LINE ( 'NONE', #8573, #2564 ) ;
#6204 = ORIENTED_EDGE ( 'NONE', *, *, #9005, .F. ) ;
#6205 = VECTOR ( 'NONE', #5966, 1000.000000000000000 ) ;
#6206 = ADVANCED_FACE ( 'NONE', ( #8268 ), #974, .F. ) ;
#6207 = ORIENTED_EDGE ( 'NONE', *, *, #3436, .F. ) ;
#6208 = CARTESIAN_POINT ( 'NONE',  ( -1.625000000000001332, 4.049999999999999822, 0.2749999999999996336 ) ) ;
#6209 = EDGE_CURVE ( 'NONE', #845, #8610, #5896, .T. ) ;
#6210 = DIRECTION ( 'NONE',  ( 0.000000000000000000, 1.000000000000000000, 0.000000000000000000 ) ) ;
#6211 = ORIENTED_EDGE ( 'NONE', *, *, #5178, .F. ) ;
#6212 = DIRECTION ( 'NONE',  ( -1.000000000000000000, -0.000000000000000000, -0.000000000000000000 ) ) ;
#6213 = VECTOR ( 'NONE', #1765, 1000.000000000000000 ) ;
#6214 = ORIENTED_EDGE ( 'NONE', *, *, #6732, .T. ) ;
#6215 = VECTOR ( 'NONE', #3074, 1000.000000000000000 ) ;
#6216 = CARTESIAN_POINT ( 'NONE',  ( 3.024999999999997691, 0.3500000000000009215, -1.324999999999999512 ) ) ;
#6217 = VECTOR ( 'NONE', #6007, 1000.000000000000000 ) ;
#6218 = EDGE_CURVE ( 'NONE', #3887, #4820, #9833, .T. ) ;
#6219 = DIRECTION ( 'NONE',  ( 0.000000000000000000, 0.000000000000000000, -1.000000000000000000 ) ) ;
#6220 = ORIENTED_EDGE ( 'NONE', *, *, #5715, .T. ) ;
#6221 = CONTEXT_DEPENDENT_SHAPE_REPRESENTATION ( #4851, #4674 ) ;
#6222 = PLANE ( 'NONE',  #9410 ) ;
#6223 = ADVANCED_FACE ( 'NONE', ( #6667 ), #4936, .F. ) ;
#6224 = DIRECTION ( 'NONE',  ( 0.000000000000000000, 0.000000000000000000, 1.000000000000000000 ) ) ;
#6225 = LINE ( 'NONE', #7736, #2969 ) ;
#6226 = EDGE_CURVE ( 'NONE', #5891, #9457, #9524, .T. ) ;
#6227 = DIRECTION ( 'NONE',  ( -1.807003620809174632E-16, 0.000000000000000000, -1.000000000000000000 ) ) ;
#6228 = ORIENTED_EDGE ( 'NONE', *, *, #483, .T. ) ;
#6229 = CARTESIAN_POINT ( 'NONE',  ( 7.575000000000000178, 0.000000000000000000, 0.2250000000000008105 ) ) ;
#6230 = LINE ( 'NONE', #2190, #7406 ) ;
#6231 = EDGE_LOOP ( 'NONE', ( #7177, #1051, #384, #7773 ) ) ;
#6232 = FACE_OUTER_BOUND ( 'NONE', #8328, .T. ) ;
#6233 = AXIS2_PLACEMENT_3D ( 'NONE', #3394, #6615, #6665 ) ;
#6234 = LINE ( 'NONE', #7896, #1101 ) ;
#6235 = CARTESIAN_POINT ( 'NONE',  ( 7.875000000000000000, 1.999999999999999112, 2.475000000000000089 ) ) ;
#6236 = ORIENTED_EDGE ( 'NONE', *, *, #5348, .F. ) ;
#6237 = VERTEX_POINT ( 'NONE', #7711 ) ;
#6238 = EDGE_CURVE ( 'NONE', #1297, #1434, #9315, .T. ) ;
#6239 = LINE ( 'NONE', #2200, #7641 ) ;
#6240 = ORIENTED_EDGE ( 'NONE', *, *, #4956, .F. ) ;
#6241 = DIRECTION ( 'NONE',  ( 0.000000000000000000, 0.000000000000000000, -1.000000000000000000 ) ) ;
#6242 = EDGE_LOOP ( 'NONE', ( #8563, #3542, #4462, #10407 ) ) ;
#6243 = PLANE ( 'NONE',  #2516 ) ;
#6244 = VECTOR ( 'NONE', #1050, 1000.000000000000000 ) ;
#6245 = CARTESIAN_POINT ( 'NONE',  ( 0.7249999999999999778, 1.199999999999999734, 0.1750000000000000722 ) ) ;
#6246 = ORIENTED_EDGE ( 'NONE', *, *, #1311, .T. ) ;
#6247 = LINE ( 'NONE', #9521, #228 ) ;
#6248 = CARTESIAN_POINT ( 'NONE',  ( 6.974999999999995204, 4.049999999999999822, -1.775000000000000355 ) ) ;
#6249 = ORIENTED_EDGE ( 'NONE', *, *, #281, .T. ) ;
#6250 = EDGE_LOOP ( 'NONE', ( #6662, #1985, #6065, #5683, #7520 ) ) ;
#6251 = CARTESIAN_POINT ( 'NONE',  ( 4.274999999999997691, 0.5000000000000022204, -1.324999999999999734 ) ) ;
#6252 = ADVANCED_FACE ( 'NONE', ( #5497 ), #6818, .T. ) ;
#6253 = STYLED_ITEM ( 'NONE', ( #5931 ), #8214 ) ;
#6254 = DIRECTION ( 'NONE',  ( 0.000000000000000000, 8.642948658383688297E-16, 1.000000000000000000 ) ) ;
#6255 = EDGE_CURVE ( 'NONE', #3407, #8666, #2749, .T. ) ;
#6256 = ORIENTED_EDGE ( 'NONE', *, *, #3432, .T. ) ;
#6257 = ADVANCED_FACE ( 'NONE', ( #5985 ), #2004, .F. ) ;
#6258 = DIRECTION ( 'NONE',  ( 0.000000000000000000, 0.000000000000000000, 1.000000000000000000 ) ) ;
#6259 = VECTOR ( 'NONE', #8994, 1000.000000000000000 ) ;
#6260 = LINE ( 'NONE', #3737, #2926 ) ;
#6261 = VECTOR ( 'NONE', #3365, 1000.000000000000000 ) ;
#6262 = DIRECTION ( 'NONE',  ( 0.000000000000000000, 3.336006684570783101E-16, -1.000000000000000000 ) ) ;
#6263 = CARTESIAN_POINT ( 'NONE',  ( 0.7249999999999999778, 1.199999999999999734, 0.1750000000000000722 ) ) ;
#6264 = ORIENTED_EDGE ( 'NONE', *, *, #3633, .T. ) ;
#6265 = AXIS2_PLACEMENT_3D ( 'NONE', #5839, #1805, #1858 ) ;
#6266 = ORIENTED_EDGE ( 'NONE', *, *, #1163, .T. ) ;
#6267 = LINE ( 'NONE', #1436, #2341 ) ;
#6268 = DIRECTION ( 'NONE',  ( -0.000000000000000000, 1.445602896647327084E-15, 1.000000000000000000 ) ) ;
#6269 = FILL_AREA_STYLE_COLOUR ( '', #1263 ) ;
#6270 = ORIENTED_EDGE ( 'NONE', *, *, #6891, .F. ) ;
#6271 = DIRECTION ( 'NONE',  ( -0.000000000000000000, 0.000000000000000000, 1.000000000000000000 ) ) ;
#6272 = VECTOR ( 'NONE', #1296, 1000.000000000000000 ) ;
#6273 = ORIENTED_EDGE ( 'NONE', *, *, #4447, .T. ) ;
#6274 = EDGE_CURVE ( 'NONE', #8373, #945, #5436, .T. ) ;
#6275 = DIRECTION ( 'NONE',  ( -0.5773502691896257311, 0.5773502691896257311, -0.5773502691896257311 ) ) ;
#6276 = EDGE_LOOP ( 'NONE', ( #8595, #9479, #6976, #5273 ) ) ;
#6277 = AXIS2_PLACEMENT_3D ( 'NONE', #4088, #7978, #813 ) ;
#6278 = ORIENTED_EDGE ( 'NONE', *, *, #10523, .T. ) ;
#6279 = DIRECTION ( 'NONE',  ( 0.000000000000000000, -0.000000000000000000, 1.000000000000000000 ) ) ;
#6280 = LINE ( 'NONE', #3935, #8799 ) ;
#6281 = CARTESIAN_POINT ( 'NONE',  ( 5.281793621149187601, 1.016439536705160869E-17, 0.3750000000000000555 ) ) ;
#6282 = DIRECTION ( 'NONE',  ( -0.000000000000000000, -4.553649124439118623E-15, 1.000000000000000000 ) ) ;
#6283 = DIRECTION ( 'NONE',  ( 0.000000000000000000, 1.000000000000000000, 0.000000000000000000 ) ) ;
#6284 = VERTEX_POINT ( 'NONE', #1952 ) ;
#6285 = DIRECTION ( 'NONE',  ( 1.000000000000000000, 0.000000000000000000, 0.000000000000000000 ) ) ;
#6286 = CARTESIAN_POINT ( 'NONE',  ( -1.125000000000001776, 0.2500000000000000000, 2.475000000000000089 ) ) ;
#6287 = ORIENTED_EDGE ( 'NONE', *, *, #7249, .T. ) ;
#6288 = CARTESIAN_POINT ( 'NONE',  ( 0.5249999999999985789, 1.016439536705160869E-17, 0.3750000000000000555 ) ) ;
#6289 = CARTESIAN_POINT ( 'NONE',  ( 4.624999999999998224, 2.649999999999998135, 1.075000000000000400 ) ) ;
#6290 = CARTESIAN_POINT ( 'NONE',  ( -1.625000000000001332, 0.5999999999999999778, 0.2250000000000008105 ) ) ;
#6291 = EDGE_CURVE ( 'NONE', #1757, #7705, #1210, .T. ) ;
#6292 = VERTEX_POINT ( 'NONE', #8420 ) ;
#6293 = ORIENTED_EDGE ( 'NONE', *, *, #9321, .F. ) ;
#6294 = DIRECTION ( 'NONE',  ( -1.000000000000000000, 0.000000000000000000, -0.000000000000000000 ) ) ;
#6295 = VERTEX_POINT ( 'NONE', #5176 ) ;
#6296 = CARTESIAN_POINT ( 'NONE',  ( 4.474999999999996980, 3.449999999999999734, 0.2950000000000000400 ) ) ;
#6297 = ORIENTED_EDGE ( 'NONE', *, *, #5792, .F. ) ;
#6298 = CARTESIAN_POINT ( 'NONE',  ( 5.524999999999998579, 1.449999999999999956, 0.000000000000000000 ) ) ;
#6299 = PLANE ( 'NONE',  #9958 ) ;
#6300 = ORIENTED_EDGE ( 'NONE', *, *, #4240, .F. ) ;
#6301 = DIRECTION ( 'NONE',  ( 0.000000000000000000, -3.336006684570783101E-16, 1.000000000000000000 ) ) ;
#6302 = FACE_OUTER_BOUND ( 'NONE', #9841, .T. ) ;
#6303 = ORIENTED_EDGE ( 'NONE', *, *, #8800, .T. ) ;
#6304 = LINE ( 'NONE', #8468, #9159 ) ;
#6305 = EDGE_LOOP ( 'NONE', ( #6555, #3671, #10097, #10302 ) ) ;
#6306 = CARTESIAN_POINT ( 'NONE',  ( -0.7250000000000008660, 4.049999999999999822, 0.9749999999999993117 ) ) ;
#6307 = EDGE_CURVE ( 'NONE', #451, #1144, #7911, .T. ) ;
#6308 = EDGE_CURVE ( 'NONE', #9983, #3576, #6304, .T. ) ;
#6309 = CARTESIAN_POINT ( 'NONE',  ( 7.575000000000000178, 0.000000000000000000, 2.475000000000000089 ) ) ;
#6310 = CARTESIAN_POINT ( 'NONE',  ( 3.224999999999997424, 1.449999999999999956, -0.02500000000000060854 ) ) ;
#6311 = AXIS2_PLACEMENT_3D ( 'NONE', #1056, #4270, #2729 ) ;
#6312 = ORIENTED_EDGE ( 'NONE', *, *, #6389, .T. ) ;
#6313 = ADVANCED_FACE ( 'NONE', ( #4389 ), #376, .F. ) ;
#6314 = LINE ( 'NONE', #10107, #7620 ) ;
#6315 = CARTESIAN_POINT ( 'NONE',  ( 1.974999999999997646, 0.09999999999999999167, -0.8250000000000010658 ) ) ;
#6316 = VECTOR ( 'NONE', #2078, 1000.000000000000000 ) ;
#6317 = ORIENTED_EDGE ( 'NONE', *, *, #1257, .F. ) ;
#6318 = DIRECTION ( 'NONE',  ( -0.7071067811865490160, -0.000000000000000000, 0.7071067811865460184 ) ) ;
#6319 = LINE ( 'NONE', #4930, #2021 ) ;
#6320 = CARTESIAN_POINT ( 'NONE',  ( 1.974999999999999423, 3.299999999999999822, -0.9349999999999998312 ) ) ;
#6321 = VERTEX_POINT ( 'NONE', #3617 ) ;
#6322 = ADVANCED_FACE ( 'NONE', ( #1977 ), #6847, .F. ) ;
#6323 = DIRECTION ( 'NONE',  ( 0.000000000000000000, -0.000000000000000000, 1.000000000000000000 ) ) ;
#6324 = AXIS2_PLACEMENT_3D ( 'NONE', #1036, #7533, #9182 ) ;
#6325 = ORIENTED_EDGE ( 'NONE', *, *, #7731, .F. ) ;
#6326 = CARTESIAN_POINT ( 'NONE',  ( 4.274999999999999467, 4.049999999999999822, 0.2749999999999994116 ) ) ;
#6327 = VECTOR ( 'NONE', #5372, 1000.000000000000000 ) ;
#6328 = DIRECTION ( 'NONE',  ( -1.000000000000000000, -0.000000000000000000, 0.000000000000000000 ) ) ;
#6329 = VERTEX_POINT ( 'NONE', #1889 ) ;
#6330 = CARTESIAN_POINT ( 'NONE',  ( 4.274999999999998579, 3.299999999999999822, -0.7749999999999999112 ) ) ;
#6331 = EDGE_CURVE ( 'NONE', #2724, #8091, #5876, .T. ) ;
#6332 = ORIENTED_EDGE ( 'NONE', *, *, #4848, .F. ) ;
#6333 = AXIS2_PLACEMENT_3D ( 'NONE', #5565, #4656, #8845 ) ;
#6334 = LINE ( 'NONE', #7199, #1496 ) ;
#6335 = ORIENTED_EDGE ( 'NONE', *, *, #3882, .F. ) ;
#6336 = PLANE ( 'NONE',  #10520 ) ;
#6337 = VERTEX_POINT ( 'NONE', #9205 ) ;
#6338 = CARTESIAN_POINT ( 'NONE',  ( -1.625000000000001332, 1.899999999999999911, 1.825000000000000622 ) ) ;
#6339 = CARTESIAN_POINT ( 'NONE',  ( -1.125000000000000888, 2.899999999999999911, 0.1750000000000002387 ) ) ;
#6340 = DIRECTION ( 'NONE',  ( -1.000000000000000000, -0.000000000000000000, 0.000000000000000000 ) ) ;
#6341 = CARTESIAN_POINT ( 'NONE',  ( 5.874999999999997335, 4.049999999999999822, 0.1750000000000000999 ) ) ;
#6342 = CARTESIAN_POINT ( 'NONE',  ( 5.874999999999997335, 1.199999999999999734, 0.1750000000000000999 ) ) ;
#6343 = ORIENTED_EDGE ( 'NONE', *, *, #952, .F. ) ;
#6344 = DIRECTION ( 'NONE',  ( 0.000000000000000000, -1.000000000000000000, 0.000000000000000000 ) ) ;
#6345 = CARTESIAN_POINT ( 'NONE',  ( 7.774999999999999467, 2.349999999999999645, 0.6750000000000002665 ) ) ;
#6346 = EDGE_LOOP ( 'NONE', ( #1850, #9670, #5624, #7014 ) ) ;
#6347 = PLANE ( 'NONE',  #7654 ) ;
#6348 = VECTOR ( 'NONE', #4211, 1000.000000000000000 ) ;
#6349 = FACE_OUTER_BOUND ( 'NONE', #4834, .T. ) ;
#6350 = CARTESIAN_POINT ( 'NONE',  ( -7.875000000000000000, 0.4999999999999998890, -1.574999999999999512 ) ) ;
#6351 = ORIENTED_EDGE ( 'NONE', *, *, #8342, .T. ) ;
#6352 = ORIENTED_EDGE ( 'NONE', *, *, #7459, .T. ) ;
#6353 = PRESENTATION_LAYER_ASSIGNMENT (  '', '', ( #2107 ) ) ;
#6354 = LINE ( 'NONE', #2308, #5389 ) ;
#6355 = EDGE_LOOP ( 'NONE', ( #7915, #96, #4689, #439 ) ) ;
#6356 = LINE ( 'NONE', #9689, #10260 ) ;
#6357 = VECTOR ( 'NONE', #9659, 1000.000000000000000 ) ;
#6358 = DIRECTION ( 'NONE',  ( 1.000000000000000000, 0.000000000000000000, -0.000000000000000000 ) ) ;
#6359 = VECTOR ( 'NONE', #6989, 1000.000000000000000 ) ;
#6360 = DIRECTION ( 'NONE',  ( -3.066586833366752221E-16, -0.7071067811865473507, 0.7071067811865477948 ) ) ;
#6361 = ORIENTED_EDGE ( 'NONE', *, *, #3168, .T. ) ;
#6362 = LINE ( 'NONE', #9003, #1040 ) ;
#6363 = PLANE ( 'NONE',  #106 ) ;
#6364 = ADVANCED_FACE ( 'NONE', ( #7557 ), #6016, .F. ) ;
#6365 = ORIENTED_EDGE ( 'NONE', *, *, #6707, .T. ) ;
#6366 = EDGE_CURVE ( 'NONE', #4192, #3195, #6748, .T. ) ;
#6367 = LINE ( 'NONE', #5499, #8674 ) ;
#6368 = DIRECTION ( 'NONE',  ( 0.000000000000000000, 8.642948658383688297E-16, 1.000000000000000000 ) ) ;
#6369 = LINE ( 'NONE', #5504, #7632 ) ;
#6370 = ORIENTED_EDGE ( 'NONE', *, *, #3303, .T. ) ;
#6371 = CARTESIAN_POINT ( 'NONE',  ( 4.274999999999998579, 1.449999999999999956, -0.7749999999999999112 ) ) ;
#6372 = DIRECTION ( 'NONE',  ( -1.000000000000000000, -0.000000000000000000, -0.000000000000000000 ) ) ;
#6373 = EDGE_CURVE ( 'NONE', #6038, #4919, #314, .T. ) ;
#6374 = DIRECTION ( 'NONE',  ( -0.000000000000000000, -1.000000000000000000, -1.355252715606880789E-16 ) ) ;
#6375 = EDGE_CURVE ( 'NONE', #8676, #4960, #212, .T. ) ;
#6376 = ORIENTED_EDGE ( 'NONE', *, *, #4543, .T. ) ;
#6377 = DIRECTION ( 'NONE',  ( -0.000000000000000000, 1.000000000000000000, 0.000000000000000000 ) ) ;
#6378 = EDGE_CURVE ( 'NONE', #6641, #6103, #6702, .T. ) ;
#6379 = CARTESIAN_POINT ( 'NONE',  ( 5.374999999999999112, 2.575000000000000178, -1.200000000000000622 ) ) ;
#6380 = LINE ( 'NONE', #3916, #10224 ) ;
#6381 = ORIENTED_EDGE ( 'NONE', *, *, #8941, .T. ) ;
#6382 = VERTEX_POINT ( 'NONE', #5070 ) ;
#6383 = DIRECTION ( 'NONE',  ( -1.000000000000000000, 0.000000000000000000, 0.000000000000000000 ) ) ;
#6384 = DIRECTION ( 'NONE',  ( 0.000000000000000000, 0.000000000000000000, 1.000000000000000000 ) ) ;
#6385 = ADVANCED_FACE ( 'NONE', ( #1060 ), #1934, .F. ) ;
#6386 = ORIENTED_EDGE ( 'NONE', *, *, #7635, .T. ) ;
#6387 = CARTESIAN_POINT ( 'NONE',  ( 4.474999999999996980, 0.2500000000000037748, -1.816421356237308826 ) ) ;
#6388 = EDGE_LOOP ( 'NONE', ( #4713, #4085, #6435, #5103 ) ) ;
#6389 = EDGE_CURVE ( 'NONE', #478, #681, #10069, .T. ) ;
#6390 = CARTESIAN_POINT ( 'NONE',  ( 1.974999999999998090, 1.449999999999999956, 0.1750000000000000722 ) ) ;
#6391 = EDGE_LOOP ( 'NONE', ( #7157, #8996, #5666, #3856 ) ) ;
#6392 = CYLINDRICAL_SURFACE ( 'NONE', #10339, 0.05000000000000012768 ) ;
#6393 = EDGE_CURVE ( 'NONE', #3090, #4198, #1145, .T. ) ;
#6394 = EDGE_LOOP ( 'NONE', ( #10265, #1191, #9133, #1120, #5484, #10318 ) ) ;
#6395 = CARTESIAN_POINT ( 'NONE',  ( -1.325000000000001510, -0.1499999999999963862, 2.324999999999999734 ) ) ;
#6396 =( NAMED_UNIT ( * ) PLANE_ANGLE_UNIT ( ) SI_UNIT ( $, .RADIAN. ) );
#6397 = EDGE_CURVE ( 'NONE', #7041, #2857, #8401, .T. ) ;
#6398 = LINE ( 'NONE', #9673, #9223 ) ;
#6399 = VECTOR ( 'NONE', #8758, 1000.000000000000000 ) ;
#6400 = ORIENTED_EDGE ( 'NONE', *, *, #6274, .T. ) ;
#6401 = LINE ( 'NONE', #890, #465 ) ;
#6402 = LINE ( 'NONE', #4794, #6162 ) ;
#6403 = ORIENTED_EDGE ( 'NONE', *, *, #10118, .F. ) ;
#6404 = LINE ( 'NONE', #7156, #8055 ) ;
#6405 = DIRECTION ( 'NONE',  ( -1.000000000000000000, -0.000000000000000000, -0.000000000000000000 ) ) ;
#6406 = EDGE_LOOP ( 'NONE', ( #5543, #8031, #4604, #2852 ) ) ;
#6407 = CARTESIAN_POINT ( 'NONE',  ( 5.281793621149187601, 1.449999999999999956, 0.000000000000000000 ) ) ;
#6408 = DIRECTION ( 'NONE',  ( 0.000000000000000000, -1.000000000000000000, 0.000000000000000000 ) ) ;
#6409 = DIRECTION ( 'NONE',  ( -0.000000000000000000, -0.7071067811865476838, -0.7071067811865474617 ) ) ;
#6410 = AXIS2_PLACEMENT_3D ( 'NONE', #4323, #8303, #3427 ) ;
#6411 = CARTESIAN_POINT ( 'NONE',  ( 5.524999999999997691, 0.1500000000000037970, -1.816421356237308826 ) ) ;
#6412 = VERTEX_POINT ( 'NONE', #362 ) ;
#6413 = VERTEX_POINT ( 'NONE', #458 ) ;
#6414 = LINE ( 'NONE', #49, #1312 ) ;
#6415 = ORIENTED_EDGE ( 'NONE', *, *, #7301, .T. ) ;
#6416 = LINE ( 'NONE', #686, #7656 ) ;
#6417 = CARTESIAN_POINT ( 'NONE',  ( 4.031793621149188489, 3.050000000000000266, 0.000000000000000000 ) ) ;
#6418 = ORIENTED_EDGE ( 'NONE', *, *, #6366, .F. ) ;
#6419 = DIRECTION ( 'NONE',  ( 0.000000000000000000, 0.000000000000000000, 1.000000000000000000 ) ) ;
#6420 = CARTESIAN_POINT ( 'NONE',  ( 6.375000000000000888, 3.950000000000000178, 0.8749999999999996669 ) ) ;
#6421 = VECTOR ( 'NONE', #1374, 1000.000000000000114 ) ;
#6422 = LINE ( 'NONE', #2483, #1538 ) ;
#6423 = CARTESIAN_POINT ( 'NONE',  ( 5.524999999999998579, 3.050000000000000266, -0.1050000000000000655 ) ) ;
#6424 = ORIENTED_EDGE ( 'NONE', *, *, #7635, .F. ) ;
#6425 = VECTOR ( 'NONE', #5660, 1000.000000000000000 ) ;
#6426 = LINE ( 'NONE', #7293, #2708 ) ;
#6427 = ADVANCED_FACE ( 'NONE', ( #8762 ), #4471, .T. ) ;
#6428 = VECTOR ( 'NONE', #7869, 1000.000000000000000 ) ;
#6429 =( NAMED_UNIT ( * ) SI_UNIT ( $, .STERADIAN. ) SOLID_ANGLE_UNIT ( ) );
#6430 = ORIENTED_EDGE ( 'NONE', *, *, #5567, .T. ) ;
#6431 = LINE ( 'NONE', #6371, #989 ) ;
#6432 = DIRECTION ( 'NONE',  ( 0.000000000000000000, -1.000000000000000000, -3.336006684570783101E-16 ) ) ;
#6433 = CARTESIAN_POINT ( 'NONE',  ( 5.524999999999997691, 0.4999999999999998890, -0.8249999999999997335 ) ) ;
#6434 = DIRECTION ( 'NONE',  ( 1.277744513902812521E-16, 0.7071067811865473507, -0.7071067811865476838 ) ) ;
#6435 = ORIENTED_EDGE ( 'NONE', *, *, #9667, .F. ) ;
#6436 = ORIENTED_EDGE ( 'NONE', *, *, #1517, .T. ) ;
#6437 = CARTESIAN_POINT ( 'NONE',  ( 4.330089135474556095, 1.899999999999999911, 1.825000000000000622 ) ) ;
#6438 = CARTESIAN_POINT ( 'NONE',  ( 4.474999999999996980, 0.1500000000000032419, -2.474999999999999645 ) ) ;
#6439 = VECTOR ( 'NONE', #10006, 1000.000000000000000 ) ;
#6440 = DIRECTION ( 'NONE',  ( 0.000000000000000000, -1.000000000000000000, 0.000000000000000000 ) ) ;
#6441 = VERTEX_POINT ( 'NONE', #2083 ) ;
#6442 = EDGE_CURVE ( 'NONE', #7061, #8538, #5310, .T. ) ;
#6443 = EDGE_CURVE ( 'NONE', #10280, #1717, #6071, .T. ) ;
#6444 = EDGE_CURVE ( 'NONE', #7106, #10048, #3032, .T. ) ;
#6445 = ORIENTED_EDGE ( 'NONE', *, *, #7827, .F. ) ;
#6446 =( GEOMETRIC_REPRESENTATION_CONTEXT ( 3 ) GLOBAL_UNCERTAINTY_ASSIGNED_CONTEXT ( ( #8851 ) ) GLOBAL_UNIT_ASSIGNED_CONTEXT ( ( #3475, #7559, #6894 ) ) REPRESENTATION_CONTEXT ( 'NONE', 'WORKASPACE' ) );
#6447 = CARTESIAN_POINT ( 'NONE',  ( 3.224999999999998757, 3.949999999999998845, -1.174999999999997824 ) ) ;
#6448 = LINE ( 'NONE', #8971, #4017 ) ;
#6449 = FILL_AREA_STYLE ('',( #9544 ) ) ;
#6450 = VERTEX_POINT ( 'NONE', #5357 ) ;
#6451 = DIRECTION ( 'NONE',  ( 0.000000000000000000, 1.000000000000000000, 0.000000000000000000 ) ) ;
#6452 = VERTEX_POINT ( 'NONE', #9557 ) ;
#6453 = EDGE_CURVE ( 'NONE', #7319, #4967, #1293, .T. ) ;
#6454 = VECTOR ( 'NONE', #6833, 1000.000000000000000 ) ;
#6455 = ADVANCED_FACE ( 'NONE', ( #510 ), #1453, .F. ) ;
#6456 = CARTESIAN_POINT ( 'NONE',  ( 5.724999999999997868, 0.5000000000000022204, -1.324999999999999734 ) ) ;
#6457 = ORIENTED_EDGE ( 'NONE', *, *, #4592, .F. ) ;
#6458 = FACE_OUTER_BOUND ( 'NONE', #174, .T. ) ;
#6459 = ORIENTED_EDGE ( 'NONE', *, *, #3112, .F. ) ;
#6460 = CARTESIAN_POINT ( 'NONE',  ( 7.625000000000000000, 2.899999999999999911, 0.1750000000000002387 ) ) ;
#6461 = EDGE_CURVE ( 'NONE', #8637, #7868, #6985, .T. ) ;
#6462 = CARTESIAN_POINT ( 'NONE',  ( 4.474999999999997868, 4.049999999999999822, 0.1750000000000000722 ) ) ;
#6463 = DIRECTION ( 'NONE',  ( 0.000000000000000000, 0.000000000000000000, 1.000000000000000000 ) ) ;
#6464 = VECTOR ( 'NONE', #3178, 1000.000000000000000 ) ;
#6465 = SURFACE_SIDE_STYLE ('',( #3819 ) ) ;
#6466 = DIRECTION ( 'NONE',  ( -1.000000000000000000, 0.000000000000000000, -4.336808689942021680E-16 ) ) ;
#6467 = DIRECTION ( 'NONE',  ( 0.000000000000000000, 0.000000000000000000, -1.000000000000000000 ) ) ;
#6468 = DIRECTION ( 'NONE',  ( 0.000000000000000000, 0.000000000000000000, 1.000000000000000000 ) ) ;
#6469 = ORIENTED_EDGE ( 'NONE', *, *, #10505, .F. ) ;
#6470 = DIRECTION ( 'NONE',  ( 0.000000000000000000, 0.000000000000000000, -1.000000000000000000 ) ) ;
#6471 = EDGE_CURVE ( 'NONE', #6173, #5090, #9344, .T. ) ;
#6472 = AXIS2_PLACEMENT_3D ( 'NONE', #5451, #7815, #8680 ) ;
#6473 = ORIENTED_EDGE ( 'NONE', *, *, #5506, .F. ) ;
#6474 = AXIS2_PLACEMENT_3D ( 'NONE', #4917, #2377, #7230 ) ;
#6475 = CARTESIAN_POINT ( 'NONE',  ( 0.7249999999999973133, 1.016439536705160869E-17, 0.3750000000000000555 ) ) ;
#6476 = ORIENTED_EDGE ( 'NONE', *, *, #6397, .F. ) ;
#6477 = DIRECTION ( 'NONE',  ( 0.000000000000000000, 0.000000000000000000, -1.000000000000000000 ) ) ;
#6478 = DIRECTION ( 'NONE',  ( -0.000000000000000000, 0.000000000000000000, 1.000000000000000000 ) ) ;
#6479 = DIRECTION ( 'NONE',  ( 0.000000000000000000, 0.000000000000000000, 1.000000000000000000 ) ) ;
#6480 = ORIENTED_EDGE ( 'NONE', *, *, #2890, .F. ) ;
#6481 = DIRECTION ( 'NONE',  ( 1.000000000000000000, 0.000000000000000000, 4.336808689942021680E-16 ) ) ;
#6482 = DIRECTION ( 'NONE',  ( -1.000000000000000000, -0.000000000000000000, 0.000000000000000000 ) ) ;
#6483 = EDGE_LOOP ( 'NONE', ( #5521, #9545, #8004, #8400 ) ) ;
#6484 = CIRCLE ( 'NONE', #4758, 0.09999999999999982514 ) ;
#6485 = DIRECTION ( 'NONE',  ( 1.000000000000000000, 0.000000000000000000, 1.807003620809174632E-16 ) ) ;
#6486 = EDGE_CURVE ( 'NONE', #5856, #6284, #2974, .T. ) ;
#6487 = LINE ( 'NONE', #750, #6058 ) ;
#6488 = FACE_OUTER_BOUND ( 'NONE', #8739, .T. ) ;
#6489 = CARTESIAN_POINT ( 'NONE',  ( 7.575000000000000178, 0.000000000000000000, 0.2250000000000008105 ) ) ;
#6490 = CARTESIAN_POINT ( 'NONE',  ( -1.125000000000001776, 0.5999999999999999778, 1.825000000000000622 ) ) ;
#6491 = CARTESIAN_POINT ( 'NONE',  ( 5.724999999999997868, 0.3000000000000009881, -1.625000000000000666 ) ) ;
#6492 = ORIENTED_EDGE ( 'NONE', *, *, #7565, .F. ) ;
#6493 = EDGE_LOOP ( 'NONE', ( #9428, #8009, #4645, #2624 ) ) ;
#6494 = DIRECTION ( 'NONE',  ( 0.7071067811865444641, 0.000000000000000000, 0.7071067811865505703 ) ) ;
#6495 = CARTESIAN_POINT ( 'NONE',  ( 3.024999999999997691, -0.1499999999999963862, -1.474999999999999645 ) ) ;
#6496 = EDGE_CURVE ( 'NONE', #4958, #6709, #3766, .T. ) ;
#6497 = ORIENTED_EDGE ( 'NONE', *, *, #8464, .F. ) ;
#6498 = VECTOR ( 'NONE', #9732, 1000.000000000000000 ) ;
#6499 = ORIENTED_EDGE ( 'NONE', *, *, #7603, .F. ) ;
#6500 = CARTESIAN_POINT ( 'NONE',  ( 0.7249999999999999778, 3.950000000000000178, 0.3750000000000000000 ) ) ;
#6501 = EDGE_CURVE ( 'NONE', #1945, #5219, #2133, .T. ) ;
#6502 = LINE ( 'NONE', #1438, #10009 ) ;
#6503 = CARTESIAN_POINT ( 'NONE',  ( -7.875000000000000000, 0.4999999999999998890, -0.8249999999999997335 ) ) ;
#6504 = EDGE_CURVE ( 'NONE', #1818, #8538, #10256, .T. ) ;
#6505 = ORIENTED_EDGE ( 'NONE', *, *, #2286, .F. ) ;
#6506 = DIRECTION ( 'NONE',  ( 0.000000000000000000, 0.000000000000000000, 1.000000000000000000 ) ) ;
#6507 = EDGE_CURVE ( 'NONE', #9827, #5007, #9447, .T. ) ;
#6508 = APPLICATION_CONTEXT ( 'automotive_design' ) ;
#6509 = VERTEX_POINT ( 'NONE', #7042 ) ;
#6510 = VECTOR ( 'NONE', #4620, 1000.000000000000000 ) ;
#6511 = VECTOR ( 'NONE', #9056, 1000.000000000000000 ) ;
#6512 = DIRECTION ( 'NONE',  ( -4.336808689942021680E-16, 0.000000000000000000, 1.000000000000000000 ) ) ;
#6513 = VECTOR ( 'NONE', #1521, 1000.000000000000000 ) ;
#6514 = EDGE_LOOP ( 'NONE', ( #6008, #6270, #1041, #921 ) ) ;
#6515 = CARTESIAN_POINT ( 'NONE',  ( 7.375000000000000888, 0.5999999999999999778, 1.825000000000000622 ) ) ;
#6516 = ORIENTED_EDGE ( 'NONE', *, *, #4757, .F. ) ;
#6517 = PLANE ( 'NONE',  #419 ) ;
#6518 = VECTOR ( 'NONE', #1055, 1000.000000000000000 ) ;
#6519 = LINE ( 'NONE', #5859, #7528 ) ;
#6520 = EDGE_CURVE ( 'NONE', #4025, #9240, #10309, .T. ) ;
#6521 = LINE ( 'NONE', #8810, #638 ) ;
#6522 = CARTESIAN_POINT ( 'NONE',  ( 0.7249999999999973133, 0.3500000000000009215, -1.374999999999999778 ) ) ;
#6523 = VERTEX_POINT ( 'NONE', #3821 ) ;
#6524 = CARTESIAN_POINT ( 'NONE',  ( 0.5249999999999985789, 3.449999999999999289, 0.2949999999999999289 ) ) ;
#6525 = CARTESIAN_POINT ( 'NONE',  ( 1.774999999999998801, 1.449999999999999956, -0.7749999999999999112 ) ) ;
#6526 = ADVANCED_FACE ( 'NONE', ( #6639 ), #9743, .T. ) ;
#6527 = DIRECTION ( 'NONE',  ( 1.000000000000000000, 0.000000000000000000, 0.000000000000000000 ) ) ;
#6528 = VECTOR ( 'NONE', #8926, 1000.000000000000000 ) ;
#6529 = ORIENTED_EDGE ( 'NONE', *, *, #5907, .F. ) ;
#6530 = DIRECTION ( 'NONE',  ( -1.000000000000000000, -0.000000000000000000, -0.000000000000000000 ) ) ;
#6531 = CARTESIAN_POINT ( 'NONE',  ( 5.724999999999997868, 3.450000000000001510, 1.870248747537497357E-14 ) ) ;
#6532 = ORIENTED_EDGE ( 'NONE', *, *, #6547, .T. ) ;
#6533 = LINE ( 'NONE', #9807, #7771 ) ;
#6534 = EDGE_LOOP ( 'NONE', ( #4510, #10382, #9292, #379 ) ) ;
#6535 = CARTESIAN_POINT ( 'NONE',  ( 3.024999999999997691, 0.1500000000000032419, -2.474999999999999645 ) ) ;
#6536 = ORIENTED_EDGE ( 'NONE', *, *, #8338, .F. ) ;
#6537 = FILL_AREA_STYLE_COLOUR ( '', #8043 ) ;
#6538 = CARTESIAN_POINT ( 'NONE',  ( 3.024999999999997691, -0.1499999999999963862, -1.474999999999999645 ) ) ;
#6539 = ORIENTED_EDGE ( 'NONE', *, *, #9069, .F. ) ;
#6540 = CARTESIAN_POINT ( 'NONE',  ( 0.2499999999999976130, 0.000000000000000000, 0.6750000000000004885 ) ) ;
#6541 = CARTESIAN_POINT ( 'NONE',  ( 4.969259957225234613E-17, 4.049999999999999822, 0.2750000000000002442 ) ) ;
#6542 = VECTOR ( 'NONE', #3799, 1000.000000000000000 ) ;
#6543 = EDGE_LOOP ( 'NONE', ( #10188, #7304, #1095, #5597 ) ) ;
#6544 = VECTOR ( 'NONE', #7439, 1000.000000000000000 ) ;
#6545 = CARTESIAN_POINT ( 'NONE',  ( 5.374999999999999112, 1.199999999999999734, 0.3750000000000000555 ) ) ;
#6546 = EDGE_CURVE ( 'NONE', #3265, #6994, #5820, .T. ) ;
#6547 = EDGE_CURVE ( 'NONE', #5559, #2265, #1790, .T. ) ;
#6548 = VECTOR ( 'NONE', #1309, 1000.000000000000000 ) ;
#6549 = CARTESIAN_POINT ( 'NONE',  ( 3.224999999999999645, 4.049999999999999822, -1.224999999999999645 ) ) ;
#6550 = DIRECTION ( 'NONE',  ( -1.000000000000000000, 0.000000000000000000, 0.000000000000000000 ) ) ;
#6551 = FACE_OUTER_BOUND ( 'NONE', #3609, .T. ) ;
#6552 = LINE ( 'NONE', #6433, #7100 ) ;
#6553 = DIRECTION ( 'NONE',  ( -0.000000000000000000, -0.000000000000000000, -1.000000000000000000 ) ) ;
#6554 = EDGE_CURVE ( 'NONE', #2251, #6138, #792, .T. ) ;
#6555 = ORIENTED_EDGE ( 'NONE', *, *, #9711, .T. ) ;
#6556 = EDGE_CURVE ( 'NONE', #6568, #2176, #8191, .T. ) ;
#6557 = ORIENTED_EDGE ( 'NONE', *, *, #6389, .F. ) ;
#6558 = CARTESIAN_POINT ( 'NONE',  ( 3.224999999999997424, 0.4999999999999998890, -0.8249999999999997335 ) ) ;
#6559 = VECTOR ( 'NONE', #2227, 1000.000000000000114 ) ;
#6560 = DIRECTION ( 'NONE',  ( -1.000000000000000000, -0.000000000000000000, 0.000000000000000000 ) ) ;
#6561 = AXIS2_PLACEMENT_3D ( 'NONE', #9694, #6482, #9004 ) ;
#6562 = ORIENTED_EDGE ( 'NONE', *, *, #26, .F. ) ;
#6563 = ORIENTED_EDGE ( 'NONE', *, *, #3168, .F. ) ;
#6564 = CARTESIAN_POINT ( 'NONE',  ( 0.5479670385731003623, 3.250000000000000000, 0.6750000000000004885 ) ) ;
#6565 = FILL_AREA_STYLE_COLOUR ( '', #2281 ) ;
#6566 = ORIENTED_EDGE ( 'NONE', *, *, #2393, .T. ) ;
#6567 = DIRECTION ( 'NONE',  ( 0.000000000000000000, 0.000000000000000000, 1.000000000000000000 ) ) ;
#6568 = VERTEX_POINT ( 'NONE', #7282 ) ;
#6569 = PLANE ( 'NONE',  #7112 ) ;
#6570 = EDGE_LOOP ( 'NONE', ( #3776, #6115, #8181, #7117 ) ) ;
#6571 = EDGE_CURVE ( 'NONE', #3207, #1455, #3316, .T. ) ;
#6572 = DIRECTION ( 'NONE',  ( -1.000000000000000000, 0.000000000000000000, 0.000000000000000000 ) ) ;
#6573 = ORIENTED_EDGE ( 'NONE', *, *, #8413, .T. ) ;
#6574 = DIRECTION ( 'NONE',  ( 0.000000000000000000, -8.642948658383689284E-16, -1.000000000000000000 ) ) ;
#6575 = ORIENTED_EDGE ( 'NONE', *, *, #8224, .T. ) ;
#6576 = FACE_OUTER_BOUND ( 'NONE', #5301, .T. ) ;
#6577 = CARTESIAN_POINT ( 'NONE',  ( 7.575000000000000178, 0.5999999999999999778, 0.2250000000000008105 ) ) ;
#6578 = LINE ( 'NONE', #6680, #3603 ) ;
#6579 = EDGE_LOOP ( 'NONE', ( #6635, #6838, #4735, #2149, #1768, #9335, #9079, #5791, #10085, #2742, #7631, #5263, #3497 ) ) ;
#6580 = CARTESIAN_POINT ( 'NONE',  ( 0.2499999999999976130, 4.049999999999999822, 2.175000000000000711 ) ) ;
#6581 = DIRECTION ( 'NONE',  ( 1.000000000000000000, 0.000000000000000000, 0.000000000000000000 ) ) ;
#6582 = EDGE_LOOP ( 'NONE', ( #7671, #4422, #1884, #1053 ) ) ;
#6583 = LINE ( 'NONE', #8239, #5940 ) ;
#6584 = ORIENTED_EDGE ( 'NONE', *, *, #6114, .F. ) ;
#6585 = LINE ( 'NONE', #1741, #4383 ) ;
#6586 = EDGE_CURVE ( 'NONE', #14, #4492, #4123, .T. ) ;
#6587 = VECTOR ( 'NONE', #10530, 1000.000000000000000 ) ;
#6588 = CARTESIAN_POINT ( 'NONE',  ( 4.474999999999996980, 0.09999999999999999167, -0.8250000000000010658 ) ) ;
#6589 = EDGE_CURVE ( 'NONE', #8962, #9058, #7399, .T. ) ;
#6590 = EDGE_LOOP ( 'NONE', ( #196, #5803, #3620, #1901, #9935, #7196 ) ) ;
#6591 = PLANE ( 'NONE',  #5974 ) ;
#6592 = PLANE ( 'NONE',  #6681 ) ;
#6593 = CARTESIAN_POINT ( 'NONE',  ( 3.224999999999998757, 1.449999999999999956, -1.224999999999999645 ) ) ;
#6594 = CARTESIAN_POINT ( 'NONE',  ( 5.724999999999997868, -0.04999999999999567291, -2.474999999999999645 ) ) ;
#6595 = CARTESIAN_POINT ( 'NONE',  ( -1.125000000000000888, 2.899999999999999911, -0.3249999999999997891 ) ) ;
#6596 = ORIENTED_EDGE ( 'NONE', *, *, #4049, .F. ) ;
#6597 = CARTESIAN_POINT ( 'NONE',  ( 5.524999999999998579, 1.199999999999999734, 0.1750000000000000722 ) ) ;
#6598 = VECTOR ( 'NONE', #10516, 1000.000000000000000 ) ;
#6599 = VECTOR ( 'NONE', #8584, 1000.000000000000000 ) ;
#6600 = ADVANCED_FACE ( 'NONE', ( #8294 ), #3210, .F. ) ;
#6601 = AXIS2_PLACEMENT_3D ( 'NONE', #1318, #3686, #3119 ) ;
#6602 = DIRECTION ( 'NONE',  ( 0.000000000000000000, 0.000000000000000000, 1.000000000000000000 ) ) ;
#6603 = ORIENTED_EDGE ( 'NONE', *, *, #8388, .T. ) ;
#6604 = FACE_OUTER_BOUND ( 'NONE', #5620, .T. ) ;
#6605 = AXIS2_PLACEMENT_3D ( 'NONE', #4348, #9278, #3547 ) ;
#6606 = CARTESIAN_POINT ( 'NONE',  ( 5.524999999999998579, 3.449999999999999289, 0.2949999999999999289 ) ) ;
#6607 = EDGE_LOOP ( 'NONE', ( #3634, #5691, #9679, #6724 ) ) ;
#6608 = EDGE_CURVE ( 'NONE', #10191, #9178, #1577, .T. ) ;
#6609 = ORIENTED_EDGE ( 'NONE', *, *, #26, .T. ) ;
#6610 = PLANE ( 'NONE',  #1712 ) ;
#6611 = ORIENTED_EDGE ( 'NONE', *, *, #4134, .T. ) ;
#6612 = AXIS2_PLACEMENT_3D ( 'NONE', #7953, #2931, #6181 ) ;
#6613 = EDGE_CURVE ( 'NONE', #9045, #2895, #1637, .T. ) ;
#6614 = ORIENTED_EDGE ( 'NONE', *, *, #1065, .T. ) ;
#6615 = DIRECTION ( 'NONE',  ( 0.000000000000000000, -1.000000000000000000, -4.553649124439118623E-15 ) ) ;
#6616 =( NAMED_UNIT ( * ) SI_UNIT ( $, .STERADIAN. ) SOLID_ANGLE_UNIT ( ) );
#6617 = CIRCLE ( 'NONE', #491, 0.1000000000000000472 ) ;
#6618 = LINE ( 'NONE', #9891, #9473 ) ;
#6619 = DIRECTION ( 'NONE',  ( -1.000000000000000000, -0.000000000000000000, -0.000000000000000000 ) ) ;
#6620 = ORIENTED_EDGE ( 'NONE', *, *, #5049, .T. ) ;
#6621 = CARTESIAN_POINT ( 'NONE',  ( 6.000000000000000888, 3.849999999999997424, 2.075000000000000622 ) ) ;
#6622 = ORIENTED_EDGE ( 'NONE', *, *, #1718, .T. ) ;
#6623 = LINE ( 'NONE', #9899, #1014 ) ;
#6624 = ORIENTED_EDGE ( 'NONE', *, *, #6238, .F. ) ;
#6625 = DIRECTION ( 'NONE',  ( 1.000000000000000000, 0.000000000000000000, 0.000000000000000000 ) ) ;
#6626 = CARTESIAN_POINT ( 'NONE',  ( 5.524999999999998579, 2.899999999999996803, -0.7749999999999999112 ) ) ;
#6627 = LINE ( 'NONE', #8282, #4005 ) ;
#6628 = CARTESIAN_POINT ( 'NONE',  ( 4.474999999999996980, 0.5000000000000022204, -1.324999999999999734 ) ) ;
#6629 = ORIENTED_EDGE ( 'NONE', *, *, #5513, .F. ) ;
#6630 = DIRECTION ( 'NONE',  ( -0.000000000000000000, 1.000000000000000000, 0.000000000000000000 ) ) ;
#6631 = AXIS2_PLACEMENT_3D ( 'NONE', #437, #7763, #3641 ) ;
#6632 = ORIENTED_EDGE ( 'NONE', *, *, #4524, .F. ) ;
#6633 = CARTESIAN_POINT ( 'NONE',  ( 3.024999999999998579, 1.449999999999999956, -0.7749999999999999112 ) ) ;
#6634 = EDGE_CURVE ( 'NONE', #4665, #14, #10484, .T. ) ;
#6635 = ORIENTED_EDGE ( 'NONE', *, *, #10154, .T. ) ;
#6636 = CARTESIAN_POINT ( 'NONE',  ( 5.724999999999997868, 1.449999999999999956, 0.3750000000000000000 ) ) ;
#6637 = CARTESIAN_POINT ( 'NONE',  ( 0.3750000000000012212, 1.199999999999999734, 0.1750000000000000999 ) ) ;
#6638 = ORIENTED_EDGE ( 'NONE', *, *, #10327, .T. ) ;
#6639 = FACE_OUTER_BOUND ( 'NONE', #7291, .T. ) ;
#6640 = AXIS2_PLACEMENT_3D ( 'NONE', #7977, #9587, #870 ) ;
#6641 = VERTEX_POINT ( 'NONE', #7342 ) ;
#6642 = LINE ( 'NONE', #8249, #3749 ) ;
#6643 = LINE ( 'NONE', #5107, #8382 ) ;
#6644 = DIRECTION ( 'NONE',  ( 0.5773502691896259531, 0.5773502691896259531, 0.5773502691896253980 ) ) ;
#6645 = CARTESIAN_POINT ( 'NONE',  ( 1.974999999999998979, 1.449999999999999956, -1.174999999999999822 ) ) ;
#6646 = DIRECTION ( 'NONE',  ( 0.000000000000000000, -1.000000000000000000, 0.000000000000000000 ) ) ;
#6647 = ADVANCED_FACE ( 'NONE', ( #2372 ), #4959, .F. ) ;
#6648 = ORIENTED_EDGE ( 'NONE', *, *, #6461, .F. ) ;
#6649 = LINE ( 'NONE', #9059, #2386 ) ;
#6650 = ADVANCED_FACE ( 'NONE', ( #4911 ), #954, .F. ) ;
#6651 = AXIS2_PLACEMENT_3D ( 'NONE', #7648, #409, #4473 ) ;
#6652 = LINE ( 'NONE', #3574, #533 ) ;
#6653 = FACE_OUTER_BOUND ( 'NONE', #8186, .T. ) ;
#6654 = ORIENTED_EDGE ( 'NONE', *, *, #595, .F. ) ;
#6655 = LINE ( 'NONE', #5026, #8923 ) ;
#6656 = VECTOR ( 'NONE', #3717, 1000.000000000000000 ) ;
#6657 = PLANE ( 'NONE',  #7006 ) ;
#6658 = ORIENTED_EDGE ( 'NONE', *, *, #8780, .T. ) ;
#6659 = EDGE_CURVE ( 'NONE', #7497, #6173, #8247, .T. ) ;
#6660 = UNCERTAINTY_MEASURE_WITH_UNIT (LENGTH_MEASURE( 1.000000000000000082E-05 ), #3443, 'distance_accuracy_value', 'NONE');
#6661 = EDGE_CURVE ( 'NONE', #2085, #7256, #6414, .T. ) ;
#6662 = ORIENTED_EDGE ( 'NONE', *, *, #9184, .F. ) ;
#6663 = EDGE_CURVE ( 'NONE', #4967, #8170, #3368, .T. ) ;
#6664 = ORIENTED_EDGE ( 'NONE', *, *, #719, .F. ) ;
#6665 = DIRECTION ( 'NONE',  ( 0.000000000000000000, 4.553649124439118623E-15, -1.000000000000000000 ) ) ;
#6666 = PLANE ( 'NONE',  #7462 ) ;
#6667 = FACE_OUTER_BOUND ( 'NONE', #470, .T. ) ;
#6668 = SURFACE_SIDE_STYLE ('',( #5635 ) ) ;
#6669 = LINE ( 'NONE', #3398, #7313 ) ;
#6670 = DIRECTION ( 'NONE',  ( 0.000000000000000000, 3.252606517456514091E-15, -1.000000000000000000 ) ) ;
#6671 = EDGE_CURVE ( 'NONE', #8663, #4007, #6533, .T. ) ;
#6672 = ORIENTED_EDGE ( 'NONE', *, *, #6586, .T. ) ;
#6673 = VECTOR ( 'NONE', #1037, 1000.000000000000000 ) ;
#6674 = EDGE_CURVE ( 'NONE', #5462, #5122, #9239, .T. ) ;
#6675 = LINE ( 'NONE', #1912, #7308 ) ;
#6676 = VERTEX_POINT ( 'NONE', #1883 ) ;
#6677 = CARTESIAN_POINT ( 'NONE',  ( 0.7249999999999973133, 0.3000000000000008771, -1.374999999999999778 ) ) ;
#6678 = ADVANCED_FACE ( 'NONE', ( #8343 ), #9149, .T. ) ;
#6679 = CARTESIAN_POINT ( 'NONE',  ( 4.274999999999997691, 0.4999999999999998890, -0.8249999999999997335 ) ) ;
#6680 = CARTESIAN_POINT ( 'NONE',  ( 3.224999999999997868, 2.575000000000000178, -1.200000000000000400 ) ) ;
#6681 = AXIS2_PLACEMENT_3D ( 'NONE', #8396, #5823, #1097 ) ;
#6682 = VERTEX_POINT ( 'NONE', #3608 ) ;
#6683 = PLANE ( 'NONE',  #8408 ) ;
#6684 = VECTOR ( 'NONE', #1944, 1000.000000000000000 ) ;
#6685 = ORIENTED_EDGE ( 'NONE', *, *, #9062, .F. ) ;
#6686 = DIRECTION ( 'NONE',  ( 0.000000000000000000, 8.642948658383688297E-16, 1.000000000000000000 ) ) ;
#6687 = ORIENTED_EDGE ( 'NONE', *, *, #8744, .F. ) ;
#6688 = VECTOR ( 'NONE', #9746, 1000.000000000000000 ) ;
#6689 = LINE ( 'NONE', #2721, #4723 ) ;
#6690 = COLOUR_RGB ( '',0.7960784313725489669, 0.8235294117647058432, 0.9372549019607843146 ) ;
#6691 = CARTESIAN_POINT ( 'NONE',  ( -4.299999999999998934, 0.000000000000000000, 0.6750000000000004885 ) ) ;
#6692 = VERTEX_POINT ( 'NONE', #1924 ) ;
#6693 = LINE ( 'NONE', #7590, #5349 ) ;
#6694 = ORIENTED_EDGE ( 'NONE', *, *, #8682, .F. ) ;
#6695 = CARTESIAN_POINT ( 'NONE',  ( 7.375000000000000000, 3.950000000000000178, 0.000000000000000000 ) ) ;
#6696 = ORIENTED_EDGE ( 'NONE', *, *, #3436, .T. ) ;
#6697 = CARTESIAN_POINT ( 'NONE',  ( 5.374999999999999112, 1.199999999999999734, 0.1750000000000000999 ) ) ;
#6698 = CARTESIAN_POINT ( 'NONE',  ( 0.000000000000000000, 4.049999999999999822, 0.4749999999999995337 ) ) ;
#6699 = AXIS2_PLACEMENT_3D ( 'NONE', #851, #4641, #7288 ) ;
#6700 = CARTESIAN_POINT ( 'NONE',  ( 1.774999999999998801, 3.449999999999999289, 0.2949999999999999289 ) ) ;
#6701 = EDGE_LOOP ( 'NONE', ( #2041, #10315, #10425, #5268 ) ) ;
#6702 = LINE ( 'NONE', #6800, #5542 ) ;
#6703 = PLANE ( 'NONE',  #6967 ) ;
#6704 = CARTESIAN_POINT ( 'NONE',  ( 1.974999999999998090, 3.950000000000000178, 0.1750000000000000722 ) ) ;
#6705 = AXIS2_PLACEMENT_3D ( 'NONE', #6420, #6360, #4752 ) ;
#6707 = EDGE_CURVE ( 'NONE', #8352, #8264, #6693, .T. ) ;
#6706 = AXIS2_PLACEMENT_3D ( 'NONE', #90, #1684, #5535 ) ;
#6708 = LINE ( 'NONE', #1110, #4783 ) ;
#6709 = VERTEX_POINT ( 'NONE', #5962 ) ;
#6710 = VERTEX_POINT ( 'NONE', #10144 ) ;
#6711 = CARTESIAN_POINT ( 'NONE',  ( 4.474999999999996980, -0.04999999999999567291, -2.474999999999999645 ) ) ;
#6712 = VECTOR ( 'NONE', #7020, 1000.000000000000000 ) ;
#6713 = ADVANCED_FACE ( 'NONE', ( #4223 ), #8437, .F. ) ;
#6714 = VECTOR ( 'NONE', #7906, 1000.000000000000000 ) ;
#6715 = ORIENTED_EDGE ( 'NONE', *, *, #8798, .F. ) ;
#6716 = EDGE_CURVE ( 'NONE', #8481, #2787, #3419, .T. ) ;
#6717 = DIRECTION ( 'NONE',  ( 0.000000000000000000, 0.000000000000000000, 1.000000000000000000 ) ) ;
#6718 = STYLED_ITEM ( 'NONE', ( #7667 ), #999 ) ;
#6719 = VECTOR ( 'NONE', #8706, 1000.000000000000000 ) ;
#6720 = DIRECTION ( 'NONE',  ( 0.000000000000000000, -0.7071067811865519026, 0.7071067811865432429 ) ) ;
#6721 =( NAMED_UNIT ( * ) PLANE_ANGLE_UNIT ( ) SI_UNIT ( $, .RADIAN. ) );
#6722 = CARTESIAN_POINT ( 'NONE',  ( 4.624999999999998224, 2.250000000000000000, 0.6750000000000004885 ) ) ;
#6723 = FACE_OUTER_BOUND ( 'NONE', #6493, .T. ) ;
#6724 = ORIENTED_EDGE ( 'NONE', *, *, #5238, .F. ) ;
#6725 = AXIS2_PLACEMENT_3D ( 'NONE', #3520, #5159, #2641 ) ;
#6726 = DIRECTION ( 'NONE',  ( 0.000000000000000000, -1.000000000000000000, 1.445602896647327084E-15 ) ) ;
#6727 = VERTEX_POINT ( 'NONE', #4363 ) ;
#6728 = CARTESIAN_POINT ( 'NONE',  ( 4.474999999999996980, 0.1000000000000020872, -1.224999999999998312 ) ) ;
#6729 = CARTESIAN_POINT ( 'NONE',  ( -0.6250000000000023315, 0.2499999999999999445, 2.475000000000000089 ) ) ;
#6730 = CARTESIAN_POINT ( 'NONE',  ( 0.5249999999999976907, 0.4999999999999998890, -0.8249999999999997335 ) ) ;
#6731 = DIRECTION ( 'NONE',  ( 0.000000000000000000, 0.000000000000000000, -1.000000000000000000 ) ) ;
#6732 = EDGE_CURVE ( 'NONE', #4252, #5884, #4410, .T. ) ;
#6733 = ORIENTED_EDGE ( 'NONE', *, *, #10422, .T. ) ;
#6734 = DIRECTION ( 'NONE',  ( 0.000000000000000000, 0.000000000000000000, 1.000000000000000000 ) ) ;
#6735 = ORIENTED_EDGE ( 'NONE', *, *, #814, .F. ) ;
#6736 = DIRECTION ( 'NONE',  ( 0.000000000000000000, 1.000000000000000000, 0.000000000000000000 ) ) ;
#6737 = LINE ( 'NONE', #10005, #9705 ) ;
#6738 = EDGE_CURVE ( 'NONE', #1181, #4027, #305, .T. ) ;
#6739 = LINE ( 'NONE', #2723, #6439 ) ;
#6740 = EDGE_LOOP ( 'NONE', ( #1193, #151, #1836, #8019 ) ) ;
#6741 = DIRECTION ( 'NONE',  ( 0.000000000000000000, 8.642948658383688297E-16, 1.000000000000000000 ) ) ;
#6742 = EDGE_LOOP ( 'NONE', ( #2648, #9012, #6596, #6273 ) ) ;
#6743 = DIRECTION ( 'NONE',  ( 0.000000000000000000, -0.000000000000000000, 1.000000000000000000 ) ) ;
#6744 = SURFACE_STYLE_FILL_AREA ( #10063 ) ;
#6745 = CARTESIAN_POINT ( 'NONE',  ( 7.875000000000000000, 3.950000000000000178, 0.1750000000000002387 ) ) ;
#6746 = DIRECTION ( 'NONE',  ( -1.000000000000000000, 0.000000000000000000, 0.000000000000000000 ) ) ;
#6747 = FACE_OUTER_BOUND ( 'NONE', #38, .T. ) ;
#6748 = LINE ( 'NONE', #4274, #477 ) ;
#6749 = CARTESIAN_POINT ( 'NONE',  ( 7.875000000000000000, 3.399999999999999911, 0.1750000000000001554 ) ) ;
#6750 = FACE_OUTER_BOUND ( 'NONE', #6032, .T. ) ;
#6751 = VECTOR ( 'NONE', #3598, 1000.000000000000000 ) ;
#6752 = CARTESIAN_POINT ( 'NONE',  ( 3.224999999999997868, 1.449999999999999956, 0.3750000000000000000 ) ) ;
#6753 = PLANE ( 'NONE',  #5364 ) ;
#6754 = CARTESIAN_POINT ( 'NONE',  ( -6.875000000000000000, -13.83708784390703705, -1.174999999999999822 ) ) ;
#6755 = VERTEX_POINT ( 'NONE', #3562 ) ;
#6756 = DIRECTION ( 'NONE',  ( 0.000000000000000000, -5.421010862427526114E-15, 1.000000000000000000 ) ) ;
#6757 = ORIENTED_EDGE ( 'NONE', *, *, #5584, .F. ) ;
#6758 = VECTOR ( 'NONE', #9026, 1000.000000000000000 ) ;
#6759 = ORIENTED_EDGE ( 'NONE', *, *, #4409, .T. ) ;
#6760 = CARTESIAN_POINT ( 'NONE',  ( 3.224999999999997424, 0.3500000000000009215, -1.324999999999999512 ) ) ;
#6761 = VECTOR ( 'NONE', #5696, 1000.000000000000000 ) ;
#6762 = ADVANCED_FACE ( 'NONE', ( #2812 ), #204, .F. ) ;
#6763 = PLANE ( 'NONE',  #4703 ) ;
#6764 = AXIS2_PLACEMENT_3D ( 'NONE', #7448, #2476, #9861 ) ;
#6765 = SURFACE_STYLE_USAGE ( .BOTH. , #1860 ) ;
#6766 = VECTOR ( 'NONE', #1116, 1000.000000000000000 ) ;
#6767 = LINE ( 'NONE', #5794, #8458 ) ;
#6768 = DIRECTION ( 'NONE',  ( -1.000000000000000000, -0.000000000000000000, 0.000000000000000000 ) ) ;
#6769 = DIRECTION ( 'NONE',  ( 0.000000000000000000, -0.000000000000000000, 1.000000000000000000 ) ) ;
#6770 = EDGE_CURVE ( 'NONE', #717, #1572, #6062, .T. ) ;
#6771 = VECTOR ( 'NONE', #7567, 1000.000000000000000 ) ;
#6772 = ORIENTED_EDGE ( 'NONE', *, *, #8529, .T. ) ;
#6773 = VECTOR ( 'NONE', #7605, 1000.000000000000000 ) ;
#6774 = EDGE_CURVE ( 'NONE', #10053, #459, #5251, .T. ) ;
#6775 = PLANE ( 'NONE',  #329 ) ;
#6776 = EDGE_LOOP ( 'NONE', ( #1474, #7162, #1500, #1958 ) ) ;
#6777 = VECTOR ( 'NONE', #2862, 1000.000000000000000 ) ;
#6778 = CARTESIAN_POINT ( 'NONE',  ( 3.024999999999998579, 3.050000000000000266, -0.1050000000000000655 ) ) ;
#6779 = FACE_OUTER_BOUND ( 'NONE', #3917, .T. ) ;
#6780 = ORIENTED_EDGE ( 'NONE', *, *, #5200, .F. ) ;
#6781 = CARTESIAN_POINT ( 'NONE',  ( -1.625000000000001332, 4.049999999999999822, 0.6750000000000002665 ) ) ;
#6782 = ADVANCED_FACE ( 'NONE', ( #6790 ), #10103, .T. ) ;
#6783 = ORIENTED_EDGE ( 'NONE', *, *, #6546, .F. ) ;
#6784 = AXIS2_PLACEMENT_3D ( 'NONE', #1849, #5119, #469 ) ;
#6785 = ADVANCED_FACE ( 'NONE', ( #2633 ), #8488, .F. ) ;
#6786 = DIRECTION ( 'NONE',  ( 1.000000000000000000, 0.000000000000000000, 0.000000000000000000 ) ) ;
#6787 = CARTESIAN_POINT ( 'NONE',  ( -1.125000000000001776, 1.899999999999999911, 1.825000000000000622 ) ) ;
#6788 = ORIENTED_EDGE ( 'NONE', *, *, #9234, .T. ) ;
#6789 = EDGE_CURVE ( 'NONE', #4027, #211, #7676, .T. ) ;
#6790 = FACE_OUTER_BOUND ( 'NONE', #9982, .T. ) ;
#6791 = ORIENTED_EDGE ( 'NONE', *, *, #4989, .F. ) ;
#6792 = APPLICATION_PROTOCOL_DEFINITION ( 'draft international standard', 'automotive_design', 1998, #735 ) ;
#6793 = FACE_OUTER_BOUND ( 'NONE', #2112, .T. ) ;
#6794 = VECTOR ( 'NONE', #3949, 1000.000000000000000 ) ;
#6795 = DIRECTION ( 'NONE',  ( 1.000000000000000000, 0.000000000000000000, 0.000000000000000000 ) ) ;
#6796 = DIRECTION ( 'NONE',  ( 1.000000000000000000, 0.000000000000000000, 0.000000000000000000 ) ) ;
#6797 = VECTOR ( 'NONE', #4686, 1000.000000000000000 ) ;
#6798 = DIRECTION ( 'NONE',  ( 1.000000000000000000, 0.000000000000000000, -1.807003620809174632E-16 ) ) ;
#6799 = ORIENTED_EDGE ( 'NONE', *, *, #973, .F. ) ;
#6800 = CARTESIAN_POINT ( 'NONE',  ( -6.875000000000000000, 3.950000000000000178, -1.174999999999999822 ) ) ;
#6801 = DIRECTION ( 'NONE',  ( 0.000000000000000000, 1.000000000000000000, 3.336006684570783101E-16 ) ) ;
#6802 = LINE ( 'NONE', #8257, #4912 ) ;
#6803 = ADVANCED_FACE ( 'NONE', ( #7147 ), #6336, .F. ) ;
#6804 = LINE ( 'NONE', #9250, #8687 ) ;
#6805 = VECTOR ( 'NONE', #5726, 1000.000000000000000 ) ;
#6806 = LINE ( 'NONE', #10075, #5065 ) ;
#6807 = DIRECTION ( 'NONE',  ( -1.000000000000000000, 0.000000000000000000, -0.000000000000000000 ) ) ;
#6808 = ORIENTED_EDGE ( 'NONE', *, *, #7720, .F. ) ;
#6809 = LINE ( 'NONE', #2739, #7540 ) ;
#6810 = ORIENTED_EDGE ( 'NONE', *, *, #404, .T. ) ;
#6811 = ADVANCED_FACE ( 'NONE', ( #5469 ), #8588, .F. ) ;
#6812 = VECTOR ( 'NONE', #7947, 1000.000000000000000 ) ;
#6813 = DIRECTION ( 'NONE',  ( 0.000000000000000000, 1.000000000000000000, 0.000000000000000000 ) ) ;
#6814 = DIRECTION ( 'NONE',  ( 0.000000000000000000, 0.8320502943378444982, -0.5547001962252280372 ) ) ;
#6815 = AXIS2_PLACEMENT_3D ( 'NONE', #9348, #7897, #10262 ) ;
#6816 = DIRECTION ( 'NONE',  ( 0.000000000000000000, 4.553649124439118623E-15, -1.000000000000000000 ) ) ;
#6817 = ORIENTED_EDGE ( 'NONE', *, *, #3575, .F. ) ;
#6818 = PLANE ( 'NONE',  #1299 ) ;
#6819 = PRESENTATION_STYLE_ASSIGNMENT (( #9369 ) ) ;
#6820 = CARTESIAN_POINT ( 'NONE',  ( 4.474999999999996980, 0.1792893218813486345, -1.745710678118654435 ) ) ;
#6821 = ORIENTED_EDGE ( 'NONE', *, *, #8789, .T. ) ;
#6822 = CARTESIAN_POINT ( 'NONE',  ( -1.525000000000001243, 2.349999999999999645, 0.6750000000000002665 ) ) ;
#6823 = EDGE_CURVE ( 'NONE', #3874, #5716, #6165, .T. ) ;
#6824 = ORIENTED_EDGE ( 'NONE', *, *, #816, .T. ) ;
#6825 = LINE ( 'NONE', #10094, #7714 ) ;
#6826 = EDGE_CURVE ( 'NONE', #845, #9446, #83, .T. ) ;
#6827 = ADVANCED_FACE ( 'NONE', ( #6458 ), #5587, .F. ) ;
#6828 = DIRECTION ( 'NONE',  ( -0.000000000000000000, -0.7071067811865474617, 0.7071067811865474617 ) ) ;
#6829 = PRESENTATION_STYLE_ASSIGNMENT (( #10240 ) ) ;
#6830 = ORIENTED_EDGE ( 'NONE', *, *, #6442, .F. ) ;
#6831 = DIRECTION ( 'NONE',  ( 0.000000000000000000, 0.000000000000000000, -1.000000000000000000 ) ) ;
#6832 = VERTEX_POINT ( 'NONE', #4788 ) ;
#6833 = DIRECTION ( 'NONE',  ( 1.000000000000000000, -0.000000000000000000, -0.000000000000000000 ) ) ;
#6834 = CARTESIAN_POINT ( 'NONE',  ( -1.625000000000001332, 0.000000000000000000, 2.475000000000000089 ) ) ;
#6835 = AXIS2_PLACEMENT_3D ( 'NONE', #3566, #10064, #6842 ) ;
#6836 = EDGE_CURVE ( 'NONE', #593, #8331, #30, .T. ) ;
#6837 = DIRECTION ( 'NONE',  ( -1.000000000000000000, 0.000000000000000000, -0.000000000000000000 ) ) ;
#6838 = ORIENTED_EDGE ( 'NONE', *, *, #4787, .T. ) ;
#6839 = LINE ( 'NONE', #7639, #5457 ) ;
#6840 = MECHANICAL_DESIGN_GEOMETRIC_PRESENTATION_REPRESENTATION (  '', ( #9388 ), #4948 ) ;
#6841 = DIRECTION ( 'NONE',  ( 0.000000000000000000, 0.000000000000000000, 1.000000000000000000 ) ) ;
#6842 = DIRECTION ( 'NONE',  ( 0.000000000000000000, 1.000000000000000000, 3.252606517456514091E-15 ) ) ;
#6843 = DIRECTION ( 'NONE',  ( 0.000000000000000000, 1.000000000000000000, -1.445602896647327084E-15 ) ) ;
#6844 = EDGE_CURVE ( 'NONE', #9538, #5767, #2568, .T. ) ;
#6845 = DIRECTION ( 'NONE',  ( -1.000000000000000000, -0.000000000000000000, -0.000000000000000000 ) ) ;
#6846 = VERTEX_POINT ( 'NONE', #3248 ) ;
#6847 = PLANE ( 'NONE',  #8983 ) ;
#6848 = CARTESIAN_POINT ( 'NONE',  ( 3.224999999999997424, -0.04999999999999568678, -2.474999999999999645 ) ) ;
#6849 = LINE ( 'NONE', #10259, #5236 ) ;
#6850 = ORIENTED_EDGE ( 'NONE', *, *, #5165, .T. ) ;
#6851 = CARTESIAN_POINT ( 'NONE',  ( 4.275000000000000355, 3.950000000000000178, 0.3750000000000001110 ) ) ;
#6852 = ORIENTED_EDGE ( 'NONE', *, *, #7615, .F. ) ;
#6853 = DIRECTION ( 'NONE',  ( 0.000000000000000000, -1.000000000000000000, 0.000000000000000000 ) ) ;
#6854 = VECTOR ( 'NONE', #9199, 1000.000000000000000 ) ;
#6855 = DIRECTION ( 'NONE',  ( -0.000000000000000000, 0.000000000000000000, 1.000000000000000000 ) ) ;
#6856 = ORIENTED_EDGE ( 'NONE', *, *, #1229, .F. ) ;
#6857 = DIRECTION ( 'NONE',  ( -0.000000000000000000, 0.000000000000000000, -1.000000000000000000 ) ) ;
#6858 = ADVANCED_FACE ( 'NONE', ( #3932 ), #7201, .F. ) ;
#6859 = ORIENTED_EDGE ( 'NONE', *, *, #3062, .T. ) ;
#6860 = CARTESIAN_POINT ( 'NONE',  ( 7.375000000000000888, 0.000000000000000000, 2.475000000000000089 ) ) ;
#6861 = VECTOR ( 'NONE', #4573, 1000.000000000000000 ) ;
#6862 = EDGE_CURVE ( 'NONE', #5371, #1434, #2409, .T. ) ;
#6863 = ORIENTED_EDGE ( 'NONE', *, *, #1615, .T. ) ;
#6864 = DIRECTION ( 'NONE',  ( 0.000000000000000000, -1.000000000000000000, -0.000000000000000000 ) ) ;
#6865 = DIRECTION ( 'NONE',  ( 0.000000000000000000, 1.000000000000000000, 0.000000000000000000 ) ) ;
#6866 = VECTOR ( 'NONE', #2671, 1000.000000000000000 ) ;
#6867 = ORIENTED_EDGE ( 'NONE', *, *, #7930, .T. ) ;
#6868 = VERTEX_POINT ( 'NONE', #8924 ) ;
#6869 = CLOSED_SHELL ( 'NONE', ( #1260, #3865, #534, #5489, #4801, #9782, #3908 ) ) ;
#6870 = CARTESIAN_POINT ( 'NONE',  ( 4.274999999999997691, 0.4999999999999998890, -0.8249999999999997335 ) ) ;
#6871 = CARTESIAN_POINT ( 'NONE',  ( 7.875000000000000000, 4.049999999999999822, 0.2749999999999996336 ) ) ;
#6872 =( LENGTH_UNIT ( ) NAMED_UNIT ( * ) SI_UNIT ( .MILLI., .METRE. ) );
#6873 = ORIENTED_EDGE ( 'NONE', *, *, #9089, .T. ) ;
#6874 = DIRECTION ( 'NONE',  ( 0.000000000000000000, 0.000000000000000000, 1.000000000000000000 ) ) ;
#6875 = ORIENTED_EDGE ( 'NONE', *, *, #9374, .T. ) ;
#6876 = DIRECTION ( 'NONE',  ( -3.336006684570783101E-16, 1.000000000000000000, 0.000000000000000000 ) ) ;
#6877 = EDGE_CURVE ( 'NONE', #2049, #4093, #2460, .T. ) ;
#6878 = LINE ( 'NONE', #9332, #9174 ) ;
#6879 = VERTEX_POINT ( 'NONE', #5701 ) ;
#6880 = DIRECTION ( 'NONE',  ( -0.000000000000000000, -1.000000000000000000, -2.282530889443167515E-16 ) ) ;
#6881 = FACE_OUTER_BOUND ( 'NONE', #5194, .T. ) ;
#6882 = CARTESIAN_POINT ( 'NONE',  ( -1.625000000000001332, 1.899999999999999689, 2.375000000000000888 ) ) ;
#6883 = CARTESIAN_POINT ( 'NONE',  ( 0.5249999999999985789, 1.449999999999999956, -0.7749999999999999112 ) ) ;
#6884 = LINE ( 'NONE', #5258, #1616 ) ;
#6885 = CARTESIAN_POINT ( 'NONE',  ( 0.2499999999999976130, 0.000000000000000000, 2.075000000000000622 ) ) ;
#6886 = DIRECTION ( 'NONE',  ( 0.000000000000000000, -0.000000000000000000, -1.000000000000000000 ) ) ;
#6887 = CARTESIAN_POINT ( 'NONE',  ( 4.969259957225238311E-17, 4.049999999999999822, 0.2750000000000004663 ) ) ;
#6888 = EDGE_CURVE ( 'NONE', #9308, #7061, #4104, .T. ) ;
#6889 = ORIENTED_EDGE ( 'NONE', *, *, #9993, .F. ) ;
#6890 = CARTESIAN_POINT ( 'NONE',  ( 0.7249999999999973133, 0.4999999999999998890, -0.8249999999999997335 ) ) ;
#6891 = EDGE_CURVE ( 'NONE', #5321, #882, #8979, .T. ) ;
#6892 = EDGE_CURVE ( 'NONE', #5062, #2874, #4048, .T. ) ;
#6893 = VERTEX_POINT ( 'NONE', #9840 ) ;
#6894 =( NAMED_UNIT ( * ) SI_UNIT ( $, .STERADIAN. ) SOLID_ANGLE_UNIT ( ) );
#6895 = ORIENTED_EDGE ( 'NONE', *, *, #4352, .T. ) ;
#6896 = CARTESIAN_POINT ( 'NONE',  ( 3.224999999999997868, 4.049999999999999822, 0.1750000000000000722 ) ) ;
#6897 = DIRECTION ( 'NONE',  ( -1.000000000000000000, 0.000000000000000000, 0.000000000000000000 ) ) ;
#6898 = ORIENTED_EDGE ( 'NONE', *, *, #5899, .F. ) ;
#6899 = DIRECTION ( 'NONE',  ( -1.000000000000000000, -1.084202172485505297E-16, 0.000000000000000000 ) ) ;
#6900 = FACE_OUTER_BOUND ( 'NONE', #8016, .T. ) ;
#6901 = ORIENTED_EDGE ( 'NONE', *, *, #4806, .T. ) ;
#6902 = ORIENTED_EDGE ( 'NONE', *, *, #803, .F. ) ;
#6903 = DIRECTION ( 'NONE',  ( 0.5773502691896266192, 0.5773502691896266192, -0.5773502691896240657 ) ) ;
#6904 = ADVANCED_FACE ( 'NONE', ( #2513 ), #6392, .F. ) ;
#6905 = ADVANCED_FACE ( 'NONE', ( #5753 ), #4726, .T. ) ;
#6906 = EDGE_CURVE ( 'NONE', #4370, #4192, #8804, .T. ) ;
#6907 = VECTOR ( 'NONE', #6935, 1000.000000000000000 ) ;
#6908 = FILL_AREA_STYLE ('',( #4387 ) ) ;
#6909 = EDGE_LOOP ( 'NONE', ( #8313, #4635, #8508, #9129 ) ) ;
#6910 = CARTESIAN_POINT ( 'NONE',  ( 7.375000000000000888, 1.899999999999999689, 2.475000000000000533 ) ) ;
#6911 = PLANE ( 'NONE',  #8344 ) ;
#6912 = CARTESIAN_POINT ( 'NONE',  ( 1.974999999999997646, 0.4999999999999998890, -0.8249999999999997335 ) ) ;
#6913 = EDGE_CURVE ( 'NONE', #2182, #6509, #10044, .T. ) ;
#6914 = ORIENTED_EDGE ( 'NONE', *, *, #7982, .T. ) ;
#6915 = EDGE_CURVE ( 'NONE', #2176, #6075, #10093, .T. ) ;
#6916 = VECTOR ( 'NONE', #3345, 1000.000000000000000 ) ;
#6917 = CIRCLE ( 'NONE', #2328, 0.1000000000000000472 ) ;
#6918 = VERTEX_POINT ( 'NONE', #5905 ) ;
#6919 = VECTOR ( 'NONE', #9172, 1000.000000000000000 ) ;
#6920 = LINE ( 'NONE', #9996, #1775 ) ;
#6921 = VECTOR ( 'NONE', #7837, 1000.000000000000227 ) ;
#6922 = CARTESIAN_POINT ( 'NONE',  ( -0.1250000000000018319, 0.7428932188134522718, 0.8749999999999996669 ) ) ;
#6923 = FILL_AREA_STYLE ('',( #7025 ) ) ;
#6924 = VERTEX_POINT ( 'NONE', #1081 ) ;
#6925 = CARTESIAN_POINT ( 'NONE',  ( 0.7249999999999973133, 0.1792893218813486067, -1.745710678118654435 ) ) ;
#6926 = ORIENTED_EDGE ( 'NONE', *, *, #1064, .T. ) ;
#6927 = CARTESIAN_POINT ( 'NONE',  ( 0.05833333333333211301, 3.266666666666667052, 0.1916666666666670127 ) ) ;
#6928 = VECTOR ( 'NONE', #1690, 1000.000000000000000 ) ;
#6929 = DIRECTION ( 'NONE',  ( 1.000000000000000000, 0.000000000000000000, -0.000000000000000000 ) ) ;
#6930 = CARTESIAN_POINT ( 'NONE',  ( 4.474999999999996980, -0.1499999999999963862, -1.474999999999999645 ) ) ;
#6931 = ORIENTED_EDGE ( 'NONE', *, *, #800, .F. ) ;
#6932 = LINE ( 'NONE', #1235, #5827 ) ;
#6933 = CARTESIAN_POINT ( 'NONE',  ( -0.1250000000000018319, 3.950000000000000178, 0.8749999999999996669 ) ) ;
#6934 = DIRECTION ( 'NONE',  ( -0.000000000000000000, 0.000000000000000000, 1.000000000000000000 ) ) ;
#6935 = DIRECTION ( 'NONE',  ( 0.000000000000000000, 0.9284766908852604139, -0.3713906763541011125 ) ) ;
#6936 = DIRECTION ( 'NONE',  ( -0.000000000000000000, -0.7071067811865474617, 0.7071067811865474617 ) ) ;
#6937 = EDGE_CURVE ( 'NONE', #7742, #3713, #8378, .T. ) ;
#6938 = CARTESIAN_POINT ( 'NONE',  ( 3.224999999999997424, 0.5000000000000022204, -1.324999999999999734 ) ) ;
#6939 = CARTESIAN_POINT ( 'NONE',  ( 1.774999999999998801, 3.050000000000000266, 0.000000000000000000 ) ) ;
#6940 = AXIS2_PLACEMENT_3D ( 'NONE', #4207, #9276, #3452 ) ;
#6941 = EDGE_LOOP ( 'NONE', ( #414, #221, #10120, #3192 ) ) ;
#6942 = LINE ( 'NONE', #1148, #4245 ) ;
#6943 = VERTEX_POINT ( 'NONE', #5804 ) ;
#6944 = CARTESIAN_POINT ( 'NONE',  ( 6.000000000000000888, 0.000000000000000000, 2.075000000000000622 ) ) ;
#6945 = EDGE_LOOP ( 'NONE', ( #2944, #6480, #426, #286 ) ) ;
#6946 = AXIS2_PLACEMENT_3D ( 'NONE', #5832, #3278, #8898 ) ;
#6947 = ORIENTED_EDGE ( 'NONE', *, *, #2746, .T. ) ;
#6948 = EDGE_CURVE ( 'NONE', #8812, #8373, #5949, .T. ) ;
#6949 = LINE ( 'NONE', #4428, #4361 ) ;
#6950 = DIRECTION ( 'NONE',  ( 0.000000000000000000, -0.000000000000000000, -1.000000000000000000 ) ) ;
#6951 = ORIENTED_EDGE ( 'NONE', *, *, #5420, .T. ) ;
#6952 = LINE ( 'NONE', #5324, #7537 ) ;
#6953 = CARTESIAN_POINT ( 'NONE',  ( 2.874999999999999112, 2.574999999999999734, -1.200000000000000178 ) ) ;
#6954 = EDGE_LOOP ( 'NONE', ( #6293, #10467, #3643, #5245, #2948, #9793 ) ) ;
#6955 = ADVANCED_FACE ( 'NONE', ( #8428 ), #1124, .F. ) ;
#6956 = ORIENTED_EDGE ( 'NONE', *, *, #481, .T. ) ;
#6957 = DIRECTION ( 'NONE',  ( 0.000000000000000000, 1.000000000000000000, -1.445602896647327084E-15 ) ) ;
#6958 = VECTOR ( 'NONE', #6057, 999.9999999999998863 ) ;
#6959 = VECTOR ( 'NONE', #4771, 1000.000000000000000 ) ;
#6960 = PLANE ( 'NONE',  #5038 ) ;
#6961 = ORIENTED_EDGE ( 'NONE', *, *, #4716, .F. ) ;
#6962 = CARTESIAN_POINT ( 'NONE',  ( 1.974999999999997646, 0.1500000000000032419, -2.474999999999999645 ) ) ;
#6963 = DIRECTION ( 'NONE',  ( 0.000000000000000000, 0.000000000000000000, -1.000000000000000000 ) ) ;
#6964 = CARTESIAN_POINT ( 'NONE',  ( 4.624999999999998224, 3.950000000000000178, 0.3750000000000000555 ) ) ;
#6965 = VERTEX_POINT ( 'NONE', #5186 ) ;
#6966 = EDGE_CURVE ( 'NONE', #3843, #5321, #1176, .T. ) ;
#6967 = AXIS2_PLACEMENT_3D ( 'NONE', #2691, #4325, #1844 ) ;
#6968 = ORIENTED_EDGE ( 'NONE', *, *, #8485, .T. ) ;
#6969 = CARTESIAN_POINT ( 'NONE',  ( -1.250000000000000000, 4.049999999999999822, 0.4749999999999995337 ) ) ;
#6970 = LINE ( 'NONE', #4501, #9596 ) ;
#6971 = LINE ( 'NONE', #4398, #10002 ) ;
#6972 = VECTOR ( 'NONE', #566, 1000.000000000000000 ) ;
#6973 = PLANE ( 'NONE',  #774 ) ;
#6974 = ORIENTED_EDGE ( 'NONE', *, *, #4524, .T. ) ;
#6975 = DIRECTION ( 'NONE',  ( -0.000000000000000000, 2.710505431213761393E-17, 1.000000000000000000 ) ) ;
#6976 = ORIENTED_EDGE ( 'NONE', *, *, #6977, .F. ) ;
#6977 = EDGE_CURVE ( 'NONE', #9880, #2390, #4999, .T. ) ;
#6978 = PLANE ( 'NONE',  #5374 ) ;
#6979 = ORIENTED_EDGE ( 'NONE', *, *, #6159, .F. ) ;
#6980 = LINE ( 'NONE', #9608, #2257 ) ;
#6981 = CARTESIAN_POINT ( 'NONE',  ( -6.875000000000000000, 3.950000000000000178, 0.3750000000000001110 ) ) ;
#6982 = LINE ( 'NONE', #5354, #8450 ) ;
#6983 = LINE ( 'NONE', #7645, #7575 ) ;
#6984 = ORIENTED_EDGE ( 'NONE', *, *, #5789, .F. ) ;
#6985 = LINE ( 'NONE', #10151, #3500 ) ;
#6986 = CARTESIAN_POINT ( 'NONE',  ( -1.125000000000000888, 0.000000000000000000, -1.374999999999997558 ) ) ;
#6987 = ORIENTED_EDGE ( 'NONE', *, *, #5171, .T. ) ;
#6988 = LINE ( 'NONE', #1349, #3391 ) ;
#6989 = DIRECTION ( 'NONE',  ( -1.000000000000000000, -0.000000000000000000, -0.000000000000000000 ) ) ;
#6990 = VECTOR ( 'NONE', #10529, 1000.000000000000114 ) ;
#6991 = CARTESIAN_POINT ( 'NONE',  ( 4.474999999999996980, 0.1500000000000037970, -1.816421356237308826 ) ) ;
#6992 = CARTESIAN_POINT ( 'NONE',  ( 7.781793621149187601, 1.449999999999999956, -0.02500000000000060854 ) ) ;
#6993 = ORIENTED_EDGE ( 'NONE', *, *, #4191, .F. ) ;
#6994 = VERTEX_POINT ( 'NONE', #2171 ) ;
#6995 = FACE_OUTER_BOUND ( 'NONE', #8105, .T. ) ;
#6996 = ORIENTED_EDGE ( 'NONE', *, *, #5633, .T. ) ;
#6997 = VERTEX_POINT ( 'NONE', #4553 ) ;
#6998 = CARTESIAN_POINT ( 'NONE',  ( 6.724999999999999645, 4.049999999999999822, 2.375000000000000444 ) ) ;
#6999 = PLANE ( 'NONE',  #1604 ) ;
#7000 = ORIENTED_EDGE ( 'NONE', *, *, #6218, .F. ) ;
#7001 = CARTESIAN_POINT ( 'NONE',  ( 7.375000000000000888, 0.2500000000000000000, 0.2250000000000008105 ) ) ;
#7002 = CARTESIAN_POINT ( 'NONE',  ( 3.024999999999997691, -0.1499999999999963862, -2.374999999999999112 ) ) ;
#7003 = ORIENTED_EDGE ( 'NONE', *, *, #8955, .T. ) ;
#7004 = ORIENTED_EDGE ( 'NONE', *, *, #9534, .T. ) ;
#7005 = DIRECTION ( 'NONE',  ( 1.000000000000000000, 0.000000000000000000, -0.000000000000000000 ) ) ;
#7006 = AXIS2_PLACEMENT_3D ( 'NONE', #9928, #7515, #7563 ) ;
#7007 = CARTESIAN_POINT ( 'NONE',  ( -0.7250000000000008660, 4.049999999999999822, -1.274999999999999245 ) ) ;
#7008 = AXIS2_PLACEMENT_3D ( 'NONE', #4961, #1792, #2533 ) ;
#7009 = CARTESIAN_POINT ( 'NONE',  ( -1.325000000000001510, 0.5999999999999999778, 1.825000000000000622 ) ) ;
#7010 = EDGE_LOOP ( 'NONE', ( #434, #10268, #6685, #1136 ) ) ;
#7011 = DIRECTION ( 'NONE',  ( -0.000000000000000000, 0.7071067811865474617, 0.7071067811865474617 ) ) ;
#7012 = CARTESIAN_POINT ( 'NONE',  ( 7.625000000000000000, 2.899999999999999911, 0.1750000000000002387 ) ) ;
#7013 = LINE ( 'NONE', #1379, #9539 ) ;
#7014 = ORIENTED_EDGE ( 'NONE', *, *, #6877, .F. ) ;
#7015 = EDGE_CURVE ( 'NONE', #5062, #10474, #3012, .T. ) ;
#7016 = ADVANCED_FACE ( 'NONE', ( #6101 ), #5456, .F. ) ;
#7017 = ADVANCED_FACE ( 'NONE', ( #4500 ), #8740, .F. ) ;
#7018 = ORIENTED_EDGE ( 'NONE', *, *, #2024, .F. ) ;
#7019 = LINE ( 'NONE', #8685, #5362 ) ;
#7020 = DIRECTION ( 'NONE',  ( 0.000000000000000000, -4.336808689942002452E-16, 1.000000000000000000 ) ) ;
#7021 = AXIS2_PLACEMENT_3D ( 'NONE', #3822, #8597, #1294 ) ;
#7022 = AXIS2_PLACEMENT_3D ( 'NONE', #1736, #4950, #3256 ) ;
#7023 = VERTEX_POINT ( 'NONE', #3746 ) ;
#7024 = CARTESIAN_POINT ( 'NONE',  ( 3.024999999999997691, -0.1499999999999963862, -1.474999999999999645 ) ) ;
#7025 = FILL_AREA_STYLE_COLOUR ( '', #3792 ) ;
#7026 = ORIENTED_EDGE ( 'NONE', *, *, #6129, .F. ) ;
#7027 = CARTESIAN_POINT ( 'NONE',  ( 6.375000000000000888, 1.449999999999999956, 0.8749999999999996669 ) ) ;
#7028 = ORIENTED_EDGE ( 'NONE', *, *, #1772, .F. ) ;
#7029 = EDGE_CURVE ( 'NONE', #10182, #1313, #7019, .T. ) ;
#7030 = CLOSED_SHELL ( 'NONE', ( #1846, #5118, #6151, #9874, #2658, #10102, #9724, #5525 ) ) ;
#7031 = LINE ( 'NONE', #6164, #3523 ) ;
#7032 = ORIENTED_EDGE ( 'NONE', *, *, #9195, .T. ) ;
#7033 = FACE_OUTER_BOUND ( 'NONE', #9168, .T. ) ;
#7034 = CARTESIAN_POINT ( 'NONE',  ( 3.024999999999997691, 0.4999999999999998890, -0.8249999999999997335 ) ) ;
#7035 = EDGE_CURVE ( 'NONE', #5603, #478, #3695, .T. ) ;
#7036 = DIRECTION ( 'NONE',  ( 0.000000000000000000, 0.000000000000000000, 1.000000000000000000 ) ) ;
#7037 = CARTESIAN_POINT ( 'NONE',  ( -1.625000000000001332, 0.6499999999999999112, -1.574999999999999512 ) ) ;
#7038 = DIRECTION ( 'NONE',  ( 1.000000000000000000, 0.000000000000000000, -0.000000000000000000 ) ) ;
#7039 = COLOUR_RGB ( '',0.7960784313725489669, 0.8235294117647058432, 0.9372549019607843146 ) ;
#7040 = AXIS2_PLACEMENT_3D ( 'NONE', #8776, #8834, #3104 ) ;
#7041 = VERTEX_POINT ( 'NONE', #4450 ) ;
#7042 = CARTESIAN_POINT ( 'NONE',  ( -1.625000000000001332, 2.349999999999999645, 0.6750000000000002665 ) ) ;
#7043 = CARTESIAN_POINT ( 'NONE',  ( 0.7249999999999973133, 0.09999999999999999167, -0.8250000000000010658 ) ) ;
#7044 = ORIENTED_EDGE ( 'NONE', *, *, #3946, .F. ) ;
#7045 = DIRECTION ( 'NONE',  ( 0.000000000000000000, 0.000000000000000000, -1.000000000000000000 ) ) ;
#7046 = LINE ( 'NONE', #8818, #8260 ) ;
#7047 = EDGE_CURVE ( 'NONE', #7962, #4863, #6267, .T. ) ;
#7048 = CARTESIAN_POINT ( 'NONE',  ( 0.5249999999999976907, 0.09999999999999999167, -0.8250000000000010658 ) ) ;
#7049 = EDGE_CURVE ( 'NONE', #6682, #10326, #2906, .T. ) ;
#7050 = FACE_OUTER_BOUND ( 'NONE', #4449, .T. ) ;
#7051 = ORIENTED_EDGE ( 'NONE', *, *, #888, .T. ) ;
#7052 = ORIENTED_EDGE ( 'NONE', *, *, #10081, .T. ) ;
#7053 = DIRECTION ( 'NONE',  ( 0.000000000000000000, 0.000000000000000000, 1.000000000000000000 ) ) ;
#7054 = ORIENTED_EDGE ( 'NONE', *, *, #2338, .T. ) ;
#7055 = CARTESIAN_POINT ( 'NONE',  ( 5.524999999999998579, 1.449999999999999956, 0.1750000000000000722 ) ) ;
#7056 = VERTEX_POINT ( 'NONE', #5337 ) ;
#7057 = CARTESIAN_POINT ( 'NONE',  ( -1.125000000000001776, 0.5999999999999999778, 0.2250000000000008105 ) ) ;
#7058 = ORIENTED_EDGE ( 'NONE', *, *, #6152, .T. ) ;
#7059 = DIRECTION ( 'NONE',  ( 0.000000000000000000, -1.000000000000000000, 2.710505431213761393E-17 ) ) ;
#7060 = CARTESIAN_POINT ( 'NONE',  ( 7.375000000000000000, 2.899999999999999911, -0.3249999999999997891 ) ) ;
#7061 = VERTEX_POINT ( 'NONE', #6208 ) ;
#7062 = ORIENTED_EDGE ( 'NONE', *, *, #858, .T. ) ;
#7063 = FACE_OUTER_BOUND ( 'NONE', #2287, .T. ) ;
#7064 = FACE_OUTER_BOUND ( 'NONE', #2881, .T. ) ;
#7065 = EDGE_LOOP ( 'NONE', ( #19, #127, #1131, #2839 ) ) ;
#7066 = CARTESIAN_POINT ( 'NONE',  ( 4.031793621149188489, 3.050000000000000266, -0.02500000000000021302 ) ) ;
#7067 = ORIENTED_EDGE ( 'NONE', *, *, #6307, .F. ) ;
#7068 = LINE ( 'NONE', #3914, #3445 ) ;
#7069 = LINE ( 'NONE', #2798, #5583 ) ;
#7070 = EDGE_CURVE ( 'NONE', #5371, #3249, #9485, .T. ) ;
#7071 = DIRECTION ( 'NONE',  ( 1.000000000000000000, 0.000000000000000000, 0.000000000000000000 ) ) ;
#7072 = ORIENTED_EDGE ( 'NONE', *, *, #4152, .F. ) ;
#7073 = AXIS2_PLACEMENT_3D ( 'NONE', #7553, #3472, #5108 ) ;
#7074 = ORIENTED_EDGE ( 'NONE', *, *, #303, .T. ) ;
#7075 = EDGE_CURVE ( 'NONE', #5838, #3190, #4776, .T. ) ;
#7076 = CARTESIAN_POINT ( 'NONE',  ( 4.274999999999997691, 0.3500000000000009215, -1.324999999999999512 ) ) ;
#7077 =( NAMED_UNIT ( * ) PLANE_ANGLE_UNIT ( ) SI_UNIT ( $, .RADIAN. ) );
#7078 = EDGE_LOOP ( 'NONE', ( #560, #8122, #6220, #2137, #7432, #3480 ) ) ;
#7079 = DIRECTION ( 'NONE',  ( 0.000000000000000000, 8.642948658383688297E-16, 1.000000000000000000 ) ) ;
#7080 = EDGE_CURVE ( 'NONE', #731, #2360, #4035, .T. ) ;
#7081 = AXIS2_PLACEMENT_3D ( 'NONE', #10202, #7787, #10361 ) ;
#7082 = VERTEX_POINT ( 'NONE', #2502 ) ;
#7083 = VECTOR ( 'NONE', #8795, 1000.000000000000000 ) ;
#7084 = VECTOR ( 'NONE', #2273, 1000.000000000000000 ) ;
#7085 = CARTESIAN_POINT ( 'NONE',  ( -1.025000000000001688, 4.049999999999999822, -1.474999999999996536 ) ) ;
#7086 = VERTEX_POINT ( 'NONE', #7312 ) ;
#7087 = AXIS2_PLACEMENT_3D ( 'NONE', #5868, #5104, #6837 ) ;
#7088 = ORIENTED_EDGE ( 'NONE', *, *, #4464, .F. ) ;
#7089 = DIRECTION ( 'NONE',  ( 0.000000000000000000, 1.000000000000000000, 0.000000000000000000 ) ) ;
#7090 = DIRECTION ( 'NONE',  ( 0.000000000000000000, -5.251604272976699968E-15, 1.000000000000000000 ) ) ;
#7091 = DIRECTION ( 'NONE',  ( -1.000000000000000000, 0.000000000000000000, -1.807003620809174632E-16 ) ) ;
#7092 = EDGE_CURVE ( 'NONE', #3586, #1313, #1608, .T. ) ;
#7093 = LINE ( 'NONE', #505, #3817 ) ;
#7094 = DIRECTION ( 'NONE',  ( -1.000000000000000000, 0.000000000000000000, 0.000000000000000000 ) ) ;
#7095 = ORIENTED_EDGE ( 'NONE', *, *, #4327, .T. ) ;
#7096 = LINE ( 'NONE', #9294, #9591 ) ;
#7097 = EDGE_CURVE ( 'NONE', #5122, #4846, #925, .T. ) ;
#7098 = ORIENTED_EDGE ( 'NONE', *, *, #7236, .F. ) ;
#7099 = CARTESIAN_POINT ( 'NONE',  ( 4.274999999999997691, 0.3000000000000008771, -1.374999999999999778 ) ) ;
#7100 = VECTOR ( 'NONE', #1596, 1000.000000000000000 ) ;
#7101 = PLANE ( 'NONE',  #10464 ) ;
#7102 = FACE_OUTER_BOUND ( 'NONE', #5498, .T. ) ;
#7103 = EDGE_CURVE ( 'NONE', #2469, #3090, #4715, .T. ) ;
#7104 = FACE_OUTER_BOUND ( 'NONE', #6190, .T. ) ;
#7105 = ORIENTED_EDGE ( 'NONE', *, *, #5979, .T. ) ;
#7106 = VERTEX_POINT ( 'NONE', #6500 ) ;
#7107 = CARTESIAN_POINT ( 'NONE',  ( 7.375000000000000888, 1.899999999999999911, 1.825000000000000622 ) ) ;
#7108 = VERTEX_POINT ( 'NONE', #6326 ) ;
#7109 = CARTESIAN_POINT ( 'NONE',  ( 3.024999999999998579, 1.449999999999999956, -1.224999999999999645 ) ) ;
#7110 = EDGE_LOOP ( 'NONE', ( #7979, #3521, #5754, #1406 ) ) ;
#7111 = LINE ( 'NONE', #10320, #4120 ) ;
#7112 = AXIS2_PLACEMENT_3D ( 'NONE', #8920, #2350, #9838 ) ;
#7113 = DIRECTION ( 'NONE',  ( -1.000000000000000000, 0.000000000000000000, 0.000000000000000000 ) ) ;
#7114 = VERTEX_POINT ( 'NONE', #10398 ) ;
#7115 = DIRECTION ( 'NONE',  ( 0.000000000000000000, 0.000000000000000000, -1.000000000000000000 ) ) ;
#7116 = CARTESIAN_POINT ( 'NONE',  ( 4.124999999999999112, 1.199999999999999734, 0.3750000000000000555 ) ) ;
#7117 = ORIENTED_EDGE ( 'NONE', *, *, #952, .T. ) ;
#7118 = DIRECTION ( 'NONE',  ( -0.000000000000000000, -0.8944271909999158554, 0.4472135954999579277 ) ) ;
#7119 = EDGE_CURVE ( 'NONE', #7694, #5079, #9655, .T. ) ;
#7120 = EDGE_LOOP ( 'NONE', ( #6852, #354, #9570, #10124, #4194 ) ) ;
#7121 = PLANE ( 'NONE',  #9898 ) ;
#7122 = AXIS2_PLACEMENT_3D ( 'NONE', #7463, #5781, #4815 ) ;
#7123 = CARTESIAN_POINT ( 'NONE',  ( 1.624999999999999334, 1.449999999999999956, 0.3750000000000000555 ) ) ;
#7124 = ORIENTED_EDGE ( 'NONE', *, *, #10286, .T. ) ;
#7125 = EDGE_CURVE ( 'NONE', #1572, #1144, #1547, .T. ) ;
#7126 = CARTESIAN_POINT ( 'NONE',  ( 4.274999999999998579, 3.299999999999999822, -1.224999999999999645 ) ) ;
#7127 = CARTESIAN_POINT ( 'NONE',  ( 6.249999999999999112, 0.000000000000000000, -0.7749999999999999112 ) ) ;
#7128 = VECTOR ( 'NONE', #6409, 1000.000000000000000 ) ;
#7129 = LINE ( 'NONE', #759, #3105 ) ;
#7130 = VECTOR ( 'NONE', #7544, 1000.000000000000000 ) ;
#7131 = LINE ( 'NONE', #10394, #9349 ) ;
#7132 = LINE ( 'NONE', #3642, #4251 ) ;
#7133 = ORIENTED_EDGE ( 'NONE', *, *, #8267, .T. ) ;
#7134 = VECTOR ( 'NONE', #5172, 1000.000000000000000 ) ;
#7135 = VERTEX_POINT ( 'NONE', #820 ) ;
#7136 = DIRECTION ( 'NONE',  ( 1.000000000000000000, 0.000000000000000000, -0.000000000000000000 ) ) ;
#7137 = CARTESIAN_POINT ( 'NONE',  ( 0.3750000000000012212, 3.950000000000000178, 0.3750000000000001110 ) ) ;
#7138 = ORIENTED_EDGE ( 'NONE', *, *, #8172, .T. ) ;
#7139 = CARTESIAN_POINT ( 'NONE',  ( -1.625000000000001332, 0.4999999999999998890, -0.8249999999999997335 ) ) ;
#7140 = AXIS2_PLACEMENT_3D ( 'NONE', #6407, #2192, #5419 ) ;
#7141 = ORIENTED_EDGE ( 'NONE', *, *, #8682, .T. ) ;
#7142 = EDGE_CURVE ( 'NONE', #8672, #8658, #3920, .T. ) ;
#7143 = FACE_OUTER_BOUND ( 'NONE', #1631, .T. ) ;
#7144 = ORIENTED_EDGE ( 'NONE', *, *, #528, .T. ) ;
#7145 = EDGE_CURVE ( 'NONE', #375, #7742, #2284, .T. ) ;
#7146 = EDGE_CURVE ( 'NONE', #5007, #3449, #5515, .T. ) ;
#7147 = FACE_OUTER_BOUND ( 'NONE', #6514, .T. ) ;
#7148 = AXIS2_PLACEMENT_3D ( 'NONE', #6263, #10181, #3690 ) ;
#7149 = ORIENTED_EDGE ( 'NONE', *, *, #2650, .T. ) ;
#7150 = DIRECTION ( 'NONE',  ( 0.000000000000000000, -0.7071067811865472397, -0.7071067811865479058 ) ) ;
#7151 = CARTESIAN_POINT ( 'NONE',  ( -1.625000000000001332, 0.5999999999999999778, 1.825000000000000622 ) ) ;
#7152 = DIRECTION ( 'NONE',  ( 0.000000000000000000, 0.000000000000000000, -1.000000000000000000 ) ) ;
#7153 = CARTESIAN_POINT ( 'NONE',  ( 3.224999999999997424, 0.1500000000000032419, -2.474999999999999645 ) ) ;
#7154 = CARTESIAN_POINT ( 'NONE',  ( 7.375000000000000888, 0.5999999999999999778, 0.2250000000000008105 ) ) ;
#7155 = ORIENTED_EDGE ( 'NONE', *, *, #8480, .F. ) ;
#7156 = CARTESIAN_POINT ( 'NONE',  ( 4.274999999999999467, 4.049999999999999822, 0.1750000000000000722 ) ) ;
#7157 = ORIENTED_EDGE ( 'NONE', *, *, #2144, .T. ) ;
#7158 = PLANE ( 'NONE',  #3543 ) ;
#7159 = LINE ( 'NONE', #10420, #8416 ) ;
#7160 = CARTESIAN_POINT ( 'NONE',  ( 13.12499999999999822, 1.449999999999999956, 0.3750000000000001110 ) ) ;
#7161 = EDGE_CURVE ( 'NONE', #3504, #7738, #3184, .T. ) ;
#7162 = ORIENTED_EDGE ( 'NONE', *, *, #7188, .F. ) ;
#7163 = VERTEX_POINT ( 'NONE', #8970 ) ;
#7164 = EDGE_CURVE ( 'NONE', #5702, #8589, #8791, .T. ) ;
#7165 = CARTESIAN_POINT ( 'NONE',  ( 5.524999999999997691, 0.1792893218813486345, -1.745710678118654435 ) ) ;
#7166 = EDGE_CURVE ( 'NONE', #2857, #7907, #1487, .T. ) ;
#7167 = ORIENTED_EDGE ( 'NONE', *, *, #7287, .F. ) ;
#7168 = DIRECTION ( 'NONE',  ( -1.000000000000000000, -0.000000000000000000, -0.000000000000000000 ) ) ;
#7169 = ORIENTED_EDGE ( 'NONE', *, *, #6892, .F. ) ;
#7170 = FACE_OUTER_BOUND ( 'NONE', #10368, .T. ) ;
#7171 = DIRECTION ( 'NONE',  ( 1.000000000000000000, 0.000000000000000000, -1.807003620809174632E-16 ) ) ;
#7172 = VERTEX_POINT ( 'NONE', #875 ) ;
#7173 = DIRECTION ( 'NONE',  ( 1.000000000000000000, 0.000000000000000000, 0.000000000000000000 ) ) ;
#7174 = VECTOR ( 'NONE', #7152, 1000.000000000000000 ) ;
#7175 = PLANE ( 'NONE',  #331 ) ;
#7176 = ADVANCED_FACE ( 'NONE', ( #7369 ), #1164, .F. ) ;
#7177 = ORIENTED_EDGE ( 'NONE', *, *, #9249, .T. ) ;
#7178 = CARTESIAN_POINT ( 'NONE',  ( 5.524999999999997691, 0.1500000000000032419, -2.474999999999999645 ) ) ;
#7179 = FACE_OUTER_BOUND ( 'NONE', #4928, .T. ) ;
#7180 = CIRCLE ( 'NONE', #2900, 0.09999999999999982514 ) ;
#7181 = VERTEX_POINT ( 'NONE', #9936 ) ;
#7182 = EDGE_CURVE ( 'NONE', #2787, #9788, #8321, .T. ) ;
#7183 = DIRECTION ( 'NONE',  ( -0.000000000000000000, -0.000000000000000000, -1.000000000000000000 ) ) ;
#7184 = FACE_OUTER_BOUND ( 'NONE', #4281, .T. ) ;
#7185 = LINE ( 'NONE', #70, #31 ) ;
#7186 = ORIENTED_EDGE ( 'NONE', *, *, #8413, .F. ) ;
#7187 = VECTOR ( 'NONE', #1138, 1000.000000000000000 ) ;
#7188 = EDGE_CURVE ( 'NONE', #7135, #6041, #8731, .T. ) ;
#7189 = VECTOR ( 'NONE', #9460, 1000.000000000000000 ) ;
#7190 = VECTOR ( 'NONE', #5622, 1000.000000000000000 ) ;
#7191 = EDGE_CURVE ( 'NONE', #6924, #1771, #6552, .T. ) ;
#7192 = ORIENTED_EDGE ( 'NONE', *, *, #6142, .F. ) ;
#7193 = AXIS2_PLACEMENT_3D ( 'NONE', #1447, #1339, #3080 ) ;
#7194 = DIRECTION ( 'NONE',  ( -1.000000000000000000, 4.688441826964343312E-16, 0.000000000000000000 ) ) ;
#7195 = PRESENTATION_STYLE_ASSIGNMENT (( #4039 ) ) ;
#7196 = ORIENTED_EDGE ( 'NONE', *, *, #6823, .T. ) ;
#7197 = DIRECTION ( 'NONE',  ( 1.000000000000000000, -0.000000000000000000, 0.000000000000000000 ) ) ;
#7198 = ORIENTED_EDGE ( 'NONE', *, *, #4333, .T. ) ;
#7199 = CARTESIAN_POINT ( 'NONE',  ( 5.524999999999997691, 0.3500000000000009215, -1.324999999999999512 ) ) ;
#7200 = ORIENTED_EDGE ( 'NONE', *, *, #7805, .T. ) ;
#7201 = PLANE ( 'NONE',  #2668 ) ;
#7202 = EDGE_LOOP ( 'NONE', ( #4611, #325, #7527, #9212 ) ) ;
#7203 = CARTESIAN_POINT ( 'NONE',  ( 3.024999999999998579, 1.199999999999999734, 0.1750000000000000722 ) ) ;
#7204 = FACE_OUTER_BOUND ( 'NONE', #2389, .T. ) ;
#7205 = CARTESIAN_POINT ( 'NONE',  ( 0.5250000000000002442, 1.449999999999999956, -1.224999999999999645 ) ) ;
#7206 = ORIENTED_EDGE ( 'NONE', *, *, #2596, .F. ) ;
#7207 = DIRECTION ( 'NONE',  ( 1.000000000000000000, -0.000000000000000000, -0.000000000000000000 ) ) ;
#7208 = CARTESIAN_POINT ( 'NONE',  ( 2.874999999999999112, 1.449999999999999956, 0.3750000000000000555 ) ) ;
#7209 = ORIENTED_EDGE ( 'NONE', *, *, #6397, .T. ) ;
#7210 = LINE ( 'NONE', #3145, #5481 ) ;
#7211 = CARTESIAN_POINT ( 'NONE',  ( 0.7249999999999973133, 1.449999999999999956, 0.000000000000000000 ) ) ;
#7212 = VERTEX_POINT ( 'NONE', #7126 ) ;
#7213 = CARTESIAN_POINT ( 'NONE',  ( 6.875000000000000888, 0.2499999999999999445, 0.2250000000000008105 ) ) ;
#7214 = EDGE_CURVE ( 'NONE', #757, #521, #6314, .T. ) ;
#7215 = VECTOR ( 'NONE', #3548, 1000.000000000000000 ) ;
#7216 = ORIENTED_EDGE ( 'NONE', *, *, #5049, .F. ) ;
#7217 = DIRECTION ( 'NONE',  ( -1.000000000000000000, 0.000000000000000000, 0.000000000000000000 ) ) ;
#7218 = CARTESIAN_POINT ( 'NONE',  ( 1.774999999999998801, 3.450000000000001510, 1.870248747537497357E-14 ) ) ;
#7219 = ORIENTED_EDGE ( 'NONE', *, *, #2672, .T. ) ;
#7220 = ORIENTED_EDGE ( 'NONE', *, *, #5297, .F. ) ;
#7221 = DIRECTION ( 'NONE',  ( -1.000000000000000000, -0.000000000000000000, -0.000000000000000000 ) ) ;
#7222 = ORIENTED_EDGE ( 'NONE', *, *, #2725, .F. ) ;
#7223 = LINE ( 'NONE', #7344, #9047 ) ;
#7224 = CARTESIAN_POINT ( 'NONE',  ( 1.974999999999997646, 1.449999999999999956, 0.3750000000000000000 ) ) ;
#7225 =( GEOMETRIC_REPRESENTATION_CONTEXT ( 3 ) GLOBAL_UNCERTAINTY_ASSIGNED_CONTEXT ( ( #1430 ) ) GLOBAL_UNIT_ASSIGNED_CONTEXT ( ( #8381, #1085, #1734 ) ) REPRESENTATION_CONTEXT ( 'NONE', 'WORKASPACE' ) );
#7226 = CARTESIAN_POINT ( 'NONE',  ( 3.224999999999997424, 0.3000000000000009881, -1.625000000000000666 ) ) ;
#7227 = VECTOR ( 'NONE', #3089, 1000.000000000000000 ) ;
#7228 = CARTESIAN_POINT ( 'NONE',  ( 7.575000000000000178, 0.000000000000000000, 0.2250000000000008105 ) ) ;
#7229 = ORIENTED_EDGE ( 'NONE', *, *, #8224, .F. ) ;
#7230 = DIRECTION ( 'NONE',  ( 1.000000000000000000, 0.000000000000000000, 0.000000000000000000 ) ) ;
#7231 = LINE ( 'NONE', #4861, #782 ) ;
#7232 = ADVANCED_FACE ( 'NONE', ( #2685 ), #9731, .F. ) ;
#7233 = ORIENTED_EDGE ( 'NONE', *, *, #7146, .F. ) ;
#7234 = CARTESIAN_POINT ( 'NONE',  ( 6.875000000000000000, 3.950000000000000178, -1.174999999999999822 ) ) ;
#7235 = EDGE_CURVE ( 'NONE', #5749, #3031, #10453, .T. ) ;
#7236 = EDGE_CURVE ( 'NONE', #1442, #8230, #4196, .T. ) ;
#7237 = VECTOR ( 'NONE', #2972, 1000.000000000000000 ) ;
#7238 = DIRECTION ( 'NONE',  ( 0.000000000000000000, 8.642948658383688297E-16, 1.000000000000000000 ) ) ;
#7239 = SURFACE_STYLE_USAGE ( .BOTH. , #3001 ) ;
#7240 = EDGE_LOOP ( 'NONE', ( #6557, #9988, #714, #84 ) ) ;
#7241 = CARTESIAN_POINT ( 'NONE',  ( 0.7249999999999999778, 1.449999999999999956, 0.3750000000000000000 ) ) ;
#7242 = DIRECTION ( 'NONE',  ( -0.7071067811865490160, -0.000000000000000000, -0.7071067811865460184 ) ) ;
#7243 = CARTESIAN_POINT ( 'NONE',  ( 4.624999999999998224, 3.950000000000000178, 0.1750000000000000999 ) ) ;
#7244 = EDGE_LOOP ( 'NONE', ( #5937, #2068, #6632, #2541 ) ) ;
#7245 = EDGE_CURVE ( 'NONE', #8763, #6237, #2053, .T. ) ;
#7246 = CARTESIAN_POINT ( 'NONE',  ( -1.525000000000001243, 2.349999999999999645, 1.675000000000000266 ) ) ;
#7247 = DIRECTION ( 'NONE',  ( -4.688441826964343312E-16, -1.000000000000000000, 0.000000000000000000 ) ) ;
#7248 = DIRECTION ( 'NONE',  ( -0.000000000000000000, 0.7071067811865474617, 0.7071067811865474617 ) ) ;
#7249 = EDGE_CURVE ( 'NONE', #4105, #5891, #9264, .T. ) ;
#7250 = ORIENTED_EDGE ( 'NONE', *, *, #6906, .F. ) ;
#7251 = EDGE_CURVE ( 'NONE', #7851, #372, #9312, .T. ) ;
#7252 = EDGE_LOOP ( 'NONE', ( #3719, #7750, #72, #9721 ) ) ;
#7253 = DIRECTION ( 'NONE',  ( 1.000000000000000000, -0.000000000000000000, 0.000000000000000000 ) ) ;
#7254 = FACE_OUTER_BOUND ( 'NONE', #4330, .T. ) ;
#7255 =( NAMED_UNIT ( * ) SI_UNIT ( $, .STERADIAN. ) SOLID_ANGLE_UNIT ( ) );
#7256 = VERTEX_POINT ( 'NONE', #5982 ) ;
#7257 = DIRECTION ( 'NONE',  ( 0.000000000000000000, 0.000000000000000000, -1.000000000000000000 ) ) ;
#7258 = ADVANCED_FACE ( 'NONE', ( #278 ), #6763, .F. ) ;
#7259 = ORIENTED_EDGE ( 'NONE', *, *, #985, .T. ) ;
#7260 = AXIS2_PLACEMENT_3D ( 'NONE', #5242, #2909, #2066 ) ;
#7261 = CARTESIAN_POINT ( 'NONE',  ( -1.525000000000001243, 0.000000000000000000, 0.000000000000000000 ) ) ;
#7262 = EDGE_LOOP ( 'NONE', ( #7582, #3267, #6214, #8095 ) ) ;
#7263 = DIRECTION ( 'NONE',  ( 0.000000000000000000, 1.000000000000000000, 0.000000000000000000 ) ) ;
#7264 = VERTEX_POINT ( 'NONE', #7007 ) ;
#7265 = FACE_OUTER_BOUND ( 'NONE', #4623, .T. ) ;
#7266 = PRODUCT_DEFINITION_SHAPE ( 'NONE', 'NONE',  #243 ) ;
#7267 = CARTESIAN_POINT ( 'NONE',  ( 0.8749999999999998890, 3.950000000000000178, 0.1750000000000000999 ) ) ;
#7268 = VECTOR ( 'NONE', #4517, 1000.000000000000000 ) ;
#7269 = CARTESIAN_POINT ( 'NONE',  ( 7.375000000000000000, 3.950000000000000178, 0.1750000000000002387 ) ) ;
#7270 = CARTESIAN_POINT ( 'NONE',  ( -1.125000000000001776, 0.000000000000000000, 2.475000000000000089 ) ) ;
#7271 = VECTOR ( 'NONE', #1612, 1000.000000000000000 ) ;
#7272 = EDGE_LOOP ( 'NONE', ( #9623, #9459, #1251, #9801, #4273, #9259, #9717, #9499, #361, #2027, #5415, #682, #4203 ) ) ;
#7273 = DIRECTION ( 'NONE',  ( 0.000000000000000000, 0.000000000000000000, 1.000000000000000000 ) ) ;
#7274 = LINE ( 'NONE', #6286, #3615 ) ;
#7275 = ORIENTED_EDGE ( 'NONE', *, *, #9143, .T. ) ;
#7276 = DIRECTION ( 'NONE',  ( -0.000000000000000000, 1.445602896647327084E-15, 1.000000000000000000 ) ) ;
#7277 = ORIENTED_EDGE ( 'NONE', *, *, #3161, .F. ) ;
#7278 = LINE ( 'NONE', #1570, #6259 ) ;
#7279 = VECTOR ( 'NONE', #720, 1000.000000000000000 ) ;
#7280 = CARTESIAN_POINT ( 'NONE',  ( 2.124999999999997780, 4.049999999999999822, 0.4749999999999995337 ) ) ;
#7281 = ORIENTED_EDGE ( 'NONE', *, *, #4650, .F. ) ;
#7282 = CARTESIAN_POINT ( 'NONE',  ( 4.474999999999996980, 0.09999999999999999167, -0.8250000000000010658 ) ) ;
#7283 = VERTEX_POINT ( 'NONE', #4761 ) ;
#7284 = CARTESIAN_POINT ( 'NONE',  ( 0.7249999999999973133, 3.050000000000000266, -0.02500000000000021302 ) ) ;
#7285 = DIRECTION ( 'NONE',  ( 1.000000000000000000, -0.000000000000000000, -0.000000000000000000 ) ) ;
#7286 = SURFACE_SIDE_STYLE ('',( #796 ) ) ;
#7287 = EDGE_CURVE ( 'NONE', #4089, #7519, #10279, .T. ) ;
#7288 = DIRECTION ( 'NONE',  ( 0.000000000000000000, -0.7071067811865472397, -0.7071067811865479058 ) ) ;
#7289 = LINE ( 'NONE', #852, #3707 ) ;
#7290 = LINE ( 'NONE', #8022, #8088 ) ;
#7291 = EDGE_LOOP ( 'NONE', ( #1557, #2225, #3798, #5740 ) ) ;
#7292 = VECTOR ( 'NONE', #3237, 1000.000000000000000 ) ;
#7293 = CARTESIAN_POINT ( 'NONE',  ( 5.524999999999998579, 6.140988867593913192E-18, -0.02500000000000096242 ) ) ;
#7294 = ADVANCED_FACE ( 'NONE', ( #5442 ), #6196, .T. ) ;
#7295 = FACE_OUTER_BOUND ( 'NONE', #4393, .T. ) ;
#7296 = VECTOR ( 'NONE', #5091, 1000.000000000000000 ) ;
#7297 = CARTESIAN_POINT ( 'NONE',  ( 3.224999999999998312, 1.449999999999999956, -0.7749999999999999112 ) ) ;
#7298 = ORIENTED_EDGE ( 'NONE', *, *, #8305, .F. ) ;
#7299 = CARTESIAN_POINT ( 'NONE',  ( 1.974999999999997646, -0.1499999999999963862, -2.374999999999999112 ) ) ;
#7300 = EDGE_CURVE ( 'NONE', #1170, #8074, #2999, .T. ) ;
#7301 = EDGE_CURVE ( 'NONE', #2114, #5090, #9528, .T. ) ;
#7302 = DIRECTION ( 'NONE',  ( 1.000000000000000000, 0.000000000000000000, 1.807003620809174632E-16 ) ) ;
#7303 = CARTESIAN_POINT ( 'NONE',  ( 0.5249999999999985789, 3.299999999999999822, -1.224999999999999645 ) ) ;
#7304 = ORIENTED_EDGE ( 'NONE', *, *, #2954, .T. ) ;
#7305 = ORIENTED_EDGE ( 'NONE', *, *, #2632, .F. ) ;
#7306 = LINE ( 'NONE', #4028, #1766 ) ;
#7307 = PLANE ( 'NONE',  #515 ) ;
#7308 = VECTOR ( 'NONE', #9948, 1000.000000000000000 ) ;
#7309 = CARTESIAN_POINT ( 'NONE',  ( 3.224999999999998757, 3.950000000000000178, 0.3750000000000001110 ) ) ;
#7310 = ORIENTED_EDGE ( 'NONE', *, *, #1273, .F. ) ;
#7311 = ORIENTED_EDGE ( 'NONE', *, *, #7049, .T. ) ;
#7312 = CARTESIAN_POINT ( 'NONE',  ( 0.3750000000000012212, 3.950000000000000178, 0.1750000000000000999 ) ) ;
#7313 = VECTOR ( 'NONE', #5898, 1000.000000000000000 ) ;
#7314 = EDGE_CURVE ( 'NONE', #1763, #5180, #7914, .T. ) ;
#7315 = DIRECTION ( 'NONE',  ( -1.000000000000000000, -0.000000000000000000, -0.000000000000000000 ) ) ;
#7316 = PRESENTATION_STYLE_ASSIGNMENT (( #3188 ) ) ;
#7317 = ORIENTED_EDGE ( 'NONE', *, *, #9089, .F. ) ;
#7318 = LINE ( 'NONE', #713, #6215 ) ;
#7319 = VERTEX_POINT ( 'NONE', #3850 ) ;
#7320 = VECTOR ( 'NONE', #8326, 1000.000000000000000 ) ;
#7321 = FACE_OUTER_BOUND ( 'NONE', #6607, .T. ) ;
#7322 = VERTEX_POINT ( 'NONE', #7123 ) ;
#7323 = CARTESIAN_POINT ( 'NONE',  ( 5.724999999999997868, -0.04999999999999636680, -2.375000000000000000 ) ) ;
#7324 = ORIENTED_EDGE ( 'NONE', *, *, #6613, .T. ) ;
#7325 = DIRECTION ( 'NONE',  ( 0.000000000000000000, 0.000000000000000000, 1.000000000000000000 ) ) ;
#7326 = EDGE_CURVE ( 'NONE', #1553, #9771, #2270, .T. ) ;
#7327 = DIRECTION ( 'NONE',  ( 0.000000000000000000, 0.9284766908852604139, -0.3713906763541011125 ) ) ;
#7328 = CARTESIAN_POINT ( 'NONE',  ( 1.974999999999998979, 1.449999999999999956, -1.224999999999999645 ) ) ;
#7329 = VECTOR ( 'NONE', #7361, 1000.000000000000000 ) ;
#7330 = DIRECTION ( 'NONE',  ( 0.5773502691896290617, 0.5773502691896240657, 0.5773502691896240657 ) ) ;
#7331 = VERTEX_POINT ( 'NONE', #10497 ) ;
#7332 = FACE_OUTER_BOUND ( 'NONE', #3453, .T. ) ;
#7333 = FACE_OUTER_BOUND ( 'NONE', #10019, .T. ) ;
#7334 = EDGE_LOOP ( 'NONE', ( #7200, #1556, #2282, #10322 ) ) ;
#7335 = DIRECTION ( 'NONE',  ( 0.000000000000000000, -1.000000000000000000, 0.000000000000000000 ) ) ;
#7336 = VERTEX_POINT ( 'NONE', #3383 ) ;
#7337 = DIRECTION ( 'NONE',  ( 1.000000000000000000, 0.000000000000000000, 0.000000000000000000 ) ) ;
#7338 = VECTOR ( 'NONE', #7393, 1000.000000000000114 ) ;
#7339 = EDGE_CURVE ( 'NONE', #1927, #313, #5780, .T. ) ;
#7340 = DIRECTION ( 'NONE',  ( -0.000000000000000000, -0.7071067811865474617, -0.7071067811865474617 ) ) ;
#7341 = ORIENTED_EDGE ( 'NONE', *, *, #226, .F. ) ;
#7342 = CARTESIAN_POINT ( 'NONE',  ( 5.524999999999998579, 3.950000000000000178, -1.174999999999999822 ) ) ;
#7343 = EDGE_LOOP ( 'NONE', ( #4655, #1304, #6901, #3913, #562 ) ) ;
#7344 = CARTESIAN_POINT ( 'NONE',  ( 7.575000000000000178, 0.5999999999999999778, 1.825000000000000622 ) ) ;
#7345 = FACE_OUTER_BOUND ( 'NONE', #9676, .T. ) ;
#7346 = CARTESIAN_POINT ( 'NONE',  ( -4.299999999999998934, 3.849999999999997424, 2.075000000000000622 ) ) ;
#7347 = CARTESIAN_POINT ( 'NONE',  ( -1.125000000000000888, 1.800000000000000044, -1.774999999999999689 ) ) ;
#7348 = CARTESIAN_POINT ( 'NONE',  ( 6.375000000000000888, 1.449999999999999956, 0.8749999999999996669 ) ) ;
#7349 = CARTESIAN_POINT ( 'NONE',  ( 8.749999999999998224, 2.899999999999996803, -0.7749999999999999112 ) ) ;
#7350 = ORIENTED_EDGE ( 'NONE', *, *, #2264, .T. ) ;
#7351 = VECTOR ( 'NONE', #1982, 1000.000000000000000 ) ;
#7352 = CARTESIAN_POINT ( 'NONE',  ( 5.724999999999997868, 0.3000000000000008771, -1.374999999999999778 ) ) ;
#7353 = FACE_OUTER_BOUND ( 'NONE', #3040, .T. ) ;
#7354 = PLANE ( 'NONE',  #7122 ) ;
#7355 = PLANE ( 'NONE',  #5036 ) ;
#7356 = LINE ( 'NONE', #542, #768 ) ;
#7357 = CARTESIAN_POINT ( 'NONE',  ( 7.875000000000000000, 0.4999999999999998890, -0.8249999999999997335 ) ) ;
#7358 = EDGE_LOOP ( 'NONE', ( #9299, #4893, #6783, #5326 ) ) ;
#7359 = EDGE_LOOP ( 'NONE', ( #4485, #7532, #10338, #7617 ) ) ;
#7360 = PLANE ( 'NONE',  #4812 ) ;
#7361 = DIRECTION ( 'NONE',  ( -0.000000000000000000, -0.000000000000000000, 1.000000000000000000 ) ) ;
#7362 = ADVANCED_FACE ( 'NONE', ( #7295 ), #2592, .T. ) ;
#7363 = LINE ( 'NONE', #5689, #366 ) ;
#7364 = ORIENTED_EDGE ( 'NONE', *, *, #8870, .T. ) ;
#7365 = EDGE_CURVE ( 'NONE', #9830, #5447, #6487, .T. ) ;
#7366 = VECTOR ( 'NONE', #10252, 1000.000000000000000 ) ;
#7367 = UNCERTAINTY_MEASURE_WITH_UNIT (LENGTH_MEASURE( 1.000000000000000082E-05 ), #10443, 'distance_accuracy_value', 'NONE');
#7368 = ORIENTED_EDGE ( 'NONE', *, *, #3555, .T. ) ;
#7369 = FACE_OUTER_BOUND ( 'NONE', #3360, .T. ) ;
#7370 = LINE ( 'NONE', #2504, #5885 ) ;
#7371 = CARTESIAN_POINT ( 'NONE',  ( 4.124999999999999112, 3.950000000000000178, 0.1750000000000000999 ) ) ;
#7372 = VERTEX_POINT ( 'NONE', #5830 ) ;
#7373 = DIRECTION ( 'NONE',  ( 0.000000000000000000, 0.000000000000000000, 1.000000000000000000 ) ) ;
#7374 = EDGE_CURVE ( 'NONE', #1524, #5903, #2546, .T. ) ;
#7375 = VERTEX_POINT ( 'NONE', #8090 ) ;
#7376 = VECTOR ( 'NONE', #4127, 1000.000000000000000 ) ;
#7377 = EDGE_CURVE ( 'NONE', #7836, #7421, #9756, .T. ) ;
#7378 = EDGE_CURVE ( 'NONE', #4499, #9051, #8140, .T. ) ;
#7379 = CARTESIAN_POINT ( 'NONE',  ( 1.774999999999997913, 0.4999999999999998890, -0.8249999999999997335 ) ) ;
#7380 = VERTEX_POINT ( 'NONE', #3277 ) ;
#7381 = CARTESIAN_POINT ( 'NONE',  ( 1.919910864525443017, 1.899999999999999911, 1.825000000000000622 ) ) ;
#7382 = EDGE_LOOP ( 'NONE', ( #4857, #3333, #10266, #7981 ) ) ;
#7383 = CARTESIAN_POINT ( 'NONE',  ( 7.875000000000000000, 4.049999999999999822, 2.475000000000000089 ) ) ;
#7384 = PLANE ( 'NONE',  #2054 ) ;
#7385 = CARTESIAN_POINT ( 'NONE',  ( -0.6250000000000023315, 0.2499999999999999445, -0.3340169943749460302 ) ) ;
#7386 = DIRECTION ( 'NONE',  ( -0.000000000000000000, 0.000000000000000000, 1.000000000000000000 ) ) ;
#7387 = ORIENTED_EDGE ( 'NONE', *, *, #6114, .T. ) ;
#7388 = CARTESIAN_POINT ( 'NONE',  ( 3.224999999999997424, 0.2500000000000037748, -1.816421356237308826 ) ) ;
#7389 = CARTESIAN_POINT ( 'NONE',  ( 1.774999999999997913, 0.1500000000000037970, -1.816421356237308826 ) ) ;
#7390 = ADVANCED_FACE ( 'NONE', ( #7353 ), #9820, .F. ) ;
#7391 = VECTOR ( 'NONE', #5925, 1000.000000000000000 ) ;
#7392 = ORIENTED_EDGE ( 'NONE', *, *, #1248, .T. ) ;
#7393 = DIRECTION ( 'NONE',  ( -0.000000000000000000, -0.7071067811865431318, -0.7071067811865517916 ) ) ;
#7394 = ORIENTED_EDGE ( 'NONE', *, *, #1492, .F. ) ;
#7395 = CARTESIAN_POINT ( 'NONE',  ( 1.974999999999997646, 1.449999999999999956, 0.000000000000000000 ) ) ;
#7396 = LINE ( 'NONE', #4064, #4880 ) ;
#7397 = ORIENTED_EDGE ( 'NONE', *, *, #4590, .T. ) ;
#7398 = EDGE_CURVE ( 'NONE', #1399, #8944, #1488, .T. ) ;
#7399 = LINE ( 'NONE', #5013, #10023 ) ;
#7400 = ORIENTED_EDGE ( 'NONE', *, *, #1814, .T. ) ;
#7401 = DIRECTION ( 'NONE',  ( -0.000000000000000000, -0.000000000000000000, 1.000000000000000000 ) ) ;
#7402 = DIRECTION ( 'NONE',  ( -0.000000000000000000, -1.000000000000000000, -1.355252715606880789E-16 ) ) ;
#7403 = DIRECTION ( 'NONE',  ( 0.000000000000000000, -1.000000000000000000, -0.000000000000000000 ) ) ;
#7404 = DIRECTION ( 'NONE',  ( 1.000000000000000000, 0.000000000000000000, 0.000000000000000000 ) ) ;
#7405 = DIRECTION ( 'NONE',  ( 0.000000000000000000, -0.000000000000000000, -1.000000000000000000 ) ) ;
#7406 = VECTOR ( 'NONE', #1242, 1000.000000000000000 ) ;
#7407 = ORIENTED_EDGE ( 'NONE', *, *, #8991, .T. ) ;
#7408 = VECTOR ( 'NONE', #3648, 1000.000000000000000 ) ;
#7409 = EDGE_CURVE ( 'NONE', #9568, #7610, #6023, .T. ) ;
#7410 = CARTESIAN_POINT ( 'NONE',  ( 1.974999999999999423, 3.299999999999999822, -1.224999999999999645 ) ) ;
#7411 = EDGE_CURVE ( 'NONE', #1409, #9359, #516, .T. ) ;
#7412 = VECTOR ( 'NONE', #8507, 1000.000000000000114 ) ;
#7413 = CARTESIAN_POINT ( 'NONE',  ( 0.7249999999999999778, 4.049999999999999822, 0.2749999999999994116 ) ) ;
#7414 = ORIENTED_EDGE ( 'NONE', *, *, #9443, .T. ) ;
#7415 = DIRECTION ( 'NONE',  ( 0.000000000000000000, -1.000000000000000000, 2.710505431213761393E-17 ) ) ;
#7416 = CARTESIAN_POINT ( 'NONE',  ( 5.524999999999997691, 0.3000000000000008771, -1.374999999999999778 ) ) ;
#7417 = ORIENTED_EDGE ( 'NONE', *, *, #6129, .T. ) ;
#7418 = ORIENTED_EDGE ( 'NONE', *, *, #5441, .T. ) ;
#7419 = DIRECTION ( 'NONE',  ( -0.000000000000000000, 0.7071067811865405783, 0.7071067811865545671 ) ) ;
#7420 = MECHANICAL_DESIGN_GEOMETRIC_PRESENTATION_REPRESENTATION (  '', ( #8415 ), #7225 ) ;
#7421 = VERTEX_POINT ( 'NONE', #3775 ) ;
#7422 = ORIENTED_EDGE ( 'NONE', *, *, #10175, .T. ) ;
#7423 = DIRECTION ( 'NONE',  ( 0.000000000000000000, -2.456395547037470490E-16, 1.000000000000000000 ) ) ;
#7424 = ADVANCED_FACE ( 'NONE', ( #4688 ), #467, .F. ) ;
#7425 = CARTESIAN_POINT ( 'NONE',  ( 3.024999999999998579, 3.299999999999999822, -0.7749999999999999112 ) ) ;
#7426 = CARTESIAN_POINT ( 'NONE',  ( 6.531793621149187601, 3.050000000000000266, -0.02500000000000021302 ) ) ;
#7427 = ORIENTED_EDGE ( 'NONE', *, *, #9885, .T. ) ;
#7428 = CARTESIAN_POINT ( 'NONE',  ( 5.724999999999997868, 1.199999999999999734, 0.1750000000000000722 ) ) ;
#7429 = ORIENTED_EDGE ( 'NONE', *, *, #3801, .T. ) ;
#7430 = CARTESIAN_POINT ( 'NONE',  ( 0.5250000000000011324, 1.449999999999999956, 0.3750000000000000000 ) ) ;
#7431 = EDGE_CURVE ( 'NONE', #5505, #2537, #3892, .T. ) ;
#7432 = ORIENTED_EDGE ( 'NONE', *, *, #6453, .T. ) ;
#7433 = CARTESIAN_POINT ( 'NONE',  ( 3.224999999999997868, 1.199999999999999734, 0.1750000000000000722 ) ) ;
#7434 = PLANE ( 'NONE',  #4457 ) ;
#7435 = ADVANCED_FACE ( 'NONE', ( #7104 ), #3039, .F. ) ;
#7436 = CARTESIAN_POINT ( 'NONE',  ( -4.299999999999998934, 3.849999999999997424, 2.075000000000000622 ) ) ;
#7437 = PLANE ( 'NONE',  #8254 ) ;
#7438 = ORIENTED_EDGE ( 'NONE', *, *, #3684, .T. ) ;
#7439 = DIRECTION ( 'NONE',  ( -0.000000000000000000, -1.000000000000000000, -0.000000000000000000 ) ) ;
#7440 = FACE_OUTER_BOUND ( 'NONE', #1664, .T. ) ;
#7441 = EDGE_LOOP ( 'NONE', ( #6947, #9533, #9471, #3992 ) ) ;
#7442 = DIRECTION ( 'NONE',  ( 0.000000000000000000, 0.000000000000000000, -1.000000000000000000 ) ) ;
#7443 = ORIENTED_EDGE ( 'NONE', *, *, #3575, .T. ) ;
#7444 = LINE ( 'NONE', #3506, #2701 ) ;
#7445 = ORIENTED_EDGE ( 'NONE', *, *, #680, .F. ) ;
#7446 = VECTOR ( 'NONE', #6828, 1000.000000000000114 ) ;
#7447 = ADVANCED_FACE ( 'NONE', ( #10423 ), #9455, .F. ) ;
#7448 = CARTESIAN_POINT ( 'NONE',  ( 7.375000000000000888, 0.000000000000000000, 0.000000000000000000 ) ) ;
#7449 = ORIENTED_EDGE ( 'NONE', *, *, #4661, .T. ) ;
#7450 = CARTESIAN_POINT ( 'NONE',  ( 0.5250000000000011324, 4.049999999999999822, 0.2749999999999994671 ) ) ;
#7451 = DIRECTION ( 'NONE',  ( 0.000000000000000000, -0.7071067811865475727, 0.7071067811865475727 ) ) ;
#7452 = DIRECTION ( 'NONE',  ( -0.000000000000000000, -0.7071067811865474617, 0.7071067811865474617 ) ) ;
#7453 = VERTEX_POINT ( 'NONE', #8652 ) ;
#7454 = DIRECTION ( 'NONE',  ( 0.000000000000000000, 0.000000000000000000, -1.000000000000000000 ) ) ;
#7455 = ADVANCED_FACE ( 'NONE', ( #7050 ), #4745, .F. ) ;
#7456 = DIRECTION ( 'NONE',  ( 0.000000000000000000, -1.000000000000000000, 0.000000000000000000 ) ) ;
#7457 = VERTEX_POINT ( 'NONE', #147 ) ;
#7458 = FACE_OUTER_BOUND ( 'NONE', #6570, .T. ) ;
#7459 = EDGE_CURVE ( 'NONE', #6710, #3066, #8995, .T. ) ;
#7460 = AXIS2_PLACEMENT_3D ( 'NONE', #4200, #7475, #4150 ) ;
#7461 = LINE ( 'NONE', #8307, #1049 ) ;
#7462 = AXIS2_PLACEMENT_3D ( 'NONE', #1502, #7423, #7995 ) ;
#7463 = CARTESIAN_POINT ( 'NONE',  ( 8.749999999999998224, 0.000000000000000000, -1.224999999999999645 ) ) ;
#7464 = ORIENTED_EDGE ( 'NONE', *, *, #6226, .F. ) ;
#7465 = EDGE_CURVE ( 'NONE', #4215, #1927, #7396, .T. ) ;
#7466 = VECTOR ( 'NONE', #6572, 1000.000000000000000 ) ;
#7467 = DIRECTION ( 'NONE',  ( 0.000000000000000000, 3.336006684570783101E-16, -1.000000000000000000 ) ) ;
#7468 = ORIENTED_EDGE ( 'NONE', *, *, #2725, .T. ) ;
#7469 = EDGE_LOOP ( 'NONE', ( #3389, #8317, #3884, #631, #10483, #8667 ) ) ;
#7470 = EDGE_CURVE ( 'NONE', #570, #9077, #950, .T. ) ;
#7471 = ORIENTED_EDGE ( 'NONE', *, *, #9098, .F. ) ;
#7472 = AXIS2_PLACEMENT_3D ( 'NONE', #4897, #8175, #6323 ) ;
#7473 = ORIENTED_EDGE ( 'NONE', *, *, #5012, .T. ) ;
#7474 = VECTOR ( 'NONE', #6275, 999.9999999999998863 ) ;
#7475 = DIRECTION ( 'NONE',  ( 0.000000000000000000, 0.7071067811865570096, -0.7071067811865381358 ) ) ;
#7476 = CARTESIAN_POINT ( 'NONE',  ( 3.024999999999999023, 3.950000000000000178, 0.1750000000000000722 ) ) ;
#7477 = DIRECTION ( 'NONE',  ( 0.000000000000000000, 8.642948658383688297E-16, 1.000000000000000000 ) ) ;
#7478 = CARTESIAN_POINT ( 'NONE',  ( 0.5250000000000011324, 1.199999999999999734, 0.1750000000000000722 ) ) ;
#7479 = VERTEX_POINT ( 'NONE', #7280 ) ;
#7480 = COLOUR_RGB ( '',0.7960784313725489669, 0.8235294117647058432, 0.9372549019607843146 ) ;
#7481 = CARTESIAN_POINT ( 'NONE',  ( 1.624999999999999334, 1.199999999999999734, 0.1750000000000000999 ) ) ;
#7482 = ORIENTED_EDGE ( 'NONE', *, *, #10422, .F. ) ;
#7483 = DIRECTION ( 'NONE',  ( -1.000000000000000000, 0.000000000000000000, 0.000000000000000000 ) ) ;
#7484 = LINE ( 'NONE', #1622, #6673 ) ;
#7485 = LINE ( 'NONE', #2519, #10119 ) ;
#7486 = ORIENTED_EDGE ( 'NONE', *, *, #8669, .F. ) ;
#7487 = CARTESIAN_POINT ( 'NONE',  ( 1.974999999999997646, -0.1499999999999963862, -1.474999999999999645 ) ) ;
#7488 = VECTOR ( 'NONE', #10100, 1000.000000000000000 ) ;
#7489 = ORIENTED_EDGE ( 'NONE', *, *, #2113, .T. ) ;
#7490 = DIRECTION ( 'NONE',  ( 0.000000000000000000, 0.7071067811865431318, 0.7071067811865519026 ) ) ;
#7491 = EDGE_CURVE ( 'NONE', #6692, #8676, #8822, .T. ) ;
#7492 = ORIENTED_EDGE ( 'NONE', *, *, #9431, .T. ) ;
#7493 = FACE_OUTER_BOUND ( 'NONE', #5142, .T. ) ;
#7494 = ADVANCED_FACE ( 'NONE', ( #1635 ), #8189, .F. ) ;
#7495 = EDGE_CURVE ( 'NONE', #2094, #2181, #844, .T. ) ;
#7496 = CARTESIAN_POINT ( 'NONE',  ( 3.024999999999997691, -0.04999999999999567291, -2.474999999999999645 ) ) ;
#7497 = VERTEX_POINT ( 'NONE', #4121 ) ;
#7498 = CARTESIAN_POINT ( 'NONE',  ( 1.974999999999997646, 0.1500000000000032419, -2.474999999999999645 ) ) ;
#7499 = AXIS2_PLACEMENT_3D ( 'NONE', #531, #7005, #479 ) ;
#7500 = ORIENTED_EDGE ( 'NONE', *, *, #8404, .T. ) ;
#7501 = FACE_OUTER_BOUND ( 'NONE', #1971, .T. ) ;
#7502 = FILL_AREA_STYLE_COLOUR ( '', #6690 ) ;
#7503 = DIRECTION ( 'NONE',  ( 0.000000000000000000, 0.000000000000000000, 1.000000000000000000 ) ) ;
#7504 = DIRECTION ( 'NONE',  ( -1.000000000000000000, -0.000000000000000000, -0.000000000000000000 ) ) ;
#7505 = DIRECTION ( 'NONE',  ( -0.000000000000000000, 0.000000000000000000, 1.000000000000000000 ) ) ;
#7506 = VERTEX_POINT ( 'NONE', #2473 ) ;
#7507 = DIRECTION ( 'NONE',  ( 0.000000000000000000, 0.000000000000000000, 1.000000000000000000 ) ) ;
#7508 = LINE ( 'NONE', #9872, #5779 ) ;
#7509 = EDGE_CURVE ( 'NONE', #2698, #7562, #98, .T. ) ;
#7510 = VECTOR ( 'NONE', #6527, 1000.000000000000000 ) ;
#7511 = VECTOR ( 'NONE', #10434, 1000.000000000000000 ) ;
#7512 = ADVANCED_FACE ( 'NONE', ( #4957 ), #8245, .T. ) ;
#7513 = LINE ( 'NONE', #2646, #1770 ) ;
#7514 = AXIS2_PLACEMENT_3D ( 'NONE', #648, #1324, #5511 ) ;
#7515 = DIRECTION ( 'NONE',  ( 0.8944271909999159664, -0.4472135954999579832, 0.000000000000000000 ) ) ;
#7516 = ORIENTED_EDGE ( 'NONE', *, *, #8549, .T. ) ;
#7517 = ORIENTED_EDGE ( 'NONE', *, *, #7161, .T. ) ;
#7518 = FACE_BOUND ( 'NONE', #1418, .T. ) ;
#7519 = VERTEX_POINT ( 'NONE', #6411 ) ;
#7520 = ORIENTED_EDGE ( 'NONE', *, *, #8172, .F. ) ;
#7521 = EDGE_CURVE ( 'NONE', #7336, #7212, #9961, .T. ) ;
#7522 = CARTESIAN_POINT ( 'NONE',  ( 2.124999999999997780, 1.199999999999999734, 0.1750000000000000999 ) ) ;
#7523 = CARTESIAN_POINT ( 'NONE',  ( 3.024999999999998579, 3.449999999999999289, 0.3749999999999999445 ) ) ;
#7524 = CARTESIAN_POINT ( 'NONE',  ( -1.125000000000000888, 3.950000000000000178, 0.1750000000000002387 ) ) ;
#7525 = DIRECTION ( 'NONE',  ( -0.000000000000000000, -0.000000000000000000, -1.000000000000000000 ) ) ;
#7526 = EDGE_CURVE ( 'NONE', #1569, #3626, #5059, .T. ) ;
#7527 = ORIENTED_EDGE ( 'NONE', *, *, #5899, .T. ) ;
#7528 = VECTOR ( 'NONE', #1820, 1000.000000000000000 ) ;
#7529 = EDGE_CURVE ( 'NONE', #2466, #9190, #8340, .T. ) ;
#7530 = UNCERTAINTY_MEASURE_WITH_UNIT (LENGTH_MEASURE( 1.000000000000000082E-05 ), #355, 'distance_accuracy_value', 'NONE');
#7531 =( NAMED_UNIT ( * ) PLANE_ANGLE_UNIT ( ) SI_UNIT ( $, .RADIAN. ) );
#7532 = ORIENTED_EDGE ( 'NONE', *, *, #8587, .T. ) ;
#7533 = DIRECTION ( 'NONE',  ( 3.066586833366752221E-16, -0.7071067811865473507, 0.7071067811865477948 ) ) ;
#7534 = CARTESIAN_POINT ( 'NONE',  ( 4.274999999999998579, 1.016439536705160869E-17, 0.3750000000000000555 ) ) ;
#7535 = LINE ( 'NONE', #1823, #3461 ) ;
#7536 = VECTOR ( 'NONE', #7640, 1000.000000000000000 ) ;
#7537 = VECTOR ( 'NONE', #1467, 1000.000000000000000 ) ;
#7538 = ORIENTED_EDGE ( 'NONE', *, *, #5305, .T. ) ;
#7539 = FACE_OUTER_BOUND ( 'NONE', #129, .T. ) ;
#7540 = VECTOR ( 'NONE', #1897, 1000.000000000000000 ) ;
#7541 = ORIENTED_EDGE ( 'NONE', *, *, #10150, .T. ) ;
#7542 = CARTESIAN_POINT ( 'NONE',  ( 7.625000000000000000, 2.899999999999999911, 0.1750000000000002387 ) ) ;
#7543 = AXIS2_PLACEMENT_3D ( 'NONE', #8659, #4808, #4009 ) ;
#7544 = DIRECTION ( 'NONE',  ( 0.000000000000000000, 0.000000000000000000, -1.000000000000000000 ) ) ;
#7545 = VECTOR ( 'NONE', #4227, 1000.000000000000000 ) ;
#7546 = CARTESIAN_POINT ( 'NONE',  ( 2.874999999999999112, 4.049999999999999822, 0.4749999999999995337 ) ) ;
#7547 = EDGE_LOOP ( 'NONE', ( #1881, #9118, #4132, #2933 ) ) ;
#7548 = CARTESIAN_POINT ( 'NONE',  ( 7.781793621149187601, 3.050000000000000266, -0.1050000000000000655 ) ) ;
#7549 = ORIENTED_EDGE ( 'NONE', *, *, #10050, .T. ) ;
#7550 = LINE ( 'NONE', #4226, #564 ) ;
#7551 = DIRECTION ( 'NONE',  ( -1.000000000000000000, -0.000000000000000000, -0.000000000000000000 ) ) ;
#7552 = LINE ( 'NONE', #6697, #7841 ) ;
#7553 = CARTESIAN_POINT ( 'NONE',  ( 0.7249999999999973133, -0.04999999999999636680, -2.375000000000000000 ) ) ;
#7554 = FACE_OUTER_BOUND ( 'NONE', #8315, .T. ) ;
#7555 = EDGE_CURVE ( 'NONE', #9967, #2505, #2630, .T. ) ;
#7556 = VERTEX_POINT ( 'NONE', #4264 ) ;
#7557 = FACE_OUTER_BOUND ( 'NONE', #6590, .T. ) ;
#7558 = PLANE ( 'NONE',  #8510 ) ;
#7559 =( NAMED_UNIT ( * ) PLANE_ANGLE_UNIT ( ) SI_UNIT ( $, .RADIAN. ) );
#7560 = VECTOR ( 'NONE', #7183, 1000.000000000000000 ) ;
#7561 = VECTOR ( 'NONE', #195, 1000.000000000000114 ) ;
#7562 = VERTEX_POINT ( 'NONE', #7546 ) ;
#7563 = DIRECTION ( 'NONE',  ( 0.4472135954999579277, 0.8944271909999158554, 0.000000000000000000 ) ) ;
#7564 = VERTEX_POINT ( 'NONE', #252 ) ;
#7565 = EDGE_CURVE ( 'NONE', #1226, #9100, #1183, .T. ) ;
#7566 = VECTOR ( 'NONE', #6467, 1000.000000000000000 ) ;
#7567 = DIRECTION ( 'NONE',  ( 0.000000000000000000, 0.000000000000000000, -1.000000000000000000 ) ) ;
#7568 = EDGE_CURVE ( 'NONE', #2272, #6879, #10055, .T. ) ;
#7569 = DIRECTION ( 'NONE',  ( -0.000000000000000000, -0.000000000000000000, -1.000000000000000000 ) ) ;
#7570 = FACE_OUTER_BOUND ( 'NONE', #9420, .T. ) ;
#7571 = ADVANCED_FACE ( 'NONE', ( #5010 ), #8436, .F. ) ;
#7572 = DIRECTION ( 'NONE',  ( -1.000000000000000000, -0.000000000000000000, -0.000000000000000000 ) ) ;
#7573 = ORIENTED_EDGE ( 'NONE', *, *, #9391, .T. ) ;
#7574 = EDGE_CURVE ( 'NONE', #8411, #1313, #9099, .T. ) ;
#7575 = VECTOR ( 'NONE', #6845, 1000.000000000000000 ) ;
#7576 = ORIENTED_EDGE ( 'NONE', *, *, #9131, .T. ) ;
#7577 = LINE ( 'NONE', #1869, #7691 ) ;
#7578 = EDGE_CURVE ( 'NONE', #509, #5387, #4408, .T. ) ;
#7579 = CARTESIAN_POINT ( 'NONE',  ( 5.724999999999997868, 0.09999999999999999167, -0.8250000000000010658 ) ) ;
#7580 = CARTESIAN_POINT ( 'NONE',  ( 3.224999999999997424, 0.3000000000000009881, -1.625000000000000666 ) ) ;
#7581 = CARTESIAN_POINT ( 'NONE',  ( 1.624999999999999334, 1.449999999999999956, 0.1750000000000000999 ) ) ;
#7582 = ORIENTED_EDGE ( 'NONE', *, *, #4675, .F. ) ;
#7583 = CARTESIAN_POINT ( 'NONE',  ( 7.875000000000000000, 0.4999999999999998890, -1.574999999999999512 ) ) ;
#7584 = VERTEX_POINT ( 'NONE', #7587 ) ;
#7585 = ORIENTED_EDGE ( 'NONE', *, *, #8375, .F. ) ;
#7586 = DIRECTION ( 'NONE',  ( 1.000000000000000000, 0.000000000000000000, 1.807003620809174632E-16 ) ) ;
#7587 = CARTESIAN_POINT ( 'NONE',  ( 0.7249999999999973133, 0.1500000000000037970, -1.816421356237308826 ) ) ;
#7588 = EDGE_LOOP ( 'NONE', ( #1280, #2837, #5092, #7105 ) ) ;
#7589 = ADVANCED_FACE ( 'NONE', ( #3416 ), #4221, .T. ) ;
#7590 = CARTESIAN_POINT ( 'NONE',  ( -1.325000000000001510, 1.899999999999999911, 1.825000000000000622 ) ) ;
#7591 = EDGE_LOOP ( 'NONE', ( #4852, #6614, #457, #9286 ) ) ;
#7592 = CARTESIAN_POINT ( 'NONE',  ( -3.124999999999999112, 0.000000000000000000, -0.3499999999999999223 ) ) ;
#7593 = CARTESIAN_POINT ( 'NONE',  ( 5.724999999999997868, 0.1792893218813486067, -1.745710678118654435 ) ) ;
#7594 = EDGE_LOOP ( 'NONE', ( #5146, #5217, #123, #2820, #5069, #9897 ) ) ;
#7595 = DIRECTION ( 'NONE',  ( -1.000000000000000000, -0.000000000000000000, -0.000000000000000000 ) ) ;
#7596 = DIRECTION ( 'NONE',  ( 0.000000000000000000, -1.000000000000000000, -4.336808689942002945E-16 ) ) ;
#7597 = CARTESIAN_POINT ( 'NONE',  ( -1.325000000000001510, 0.000000000000000000, 2.475000000000000089 ) ) ;
#7598 = CARTESIAN_POINT ( 'NONE',  ( 4.474999999999997868, 3.950000000000000178, 0.1750000000000000722 ) ) ;
#7599 = CARTESIAN_POINT ( 'NONE',  ( 0.000000000000000000, 4.049999999999999822, 0.4749999999999995337 ) ) ;
#7600 = DIRECTION ( 'NONE',  ( -0.000000000000000000, 1.000000000000000000, 0.000000000000000000 ) ) ;
#7601 = VECTOR ( 'NONE', #2869, 1000.000000000000000 ) ;
#7602 = DIRECTION ( 'NONE',  ( 0.000000000000000000, 4.553649124439118623E-15, -1.000000000000000000 ) ) ;
#7603 = EDGE_CURVE ( 'NONE', #7562, #7479, #9912, .T. ) ;
#7604 = LINE ( 'NONE', #2694, #500 ) ;
#7605 = DIRECTION ( 'NONE',  ( 0.000000000000000000, 1.000000000000000000, 0.000000000000000000 ) ) ;
#7606 = ORIENTED_EDGE ( 'NONE', *, *, #4405, .F. ) ;
#7607 = DIRECTION ( 'NONE',  ( -1.000000000000000000, 0.000000000000000000, 0.000000000000000000 ) ) ;
#7608 = ORIENTED_EDGE ( 'NONE', *, *, #7459, .F. ) ;
#7609 = AXIS2_PLACEMENT_3D ( 'NONE', #8324, #6720, #9175 ) ;
#7610 = VERTEX_POINT ( 'NONE', #6787 ) ;
#7611 = CARTESIAN_POINT ( 'NONE',  ( 1.624999999999999334, 1.449999999999999956, 0.1750000000000000999 ) ) ;
#7612 = AXIS2_PLACEMENT_3D ( 'NONE', #3191, #7197, #7257 ) ;
#7613 = EDGE_CURVE ( 'NONE', #990, #9915, #6739, .T. ) ;
#7614 = ADVANCED_FACE ( 'NONE', ( #2578, #5817 ), #2679, .F. ) ;
#7615 = EDGE_CURVE ( 'NONE', #7375, #185, #1880, .T. ) ;
#7616 = VECTOR ( 'NONE', #830, 1000.000000000000114 ) ;
#7617 = ORIENTED_EDGE ( 'NONE', *, *, #1484, .F. ) ;
#7618 =( NAMED_UNIT ( * ) PLANE_ANGLE_UNIT ( ) SI_UNIT ( $, .RADIAN. ) );
#7619 = DIRECTION ( 'NONE',  ( 0.000000000000000000, 0.000000000000000000, -1.000000000000000000 ) ) ;
#7620 = VECTOR ( 'NONE', #2030, 1000.000000000000000 ) ;
#7621 = ORIENTED_EDGE ( 'NONE', *, *, #2092, .F. ) ;
#7622 = ADVANCED_FACE ( 'NONE', ( #5958 ), #5101, .F. ) ;
#7623 = LINE ( 'NONE', #9132, #3008 ) ;
#7624 = EDGE_LOOP ( 'NONE', ( #4470, #5222, #3602, #3948, #10518, #5161, #935, #9566, #9804, #3947, #6979, #924, #8545 ) ) ;
#7625 = AXIS2_PLACEMENT_3D ( 'NONE', #450, #9494, #2180 ) ;
#7626 = DIRECTION ( 'NONE',  ( 0.000000000000000000, 0.000000000000000000, -1.000000000000000000 ) ) ;
#7627 = ORIENTED_EDGE ( 'NONE', *, *, #8462, .F. ) ;
#7628 = LINE ( 'NONE', #343, #10158 ) ;
#7629 = LINE ( 'NONE', #4556, #2455 ) ;
#7630 = PLANE ( 'NONE',  #9592 ) ;
#7631 = ORIENTED_EDGE ( 'NONE', *, *, #9158, .T. ) ;
#7632 = VECTOR ( 'NONE', #1473, 1000.000000000000000 ) ;
#7633 = DIRECTION ( 'NONE',  ( -0.000000000000000000, 0.7071067811865474617, 0.7071067811865474617 ) ) ;
#7635 = EDGE_CURVE ( 'NONE', #372, #1024, #4360, .T. ) ;
#7634 = CARTESIAN_POINT ( 'NONE',  ( 6.249999999999998224, 4.049999999999999822, 0.4749999999999995337 ) ) ;
#7636 = ORIENTED_EDGE ( 'NONE', *, *, #6770, .T. ) ;
#7637 = DIRECTION ( 'NONE',  ( 0.000000000000000000, 0.000000000000000000, -1.000000000000000000 ) ) ;
#7638 = ORIENTED_EDGE ( 'NONE', *, *, #8244, .F. ) ;
#7639 = CARTESIAN_POINT ( 'NONE',  ( 4.124999999999999112, 3.950000000000000178, 0.3750000000000001110 ) ) ;
#7640 = DIRECTION ( 'NONE',  ( 0.000000000000000000, 0.7071067811865476838, 0.7071067811865474617 ) ) ;
#7641 = VECTOR ( 'NONE', #8712, 1000.000000000000000 ) ;
#7642 = DIRECTION ( 'NONE',  ( 1.277744513902812275E-16, 0.7071067811865475727, -0.7071067811865475727 ) ) ;
#7643 = LINE ( 'NONE', #1099, #9837 ) ;
#7644 = VECTOR ( 'NONE', #5450, 1000.000000000000000 ) ;
#7645 = CARTESIAN_POINT ( 'NONE',  ( 2.781793621149188045, 3.449999999999999289, 0.3749999999999999445 ) ) ;
#7646 = DIRECTION ( 'NONE',  ( -0.000000000000000000, -0.7071067811865381358, -0.7071067811865570096 ) ) ;
#7647 = PLANE ( 'NONE',  #3596 ) ;
#7648 = CARTESIAN_POINT ( 'NONE',  ( -2.500000000000000000, 4.049999999999999822, 0.2750000000000002442 ) ) ;
#7649 = EDGE_CURVE ( 'NONE', #2235, #6523, #3560, .T. ) ;
#7650 = VECTOR ( 'NONE', #2601, 1000.000000000000000 ) ;
#7651 = ORIENTED_EDGE ( 'NONE', *, *, #9887, .F. ) ;
#7652 = LINE ( 'NONE', #2150, #2903 ) ;
#7653 = EDGE_LOOP ( 'NONE', ( #2887, #1955, #9215, #2615 ) ) ;
#7654 = AXIS2_PLACEMENT_3D ( 'NONE', #9619, #1511, #9680 ) ;
#7655 = LINE ( 'NONE', #6034, #9031 ) ;
#7656 = VECTOR ( 'NONE', #3318, 1000.000000000000000 ) ;
#7657 = PRESENTATION_STYLE_ASSIGNMENT (( #6765 ) ) ;
#7658 = DIRECTION ( 'NONE',  ( 1.000000000000000000, -0.000000000000000000, -0.000000000000000000 ) ) ;
#7659 = CARTESIAN_POINT ( 'NONE',  ( 4.274999999999998579, 3.050000000000000266, -0.1050000000000000655 ) ) ;
#7660 = DIRECTION ( 'NONE',  ( 0.000000000000000000, 0.000000000000000000, 1.000000000000000000 ) ) ;
#7661 = ADVANCED_FACE ( 'NONE', ( #2122 ), #6113, .F. ) ;
#7662 = ORIENTED_EDGE ( 'NONE', *, *, #752, .T. ) ;
#7663 = LINE ( 'NONE', #3852, #8655 ) ;
#7664 = ORIENTED_EDGE ( 'NONE', *, *, #5264, .T. ) ;
#7665 = DIRECTION ( 'NONE',  ( 1.000000000000000000, -3.336006684570783101E-16, 0.000000000000000000 ) ) ;
#7666 = CARTESIAN_POINT ( 'NONE',  ( -1.125000000000000888, 1.800000000000000044, -1.175000000000000044 ) ) ;
#7667 = PRESENTATION_STYLE_ASSIGNMENT (( #4400 ) ) ;
#7668 = FACE_OUTER_BOUND ( 'NONE', #773, .T. ) ;
#7669 = EDGE_CURVE ( 'NONE', #10511, #2344, #664, .T. ) ;
#7670 = EDGE_CURVE ( 'NONE', #3465, #1807, #6878, .T. ) ;
#7671 = ORIENTED_EDGE ( 'NONE', *, *, #1778, .T. ) ;
#7672 = FACE_OUTER_BOUND ( 'NONE', #8574, .T. ) ;
#7673 = CARTESIAN_POINT ( 'NONE',  ( 6.875000000000000888, -6.123233995736742617E-17, -0.3340169943749460302 ) ) ;
#7674 = AXIS2_PLACEMENT_3D ( 'NONE', #1237, #6934, #10198 ) ;
#7675 = ORIENTED_EDGE ( 'NONE', *, *, #6099, .T. ) ;
#7676 = LINE ( 'NONE', #2682, #4508 ) ;
#7677 = ORIENTED_EDGE ( 'NONE', *, *, #9789, .F. ) ;
#7678 = LINE ( 'NONE', #6064, #10099 ) ;
#7679 = VECTOR ( 'NONE', #401, 1000.000000000000000 ) ;
#7680 = DIRECTION ( 'NONE',  ( 1.000000000000000000, 0.000000000000000000, 0.000000000000000000 ) ) ;
#7681 = CARTESIAN_POINT ( 'NONE',  ( -1.125000000000000888, 4.049999999999999822, 0.1750000000000002387 ) ) ;
#7682 = EDGE_CURVE ( 'NONE', #1774, #731, #3812, .T. ) ;
#7683 = DIRECTION ( 'NONE',  ( 0.000000000000000000, 0.000000000000000000, 1.000000000000000000 ) ) ;
#7684 = CARTESIAN_POINT ( 'NONE',  ( 3.224999999999997868, 1.199999999999999734, 0.1750000000000000722 ) ) ;
#7685 = ORIENTED_EDGE ( 'NONE', *, *, #2498, .T. ) ;
#7686 = DIRECTION ( 'NONE',  ( 0.000000000000000000, -1.000000000000000000, -2.456395547037470490E-16 ) ) ;
#7687 = DIRECTION ( 'NONE',  ( 1.000000000000000000, 0.000000000000000000, 0.000000000000000000 ) ) ;
#7688 = LINE ( 'NONE', #1192, #700 ) ;
#7689 = ORIENTED_EDGE ( 'NONE', *, *, #5012, .F. ) ;
#7690 = PRESENTATION_LAYER_ASSIGNMENT (  '', '', ( #2911 ) ) ;
#7691 = VECTOR ( 'NONE', #3498, 1000.000000000000000 ) ;
#7692 = LINE ( 'NONE', #1298, #5945 ) ;
#7693 = EDGE_CURVE ( 'NONE', #1010, #1399, #8636, .T. ) ;
#7694 = VERTEX_POINT ( 'NONE', #7085 ) ;
#7695 = DIRECTION ( 'NONE',  ( 0.000000000000000000, -0.000000000000000000, 1.000000000000000000 ) ) ;
#7696 = ORIENTED_EDGE ( 'NONE', *, *, #4209, .F. ) ;
#7697 = VECTOR ( 'NONE', #5663, 1000.000000000000000 ) ;
#7698 = DIRECTION ( 'NONE',  ( 0.000000000000000000, 0.000000000000000000, -1.000000000000000000 ) ) ;
#7699 = ORIENTED_EDGE ( 'NONE', *, *, #176, .T. ) ;
#7700 = CARTESIAN_POINT ( 'NONE',  ( 5.724999999999997868, 0.1000000000000020872, -1.224999999999998312 ) ) ;
#7701 = EDGE_CURVE ( 'NONE', #8761, #9965, #5249, .T. ) ;
#7702 = CARTESIAN_POINT ( 'NONE',  ( 1.774999999999998801, 3.050000000000000266, -0.1050000000000000655 ) ) ;
#7703 = EDGE_LOOP ( 'NONE', ( #8037, #7133, #6492, #4526 ) ) ;
#7704 = EDGE_CURVE ( 'NONE', #5447, #4753, #4217, .T. ) ;
#7705 = VERTEX_POINT ( 'NONE', #4507 ) ;
#7706 = CARTESIAN_POINT ( 'NONE',  ( 4.474999999999996980, 0.3500000000000009215, -1.324999999999999512 ) ) ;
#7707 = AXIS2_PLACEMENT_3D ( 'NONE', #3934, #2569, #5755 ) ;
#7708 = VECTOR ( 'NONE', #1935, 1000.000000000000000 ) ;
#7709 = VECTOR ( 'NONE', #3088, 1000.000000000000000 ) ;
#7710 = ORIENTED_EDGE ( 'NONE', *, *, #10190, .T. ) ;
#7711 = CARTESIAN_POINT ( 'NONE',  ( 4.474999999999996980, 1.449999999999999956, -0.02500000000000060854 ) ) ;
#7712 = DIRECTION ( 'NONE',  ( 0.000000000000000000, 0.000000000000000000, 1.000000000000000000 ) ) ;
#7713 = CARTESIAN_POINT ( 'NONE',  ( 7.575000000000000178, 0.000000000000000000, 2.475000000000000089 ) ) ;
#7714 = VECTOR ( 'NONE', #2756, 1000.000000000000000 ) ;
#7715 = FACE_OUTER_BOUND ( 'NONE', #971, .T. ) ;
#7716 = ORIENTED_EDGE ( 'NONE', *, *, #3382, .T. ) ;
#7717 = PRESENTATION_LAYER_ASSIGNMENT (  '', '', ( #267 ) ) ;
#7718 = CARTESIAN_POINT ( 'NONE',  ( -7.875000000000000000, 1.999999999999999112, 2.475000000000000089 ) ) ;
#7719 = VERTEX_POINT ( 'NONE', #1443 ) ;
#7720 = EDGE_CURVE ( 'NONE', #2680, #7264, #3756, .T. ) ;
#7721 = CLOSED_SHELL ( 'NONE', ( #2130, #9992, #9602, #6811, #3692, #9173, #7933, #2321, #9009, #4889, #373, #386, #4614, #2791, #7294 ) ) ;
#7722 = DIRECTION ( 'NONE',  ( -0.000000000000000000, 0.000000000000000000, 1.000000000000000000 ) ) ;
#7723 = FACE_OUTER_BOUND ( 'NONE', #7120, .T. ) ;
#7724 = VERTEX_POINT ( 'NONE', #2025 ) ;
#7725 = CARTESIAN_POINT ( 'NONE',  ( 4.474999999999996980, 0.1500000000000032419, -2.474999999999999645 ) ) ;
#7726 = EDGE_LOOP ( 'NONE', ( #5259, #3978, #1806, #4476 ) ) ;
#7727 = VECTOR ( 'NONE', #4130, 1000.000000000000000 ) ;
#7728 = ADVANCED_FACE ( 'NONE', ( #7777 ), #9548, .F. ) ;
#7729 = DIRECTION ( 'NONE',  ( -0.5773502691896259531, 0.5773502691896259531, 0.5773502691896253980 ) ) ;
#7730 = PLANE ( 'NONE',  #7625 ) ;
#7731 = EDGE_CURVE ( 'NONE', #8074, #2755, #6617, .T. ) ;
#7732 = ORIENTED_EDGE ( 'NONE', *, *, #4661, .F. ) ;
#7733 = FACE_OUTER_BOUND ( 'NONE', #490, .T. ) ;
#7734 = CARTESIAN_POINT ( 'NONE',  ( 0.5479670385731003623, 2.649999999999998135, 1.075000000000000400 ) ) ;
#7735 = PLANE ( 'NONE',  #7674 ) ;
#7736 = CARTESIAN_POINT ( 'NONE',  ( 7.625000000000000000, 4.049999999999999822, 2.475000000000000089 ) ) ;
#7737 = LINE ( 'NONE', #456, #2283 ) ;
#7738 = VERTEX_POINT ( 'NONE', #8751 ) ;
#7739 = DIRECTION ( 'NONE',  ( 0.000000000000000000, 0.000000000000000000, -1.000000000000000000 ) ) ;
#7740 = LINE ( 'NONE', #408, #10278 ) ;
#7741 = DIRECTION ( 'NONE',  ( -1.277744513902812521E-16, 0.7071067811865473507, -0.7071067811865476838 ) ) ;
#7742 = VERTEX_POINT ( 'NONE', #4669 ) ;
#7743 = PLANE ( 'NONE',  #3716 ) ;
#7744 = VERTEX_POINT ( 'NONE', #6216 ) ;
#7745 = DIRECTION ( 'NONE',  ( 0.000000000000000000, 1.000000000000000000, 0.000000000000000000 ) ) ;
#7746 = EDGE_CURVE ( 'NONE', #7868, #7506, #7829, .T. ) ;
#7747 = VERTEX_POINT ( 'NONE', #501 ) ;
#7748 = CARTESIAN_POINT ( 'NONE',  ( 5.524999999999998579, 4.049999999999999822, 0.2749999999999994116 ) ) ;
#7749 = PLANE ( 'NONE',  #3771 ) ;
#7750 = ORIENTED_EDGE ( 'NONE', *, *, #7858, .F. ) ;
#7751 = LINE ( 'NONE', #10272, #5115 ) ;
#7752 = CARTESIAN_POINT ( 'NONE',  ( 6.000000000000000888, 0.000000000000000000, 2.075000000000000622 ) ) ;
#7753 = EDGE_LOOP ( 'NONE', ( #5335, #1094, #5240, #8527 ) ) ;
#7754 = ADVANCED_FACE ( 'NONE', ( #4458 ), #7730, .F. ) ;
#7755 = EDGE_LOOP ( 'NONE', ( #5404, #6266, #10406, #7900, #6974, #818, #4828, #7259, #3786, #4239, #3629, #2879, #712 ) ) ;
#7756 = DIRECTION ( 'NONE',  ( 0.000000000000000000, -2.456395547037470490E-16, 1.000000000000000000 ) ) ;
#7757 = VECTOR ( 'NONE', #3305, 1000.000000000000000 ) ;
#7758 = VECTOR ( 'NONE', #3880, 1000.000000000000000 ) ;
#7759 = CARTESIAN_POINT ( 'NONE',  ( 4.274999999999999467, 4.049999999999999822, 0.4749999999999995337 ) ) ;
#7760 = ORIENTED_EDGE ( 'NONE', *, *, #2606, .F. ) ;
#7761 = EDGE_CURVE ( 'NONE', #5602, #4919, #7031, .T. ) ;
#7762 =( NAMED_UNIT ( * ) SI_UNIT ( $, .STERADIAN. ) SOLID_ANGLE_UNIT ( ) );
#7763 = DIRECTION ( 'NONE',  ( 0.000000000000000000, -0.7071067811865519026, 0.7071067811865432429 ) ) ;
#7764 = DIRECTION ( 'NONE',  ( 3.336006684570783101E-16, 1.000000000000000000, -0.000000000000000000 ) ) ;
#7765 = ORIENTED_EDGE ( 'NONE', *, *, #5894, .T. ) ;
#7766 = ADVANCED_FACE ( 'NONE', ( #5405 ), #6978, .F. ) ;
#7767 = VECTOR ( 'NONE', #2243, 1000.000000000000000 ) ;
#7768 = ORIENTED_EDGE ( 'NONE', *, *, #758, .T. ) ;
#7769 = AXIS2_PLACEMENT_3D ( 'NONE', #4654, #10227, #1265 ) ;
#7770 = CARTESIAN_POINT ( 'NONE',  ( 6.724999999999999645, 4.049999999999999822, 2.475000000000000089 ) ) ;
#7771 = VECTOR ( 'NONE', #9196, 1000.000000000000114 ) ;
#7772 = LINE ( 'NONE', #543, #8976 ) ;
#7773 = ORIENTED_EDGE ( 'NONE', *, *, #8961, .T. ) ;
#7774 = CARTESIAN_POINT ( 'NONE',  ( 7.375000000000000000, 1.800000000000000044, -1.374999999999997558 ) ) ;
#7775 = ORIENTED_EDGE ( 'NONE', *, *, #1220, .F. ) ;
#7776 = VECTOR ( 'NONE', #6254, 1000.000000000000000 ) ;
#7777 = FACE_OUTER_BOUND ( 'NONE', #3152, .T. ) ;
#7778 = VERTEX_POINT ( 'NONE', #7880 ) ;
#7779 = VECTOR ( 'NONE', #3279, 1000.000000000000000 ) ;
#7780 = VERTEX_POINT ( 'NONE', #10246 ) ;
#7781 = DIRECTION ( 'NONE',  ( 0.000000000000000000, 0.000000000000000000, -1.000000000000000000 ) ) ;
#7782 = CARTESIAN_POINT ( 'NONE',  ( 1.774999999999997913, 0.3500000000000009215, -1.324999999999999512 ) ) ;
#7783 = PLANE ( 'NONE',  #10410 ) ;
#7784 = LINE ( 'NONE', #10253, #7601 ) ;
#7785 = DIRECTION ( 'NONE',  ( 0.000000000000000000, -0.7071067811865472397, -0.7071067811865479058 ) ) ;
#7786 = ORIENTED_EDGE ( 'NONE', *, *, #8798, .T. ) ;
#7787 = DIRECTION ( 'NONE',  ( -0.000000000000000000, 0.3713906763541011125, 0.9284766908852604139 ) ) ;
#7788 = VECTOR ( 'NONE', #3464, 1000.000000000000000 ) ;
#7789 = ORIENTED_EDGE ( 'NONE', *, *, #764, .F. ) ;
#7790 = DIRECTION ( 'NONE',  ( 1.000000000000000000, 0.000000000000000000, 0.000000000000000000 ) ) ;
#7791 = EDGE_CURVE ( 'NONE', #2272, #8063, #2915, .T. ) ;
#7792 = DIRECTION ( 'NONE',  ( 0.000000000000000000, 0.000000000000000000, -1.000000000000000000 ) ) ;
#7793 = FACE_OUTER_BOUND ( 'NONE', #7065, .T. ) ;
#7794 = ORIENTED_EDGE ( 'NONE', *, *, #6862, .F. ) ;
#7795 = CARTESIAN_POINT ( 'NONE',  ( 5.724999999999997868, 3.050000000000000266, 0.000000000000000000 ) ) ;
#7796 = ORIENTED_EDGE ( 'NONE', *, *, #1367, .F. ) ;
#7797 = ORIENTED_EDGE ( 'NONE', *, *, #1045, .T. ) ;
#7798 = LINE ( 'NONE', #1986, #6061 ) ;
#7799 = CARTESIAN_POINT ( 'NONE',  ( 4.474999999999996980, -0.1499999999999963862, -1.474999999999999645 ) ) ;
#7800 = ORIENTED_EDGE ( 'NONE', *, *, #9598, .T. ) ;
#7801 = CARTESIAN_POINT ( 'NONE',  ( 7.781793621149187601, 6.140988867593913192E-18, -0.02500000000000096242 ) ) ;
#7802 = LINE ( 'NONE', #2048, #3462 ) ;
#7803 = ORIENTED_EDGE ( 'NONE', *, *, #6554, .T. ) ;
#7804 = ORIENTED_EDGE ( 'NONE', *, *, #8136, .F. ) ;
#7805 = EDGE_CURVE ( 'NONE', #6193, #7859, #5523, .T. ) ;
#7806 = PLANE ( 'NONE',  #2554 ) ;
#7807 = EDGE_CURVE ( 'NONE', #3139, #2397, #7988, .T. ) ;
#7808 = CIRCLE ( 'NONE', #9515, 0.05000000000000012768 ) ;
#7809 = ADVANCED_FACE ( 'NONE', ( #81 ), #3194, .F. ) ;
#7810 = CIRCLE ( 'NONE', #4067, 0.1000000000000000472 ) ;
#7811 = DIRECTION ( 'NONE',  ( 1.000000000000000000, 0.000000000000000000, 1.807003620809174632E-16 ) ) ;
#7812 = ADVANCED_FACE ( 'NONE', ( #2407 ), #6569, .T. ) ;
#7813 = CARTESIAN_POINT ( 'NONE',  ( 2.124999999999997780, 1.199999999999999734, 0.3750000000000000555 ) ) ;
#7814 = LINE ( 'NONE', #8736, #9889 ) ;
#7815 = DIRECTION ( 'NONE',  ( 0.000000000000000000, -1.251002506714043540E-16, 1.000000000000000000 ) ) ;
#7816 = ORIENTED_EDGE ( 'NONE', *, *, #6589, .F. ) ;
#7817 = AXIS2_PLACEMENT_3D ( 'NONE', #2824, #8647, #5969 ) ;
#7818 = ADVANCED_FACE ( 'NONE', ( #10465 ), #775, .F. ) ;
#7819 = ORIENTED_EDGE ( 'NONE', *, *, #10038, .F. ) ;
#7820 = DIRECTION ( 'NONE',  ( 0.000000000000000000, -1.000000000000000000, 0.000000000000000000 ) ) ;
#7821 = LINE ( 'NONE', #3696, #3454 ) ;
#7822 = CARTESIAN_POINT ( 'NONE',  ( 2.781793621149188045, 3.050000000000000266, -0.02500000000000021302 ) ) ;
#7823 = VECTOR ( 'NONE', #7071, 1000.000000000000000 ) ;
#7824 = ADVANCED_FACE ( 'NONE', ( #8977 ), #8863, .F. ) ;
#7825 = ORIENTED_EDGE ( 'NONE', *, *, #15, .T. ) ;
#7826 = DIRECTION ( 'NONE',  ( 0.000000000000000000, 0.000000000000000000, -1.000000000000000000 ) ) ;
#7827 = EDGE_CURVE ( 'NONE', #2085, #99, #4837, .T. ) ;
#7828 = VERTEX_POINT ( 'NONE', #3077 ) ;
#7829 = LINE ( 'NONE', #2810, #5744 ) ;
#7830 = EDGE_LOOP ( 'NONE', ( #132, #2500, #6178, #2935, #6352, #9198 ) ) ;
#7831 = CARTESIAN_POINT ( 'NONE',  ( 0.5249999999999976907, -0.1499999999999963862, -2.374999999999999112 ) ) ;
#7832 = LINE ( 'NONE', #1395, #6316 ) ;
#7833 = LINE ( 'NONE', #2968, #3417 ) ;
#7834 = DIRECTION ( 'NONE',  ( 0.000000000000000000, 1.000000000000000000, 0.000000000000000000 ) ) ;
#7835 = DIRECTION ( 'NONE',  ( 0.000000000000000000, 0.000000000000000000, -1.000000000000000000 ) ) ;
#7836 = VERTEX_POINT ( 'NONE', #4102 ) ;
#7837 = DIRECTION ( 'NONE',  ( -0.5773502691896290617, 0.5773502691896240657, 0.5773502691896240657 ) ) ;
#7838 = ORIENTED_EDGE ( 'NONE', *, *, #8160, .T. ) ;
#7839 = CARTESIAN_POINT ( 'NONE',  ( 4.274999999999998579, 1.449999999999999956, -0.02500000000000060854 ) ) ;
#7840 = LINE ( 'NONE', #565, #5308 ) ;
#7841 = VECTOR ( 'NONE', #8349, 1000.000000000000000 ) ;
#7842 = ORIENTED_EDGE ( 'NONE', *, *, #8286, .T. ) ;
#7843 = EDGE_LOOP ( 'NONE', ( #9302, #604, #649, #1925, #8192, #10243 ) ) ;
#7844 = PLANE ( 'NONE',  #10369 ) ;
#7845 = ORIENTED_EDGE ( 'NONE', *, *, #294, .F. ) ;
#7846 = LINE ( 'NONE', #1358, #4785 ) ;
#7847 = ORIENTED_EDGE ( 'NONE', *, *, #4898, .F. ) ;
#7848 = DIRECTION ( 'NONE',  ( -1.000000000000000000, -0.000000000000000000, -0.000000000000000000 ) ) ;
#7849 = ADVANCED_FACE ( 'NONE', ( #7143 ), #1675, .F. ) ;
#7850 = CARTESIAN_POINT ( 'NONE',  ( 1.774999999999998801, 3.299999999999999822, -0.7749999999999999112 ) ) ;
#7851 = VERTEX_POINT ( 'NONE', #5751 ) ;
#7852 = CARTESIAN_POINT ( 'NONE',  ( 3.224999999999997424, 0.3000000000000009881, -1.625000000000000666 ) ) ;
#7853 = LINE ( 'NONE', #7060, #8948 ) ;
#7854 = EDGE_LOOP ( 'NONE', ( #2395, #9797, #5770, #5208, #5455, #2695, #4605, #5410 ) ) ;
#7855 = VERTEX_POINT ( 'NONE', #9032 ) ;
#7856 = COLOUR_RGB ( '',0.7960784313725489669, 0.8235294117647058432, 0.9372549019607843146 ) ;
#7857 = CARTESIAN_POINT ( 'NONE',  ( 7.575000000000000178, 0.5999999999999999778, 0.2250000000000008105 ) ) ;
#7858 = EDGE_CURVE ( 'NONE', #4019, #4855, #4892, .T. ) ;
#7859 = VERTEX_POINT ( 'NONE', #1617 ) ;
#7860 = EDGE_CURVE ( 'NONE', #4979, #7868, #1725, .T. ) ;
#7861 = LINE ( 'NONE', #585, #7084 ) ;
#7862 = ORIENTED_EDGE ( 'NONE', *, *, #9593, .T. ) ;
#7863 = CARTESIAN_POINT ( 'NONE',  ( 1.974999999999997646, -0.04999999999999636680, -2.375000000000000000 ) ) ;
#7864 = CARTESIAN_POINT ( 'NONE',  ( -0.1250000000000018319, 0.7428932188134522718, 0.8749999999999996669 ) ) ;
#7865 = CARTESIAN_POINT ( 'NONE',  ( 4.474999999999999645, 4.049999999999999822, -1.224999999999999645 ) ) ;
#7866 = ORIENTED_EDGE ( 'NONE', *, *, #3684, .F. ) ;
#7867 = EDGE_CURVE ( 'NONE', #2251, #766, #4940, .T. ) ;
#7868 = VERTEX_POINT ( 'NONE', #8169 ) ;
#7869 = DIRECTION ( 'NONE',  ( 0.000000000000000000, 0.000000000000000000, 1.000000000000000000 ) ) ;
#7870 = EDGE_CURVE ( 'NONE', #1181, #3626, #8226, .T. ) ;
#7871 = VECTOR ( 'NONE', #9767, 1000.000000000000000 ) ;
#7872 = DIRECTION ( 'NONE',  ( 0.000000000000000000, 0.000000000000000000, -1.000000000000000000 ) ) ;
#7873 = SURFACE_SIDE_STYLE ('',( #3867 ) ) ;
#7874 = EDGE_CURVE ( 'NONE', #6452, #4153, #6334, .T. ) ;
#7875 = VERTEX_POINT ( 'NONE', #4784 ) ;
#7876 = LINE ( 'NONE', #446, #2168 ) ;
#7877 = ORIENTED_EDGE ( 'NONE', *, *, #9926, .T. ) ;
#7878 = VECTOR ( 'NONE', #8811, 1000.000000000000000 ) ;
#7879 = CLOSED_SHELL ( 'NONE', ( #5188, #3378, #4187, #5852, #5226, #3362, #8463 ) ) ;
#7880 = CARTESIAN_POINT ( 'NONE',  ( 4.274999999999997691, 0.3500000000000009215, -1.324999999999999512 ) ) ;
#7881 = ORIENTED_EDGE ( 'NONE', *, *, #2632, .T. ) ;
#7882 = EDGE_CURVE ( 'NONE', #1757, #4153, #10524, .T. ) ;
#7883 = ORIENTED_EDGE ( 'NONE', *, *, #2013, .T. ) ;
#7884 = LINE ( 'NONE', #7939, #9401 ) ;
#7885 = DIRECTION ( 'NONE',  ( -1.000000000000000000, -0.000000000000000000, -0.000000000000000000 ) ) ;
#7886 = LINE ( 'NONE', #3084, #7174 ) ;
#7887 = ORIENTED_EDGE ( 'NONE', *, *, #10065, .T. ) ;
#7888 = PLANE ( 'NONE',  #3485 ) ;
#7889 = CARTESIAN_POINT ( 'NONE',  ( -0.3416666666666663410, 2.683333333333328685, 3.158333333333329662 ) ) ;
#7890 =( GEOMETRIC_REPRESENTATION_CONTEXT ( 3 ) GLOBAL_UNCERTAINTY_ASSIGNED_CONTEXT ( ( #9648 ) ) GLOBAL_UNIT_ASSIGNED_CONTEXT ( ( #6872, #8630, #6054 ) ) REPRESENTATION_CONTEXT ( 'NONE', 'WORKASPACE' ) );
#7891 = VECTOR ( 'NONE', #2081, 1000.000000000000000 ) ;
#7892 = ORIENTED_EDGE ( 'NONE', *, *, #5291, .F. ) ;
#7893 = DIRECTION ( 'NONE',  ( 0.5773502691896257311, 0.5773502691896257311, 0.5773502691896257311 ) ) ;
#7894 = ORIENTED_EDGE ( 'NONE', *, *, #872, .F. ) ;
#7895 = LINE ( 'NONE', #619, #9038 ) ;
#7896 = CARTESIAN_POINT ( 'NONE',  ( 3.024999999999999023, 1.449999999999999956, -1.224999999999999645 ) ) ;
#7897 = DIRECTION ( 'NONE',  ( 0.000000000000000000, -0.7071067811865475727, 0.7071067811865475727 ) ) ;
#7898 = VECTOR ( 'NONE', #2655, 1000.000000000000000 ) ;
#7899 = ORIENTED_EDGE ( 'NONE', *, *, #9071, .F. ) ;
#7900 = ORIENTED_EDGE ( 'NONE', *, *, #8345, .T. ) ;
#7901 = ADVANCED_FACE ( 'NONE', ( #7321 ), #3246, .F. ) ;
#7902 = DIRECTION ( 'NONE',  ( 0.000000000000000000, 0.000000000000000000, -1.000000000000000000 ) ) ;
#7903 = ORIENTED_EDGE ( 'NONE', *, *, #2975, .F. ) ;
#7904 = LINE ( 'NONE', #7055, #3273 ) ;
#7905 = VERTEX_POINT ( 'NONE', #240 ) ;
#7906 = DIRECTION ( 'NONE',  ( -0.000000000000000000, 1.000000000000000000, -0.000000000000000000 ) ) ;
#7907 = VERTEX_POINT ( 'NONE', #288 ) ;
#7908 = DIRECTION ( 'NONE',  ( 0.000000000000000000, -1.000000000000000000, -0.000000000000000000 ) ) ;
#7909 = PLANE ( 'NONE',  #1431 ) ;
#7910 = ORIENTED_EDGE ( 'NONE', *, *, #2650, .F. ) ;
#7911 = LINE ( 'NONE', #635, #3173 ) ;
#7912 = ORIENTED_EDGE ( 'NONE', *, *, #6634, .T. ) ;
#7913 = LINE ( 'NONE', #6545, #5592 ) ;
#7914 = LINE ( 'NONE', #639, #3186 ) ;
#7915 = ORIENTED_EDGE ( 'NONE', *, *, #1882, .T. ) ;
#7916 = DIRECTION ( 'NONE',  ( 0.000000000000000000, 0.000000000000000000, -1.000000000000000000 ) ) ;
#7917 = ORIENTED_EDGE ( 'NONE', *, *, #3234, .F. ) ;
#7918 = DIRECTION ( 'NONE',  ( 0.000000000000000000, 0.000000000000000000, 1.000000000000000000 ) ) ;
#7919 = LINE ( 'NONE', #2006, #1336 ) ;
#7920 = EDGE_CURVE ( 'NONE', #9204, #6994, #2566, .T. ) ;
#7921 = CARTESIAN_POINT ( 'NONE',  ( 3.224999999999997424, 0.1500000000000037970, -1.816421356237308826 ) ) ;
#7922 = ORIENTED_EDGE ( 'NONE', *, *, #1822, .F. ) ;
#7923 = EDGE_CURVE ( 'NONE', #3626, #211, #981, .T. ) ;
#7924 = VECTOR ( 'NONE', #834, 1000.000000000000000 ) ;
#7925 = EDGE_LOOP ( 'NONE', ( #9412, #3765, #6499, #4002 ) ) ;
#7926 = LINE ( 'NONE', #6564, #2499 ) ;
#7927 = ORIENTED_EDGE ( 'NONE', *, *, #7761, .F. ) ;
#7928 = CARTESIAN_POINT ( 'NONE',  ( 3.024999999999999023, 1.449999999999999956, -1.174999999999999822 ) ) ;
#7929 = AXIS2_PLACEMENT_3D ( 'NONE', #3013, #6268, #5459 ) ;
#7930 = EDGE_CURVE ( 'NONE', #6138, #8646, #131, .T. ) ;
#7931 = ORIENTED_EDGE ( 'NONE', *, *, #4829, .T. ) ;
#7932 = AXIS2_PLACEMENT_3D ( 'NONE', #8859, #8165, #8049 ) ;
#7933 = ADVANCED_FACE ( 'NONE', ( #4997 ), #5802, .F. ) ;
#7934 = COLOUR_RGB ( '',0.7960784313725489669, 0.8235294117647058432, 0.9372549019607843146 ) ;
#7935 = DIRECTION ( 'NONE',  ( -0.7071067811865460184, 0.000000000000000000, 0.7071067811865490160 ) ) ;
#7936 = VERTEX_POINT ( 'NONE', #7430 ) ;
#7937 = VECTOR ( 'NONE', #8546, 1000.000000000000000 ) ;
#7938 = ORIENTED_EDGE ( 'NONE', *, *, #4191, .T. ) ;
#7939 = CARTESIAN_POINT ( 'NONE',  ( 4.474999999999996980, -0.1499999999999963862, -1.474999999999999645 ) ) ;
#7940 = SURFACE_STYLE_USAGE ( .BOTH. , #4729 ) ;
#7941 = CARTESIAN_POINT ( 'NONE',  ( 7.774999999999999467, 2.349999999999999645, 0.6750000000000002665 ) ) ;
#7942 = CARTESIAN_POINT ( 'NONE',  ( -6.875000000000000000, 3.950000000000000178, -1.174999999999999822 ) ) ;
#7943 = FILL_AREA_STYLE_COLOUR ( '', #9971 ) ;
#7944 = ORIENTED_EDGE ( 'NONE', *, *, #7339, .T. ) ;
#7945 = FACE_OUTER_BOUND ( 'NONE', #1234, .T. ) ;
#7946 = ORIENTED_EDGE ( 'NONE', *, *, #7314, .T. ) ;
#7947 = DIRECTION ( 'NONE',  ( 1.000000000000000000, -1.084202172485505297E-16, 0.000000000000000000 ) ) ;
#7948 = VECTOR ( 'NONE', #9772, 1000.000000000000000 ) ;
#7949 = LINE ( 'NONE', #3036, #4298 ) ;
#7950 = EDGE_CURVE ( 'NONE', #1516, #7457, #10090, .T. ) ;
#7951 = VECTOR ( 'NONE', #5430, 1000.000000000000000 ) ;
#7952 = CARTESIAN_POINT ( 'NONE',  ( 0.8749999999999998890, 2.575000000000000178, -1.200000000000000622 ) ) ;
#7953 = CARTESIAN_POINT ( 'NONE',  ( -1.125000000000000888, 4.049999999999999822, 0.1750000000000002387 ) ) ;
#7954 = ORIENTED_EDGE ( 'NONE', *, *, #4219, .T. ) ;
#7955 = EDGE_CURVE ( 'NONE', #3570, #7163, #7623, .T. ) ;
#7956 = CARTESIAN_POINT ( 'NONE',  ( 6.531793621149187601, 1.449999999999999956, -0.02500000000000060854 ) ) ;
#7957 = ORIENTED_EDGE ( 'NONE', *, *, #5841, .F. ) ;
#7958 = FILL_AREA_STYLE_COLOUR ( '', #7992 ) ;
#7959 = LINE ( 'NONE', #3160, #915 ) ;
#7960 = VECTOR ( 'NONE', #9438, 1000.000000000000000 ) ;
#7961 = FACE_OUTER_BOUND ( 'NONE', #1388, .T. ) ;
#7962 = VERTEX_POINT ( 'NONE', #3545 ) ;
#7963 = ORIENTED_EDGE ( 'NONE', *, *, #752, .F. ) ;
#7964 = DIRECTION ( 'NONE',  ( 0.000000000000000000, 0.000000000000000000, 1.000000000000000000 ) ) ;
#7965 = DIRECTION ( 'NONE',  ( 1.807003620809174632E-16, 0.000000000000000000, -1.000000000000000000 ) ) ;
#7966 = ORIENTED_EDGE ( 'NONE', *, *, #2435, .T. ) ;
#7967 = ADVANCED_FACE ( 'NONE', ( #8426 ), #6775, .F. ) ;
#7968 = FACE_OUTER_BOUND ( 'NONE', #9268, .T. ) ;
#7969 = AXIS2_PLACEMENT_3D ( 'NONE', #8503, #6079, #7695 ) ;
#7970 = DIRECTION ( 'NONE',  ( -1.000000000000000000, -0.000000000000000000, -0.000000000000000000 ) ) ;
#7971 = PLANE ( 'NONE',  #4891 ) ;
#7972 = ORIENTED_EDGE ( 'NONE', *, *, #1911, .F. ) ;
#7973 = CARTESIAN_POINT ( 'NONE',  ( 1.974999999999997646, 1.016439536705160869E-17, 0.3750000000000000555 ) ) ;
#7974 = CARTESIAN_POINT ( 'NONE',  ( 2.781793621149188045, 1.577500000000001235, -1.577499999999999902 ) ) ;
#7975 = LINE ( 'NONE', #7813, #2610 ) ;
#7976 = VECTOR ( 'NONE', #8470, 1000.000000000000114 ) ;
#7977 = CARTESIAN_POINT ( 'NONE',  ( 11.25000000000000000, 0.000000000000000000, -0.7749999999999999112 ) ) ;
#7978 = DIRECTION ( 'NONE',  ( -0.000000000000000000, 1.000000000000000000, 5.251604272976699968E-15 ) ) ;
#7979 = ORIENTED_EDGE ( 'NONE', *, *, #10355, .T. ) ;
#7980 = VECTOR ( 'NONE', #6957, 1000.000000000000000 ) ;
#7981 = ORIENTED_EDGE ( 'NONE', *, *, #9273, .F. ) ;
#7982 = EDGE_CURVE ( 'NONE', #462, #9045, #6623, .T. ) ;
#7983 = PLANE ( 'NONE',  #2661 ) ;
#7984 = EDGE_LOOP ( 'NONE', ( #9884, #4692, #10396, #9644 ) ) ;
#7985 = CARTESIAN_POINT ( 'NONE',  ( 1.974999999999997646, -0.04999999999999568678, -2.474999999999999645 ) ) ;
#7986 = VECTOR ( 'NONE', #6018, 1000.000000000000000 ) ;
#7987 = ORIENTED_EDGE ( 'NONE', *, *, #1317, .F. ) ;
#7988 = LINE ( 'NONE', #7379, #164 ) ;
#7989 = ADVANCED_FACE ( 'NONE', ( #10042 ), #8276, .F. ) ;
#7990 = ORIENTED_EDGE ( 'NONE', *, *, #7119, .T. ) ;
#7991 = DIRECTION ( 'NONE',  ( 0.000000000000000000, -1.000000000000000000, -0.000000000000000000 ) ) ;
#7992 = COLOUR_RGB ( '',0.7960784313725489669, 0.8235294117647058432, 0.9372549019607843146 ) ;
#7993 = ORIENTED_EDGE ( 'NONE', *, *, #2059, .T. ) ;
#7994 = PLANE ( 'NONE',  #7707 ) ;
#7995 = DIRECTION ( 'NONE',  ( 0.000000000000000000, -1.000000000000000000, -2.456395547037470490E-16 ) ) ;
#7996 = EDGE_CURVE ( 'NONE', #7828, #7724, #3404, .T. ) ;
#7997 = FACE_OUTER_BOUND ( 'NONE', #5468, .T. ) ;
#7998 = CARTESIAN_POINT ( 'NONE',  ( 6.875000000000000888, -6.123233995736742617E-17, 0.2250000000000008105 ) ) ;
#7999 = EDGE_CURVE ( 'NONE', #2403, #882, #6675, .T. ) ;
#8000 = LINE ( 'NONE', #7154, #1252 ) ;
#8001 = ORIENTED_EDGE ( 'NONE', *, *, #3622, .T. ) ;
#8002 = DIRECTION ( 'NONE',  ( 0.000000000000000000, 0.000000000000000000, 1.000000000000000000 ) ) ;
#8003 = DIRECTION ( 'NONE',  ( 0.000000000000000000, -1.000000000000000000, -2.456395547037470490E-16 ) ) ;
#8004 = ORIENTED_EDGE ( 'NONE', *, *, #5674, .T. ) ;
#8005 = DIRECTION ( 'NONE',  ( 0.000000000000000000, 0.000000000000000000, -1.000000000000000000 ) ) ;
#8006 = DIRECTION ( 'NONE',  ( 0.000000000000000000, 0.7071067811865475727, -0.7071067811865475727 ) ) ;
#8007 = CARTESIAN_POINT ( 'NONE',  ( 2.124999999999997780, 3.950000000000000178, 0.3750000000000000555 ) ) ;
#8008 = DIRECTION ( 'NONE',  ( 0.000000000000000000, 0.000000000000000000, -1.000000000000000000 ) ) ;
#8009 = ORIENTED_EDGE ( 'NONE', *, *, #8225, .F. ) ;
#8010 = ORIENTED_EDGE ( 'NONE', *, *, #7996, .F. ) ;
#8011 = ADVANCED_FACE ( 'NONE', ( #5184 ), #8376, .F. ) ;
#8012 = CARTESIAN_POINT ( 'NONE',  ( 0.7249999999999990896, 2.899999999999999023, -0.7750000000000006883 ) ) ;
#8013 = ORIENTED_EDGE ( 'NONE', *, *, #3128, .T. ) ;
#8014 =( LENGTH_UNIT ( ) NAMED_UNIT ( * ) SI_UNIT ( .MILLI., .METRE. ) );
#8015 = LINE ( 'NONE', #5487, #4607 ) ;
#8016 = EDGE_LOOP ( 'NONE', ( #5978, #2720, #4747, #6902 ) ) ;
#8017 = FACE_OUTER_BOUND ( 'NONE', #3923, .T. ) ;
#8018 = DIRECTION ( 'NONE',  ( 0.000000000000000000, 0.000000000000000000, 1.000000000000000000 ) ) ;
#8019 = ORIENTED_EDGE ( 'NONE', *, *, #6442, .T. ) ;
#8020 = CARTESIAN_POINT ( 'NONE',  ( 0.3750000000000012212, 4.049999999999999822, 0.1750000000000000999 ) ) ;
#8021 = EDGE_CURVE ( 'NONE', #2527, #7086, #1957, .T. ) ;
#8022 = CARTESIAN_POINT ( 'NONE',  ( 3.024999999999999023, 4.049999999999999822, -1.174999999999999822 ) ) ;
#8023 = ORIENTED_EDGE ( 'NONE', *, *, #4743, .F. ) ;
#8024 = CARTESIAN_POINT ( 'NONE',  ( -1.325000000000001510, 0.5999999999999999778, 1.825000000000000622 ) ) ;
#8025 = AXIS2_PLACEMENT_3D ( 'NONE', #907, #7403, #959 ) ;
#8026 = MANIFOLD_SOLID_BREP ( 'LPattern3[12]', #1609 ) ;
#8027 = EDGE_CURVE ( 'NONE', #5546, #7372, #7663, .T. ) ;
#8028 = DIRECTION ( 'NONE',  ( 0.000000000000000000, 0.000000000000000000, 1.000000000000000000 ) ) ;
#8029 = CARTESIAN_POINT ( 'NONE',  ( 7.174999999999999822, 3.149999999999999911, 2.475000000000000089 ) ) ;
#8030 = EDGE_CURVE ( 'NONE', #4242, #4341, #8330, .T. ) ;
#8031 = ORIENTED_EDGE ( 'NONE', *, *, #7529, .T. ) ;
#8032 = DIRECTION ( 'NONE',  ( 1.000000000000000000, 0.000000000000000000, 0.000000000000000000 ) ) ;
#8033 = CARTESIAN_POINT ( 'NONE',  ( -1.125000000000000888, 3.399999999999999911, -1.174999999999999822 ) ) ;
#8034 = FACE_OUTER_BOUND ( 'NONE', #1201, .T. ) ;
#8035 = ORIENTED_EDGE ( 'NONE', *, *, #4597, .T. ) ;
#8036 = AXIS2_PLACEMENT_3D ( 'NONE', #3434, #4238, #1068 ) ;
#8037 = ORIENTED_EDGE ( 'NONE', *, *, #3403, .T. ) ;
#8038 = CARTESIAN_POINT ( 'NONE',  ( 5.524999999999997691, 0.3000000000000009881, -1.625000000000000666 ) ) ;
#8039 = DIRECTION ( 'NONE',  ( 0.000000000000000000, -0.000000000000000000, -1.000000000000000000 ) ) ;
#8040 = PLANE ( 'NONE',  #4399 ) ;
#8041 = ORIENTED_EDGE ( 'NONE', *, *, #6179, .T. ) ;
#8042 = AXIS2_PLACEMENT_3D ( 'NONE', #8194, #5771, #1746 ) ;
#8043 = COLOUR_RGB ( '',1.000000000000000000, 1.000000000000000000, 1.000000000000000000 ) ;
#8044 = EDGE_CURVE ( 'NONE', #3195, #7114, #1174, .T. ) ;
#8045 = EDGE_LOOP ( 'NONE', ( #1540, #2441, #8366, #9167 ) ) ;
#8046 = DIRECTION ( 'NONE',  ( -4.688441826964343312E-16, -1.000000000000000000, 0.000000000000000000 ) ) ;
#8047 = CYLINDRICAL_SURFACE ( 'NONE', #2950, 0.1000000000000000472 ) ;
#8048 = ORIENTED_EDGE ( 'NONE', *, *, #2156, .F. ) ;
#8049 = DIRECTION ( 'NONE',  ( 0.000000000000000000, -0.000000000000000000, -1.000000000000000000 ) ) ;
#8050 = ORIENTED_EDGE ( 'NONE', *, *, #9641, .T. ) ;
#8051 = EDGE_CURVE ( 'NONE', #6284, #5180, #2801, .T. ) ;
#8052 = AXIS2_PLACEMENT_3D ( 'NONE', #6558, #4929, #919 ) ;
#8053 = DIRECTION ( 'NONE',  ( 0.000000000000000000, 0.000000000000000000, 1.000000000000000000 ) ) ;
#8054 = ORIENTED_EDGE ( 'NONE', *, *, #2179, .T. ) ;
#8055 = VECTOR ( 'NONE', #8064, 1000.000000000000000 ) ;
#8056 = CARTESIAN_POINT ( 'NONE',  ( -1.625000000000001332, 0.4999999999999998890, -1.574999999999999512 ) ) ;
#8057 = ORIENTED_EDGE ( 'NONE', *, *, #2008, .T. ) ;
#8058 = FACE_OUTER_BOUND ( 'NONE', #6579, .T. ) ;
#8059 = DIRECTION ( 'NONE',  ( -1.000000000000000000, -0.000000000000000000, -0.000000000000000000 ) ) ;
#8060 = CARTESIAN_POINT ( 'NONE',  ( 1.974999999999998535, 1.449999999999999956, -0.7749999999999999112 ) ) ;
#8061 = DIRECTION ( 'NONE',  ( 0.000000000000000000, 0.000000000000000000, -1.000000000000000000 ) ) ;
#8062 = DIRECTION ( 'NONE',  ( 1.807003620809174632E-16, 0.000000000000000000, -1.000000000000000000 ) ) ;
#8063 = VERTEX_POINT ( 'NONE', #2322 ) ;
#8064 = DIRECTION ( 'NONE',  ( -0.000000000000000000, -0.000000000000000000, -1.000000000000000000 ) ) ;
#8065 = DIRECTION ( 'NONE',  ( -1.000000000000000000, 0.000000000000000000, 0.000000000000000000 ) ) ;
#8066 = ORIENTED_EDGE ( 'NONE', *, *, #7955, .F. ) ;
#8067 = CARTESIAN_POINT ( 'NONE',  ( 4.274999999999997691, 0.1500000000000032419, -2.474999999999999645 ) ) ;
#8068 = EDGE_CURVE ( 'NONE', #6755, #1774, #10387, .T. ) ;
#8069 = AXIS2_PLACEMENT_3D ( 'NONE', #4554, #10296, #3118 ) ;
#8070 = ORIENTED_EDGE ( 'NONE', *, *, #4848, .T. ) ;
#8071 = LINE ( 'NONE', #6350, #4382 ) ;
#8072 = ADVANCED_FACE ( 'NONE', ( #9529 ), #751, .F. ) ;
#8073 = ADVANCED_FACE ( 'NONE', ( #7064 ), #7971, .F. ) ;
#8074 = VERTEX_POINT ( 'NONE', #3795 ) ;
#8075 = ORIENTED_EDGE ( 'NONE', *, *, #1812, .F. ) ;
#8076 = DIRECTION ( 'NONE',  ( 0.000000000000000000, 1.000000000000000000, 0.000000000000000000 ) ) ;
#8077 = ORIENTED_EDGE ( 'NONE', *, *, #4559, .F. ) ;
#8078 = PLANE ( 'NONE',  #7543 ) ;
#8079 = FILL_AREA_STYLE ('',( #6537 ) ) ;
#8080 = VECTOR ( 'NONE', #2522, 1000.000000000000000 ) ;
#8081 = PLANE ( 'NONE',  #6699 ) ;
#8082 = CARTESIAN_POINT ( 'NONE',  ( 4.474999999999996980, 0.4999999999999998890, -0.8249999999999997335 ) ) ;
#8083 = DIRECTION ( 'NONE',  ( -0.000000000000000000, -0.7071067811865474617, -0.7071067811865474617 ) ) ;
#8084 = VERTEX_POINT ( 'NONE', #8838 ) ;
#8085 = FACE_OUTER_BOUND ( 'NONE', #5493, .T. ) ;
#8086 = MANIFOLD_SOLID_BREP ( 'LPattern3[4]', #5143 ) ;
#8087 = EDGE_CURVE ( 'NONE', #8302, #6846, #8781, .T. ) ;
#8088 = VECTOR ( 'NONE', #1, 1000.000000000000000 ) ;
#8089 = ADVANCED_FACE ( 'NONE', ( #5239 ), #7175, .F. ) ;
#8090 = CARTESIAN_POINT ( 'NONE',  ( -1.625000000000001332, 1.800000000000000044, -1.175000000000000044 ) ) ;
#8091 = VERTEX_POINT ( 'NONE', #6310 ) ;
#8092 = CARTESIAN_POINT ( 'NONE',  ( -1.125000000000000888, 2.899999999999999911, 0.1750000000000002387 ) ) ;
#8093 = CARTESIAN_POINT ( 'NONE',  ( 4.474999999999997868, 1.449999999999999956, 0.3750000000000000000 ) ) ;
#8094 = CARTESIAN_POINT ( 'NONE',  ( 4.474999999999996980, 0.3000000000000009881, -1.625000000000000666 ) ) ;
#8095 = ORIENTED_EDGE ( 'NONE', *, *, #1900, .F. ) ;
#8096 = ORIENTED_EDGE ( 'NONE', *, *, #2778, .F. ) ;
#8097 = PLANE ( 'NONE',  #2761 ) ;
#8098 = DIRECTION ( 'NONE',  ( 0.000000000000000000, 0.000000000000000000, -1.000000000000000000 ) ) ;
#8099 = PLANE ( 'NONE',  #6277 ) ;
#8100 = ORIENTED_EDGE ( 'NONE', *, *, #9540, .T. ) ;
#8101 = EDGE_CURVE ( 'NONE', #8658, #9049, #6369, .T. ) ;
#8102 = EDGE_LOOP ( 'NONE', ( #4830, #6130, #10466, #3676 ) ) ;
#8103 = DIRECTION ( 'NONE',  ( -1.000000000000000000, -0.000000000000000000, -0.000000000000000000 ) ) ;
#8104 = LINE ( 'NONE', #9940, #7898 ) ;
#8105 = EDGE_LOOP ( 'NONE', ( #4954, #3985, #6197, #6859, #4417, #7281 ) ) ;
#8106 = CARTESIAN_POINT ( 'NONE',  ( -1.625000000000001332, 4.049999999999999822, 2.475000000000000089 ) ) ;
#8107 = EDGE_LOOP ( 'NONE', ( #1673, #4322, #7794, #1002, #10008, #9023 ) ) ;
#8108 = DIRECTION ( 'NONE',  ( 0.000000000000000000, 0.000000000000000000, 1.000000000000000000 ) ) ;
#8109 = ORIENTED_EDGE ( 'NONE', *, *, #4276, .T. ) ;
#8110 = CARTESIAN_POINT ( 'NONE',  ( 1.974999999999999867, 4.049999999999999822, -1.174999999999999822 ) ) ;
#8111 = ORIENTED_EDGE ( 'NONE', *, *, #1220, .T. ) ;
#8112 = CARTESIAN_POINT ( 'NONE',  ( 13.12499999999999822, 1.449999999999999956, -1.174999999999999822 ) ) ;
#8113 = DIRECTION ( 'NONE',  ( 1.000000000000000000, 0.000000000000000000, 0.000000000000000000 ) ) ;
#8114 = VECTOR ( 'NONE', #125, 1000.000000000000000 ) ;
#8115 = CARTESIAN_POINT ( 'NONE',  ( 4.274999999999997691, -0.1499999999999963862, -1.474999999999999645 ) ) ;
#8116 = CARTESIAN_POINT ( 'NONE',  ( -1.125000000000000888, 3.950000000000000178, 0.1750000000000002387 ) ) ;
#8117 = AXIS2_PLACEMENT_3D ( 'NONE', #2120, #6212, #6874 ) ;
#8118 = FACE_OUTER_BOUND ( 'NONE', #6406, .T. ) ;
#8119 = DIRECTION ( 'NONE',  ( -1.000000000000000000, -0.000000000000000000, -0.000000000000000000 ) ) ;
#8120 = ORIENTED_EDGE ( 'NONE', *, *, #4757, .T. ) ;
#8121 = PLANE ( 'NONE',  #7140 ) ;
#8122 = ORIENTED_EDGE ( 'NONE', *, *, #5181, .T. ) ;
#8123 = FACE_OUTER_BOUND ( 'NONE', #7078, .T. ) ;
#8124 = VECTOR ( 'NONE', #846, 1000.000000000000000 ) ;
#8125 = ORIENTED_EDGE ( 'NONE', *, *, #328, .T. ) ;
#8126 = CARTESIAN_POINT ( 'NONE',  ( 5.281793621149187601, 3.450000000000001510, 1.870248747537497357E-14 ) ) ;
#8127 = VERTEX_POINT ( 'NONE', #696 ) ;
#8128 = DIRECTION ( 'NONE',  ( 0.000000000000000000, -5.421010862427526114E-15, 1.000000000000000000 ) ) ;
#8129 = CARTESIAN_POINT ( 'NONE',  ( 4.474999999999998757, 2.899999999999999023, -0.7750000000000006883 ) ) ;
#8130 = EDGE_CURVE ( 'NONE', #4895, #2622, #2593, .T. ) ;
#8131 = VERTEX_POINT ( 'NONE', #7413 ) ;
#8132 = CARTESIAN_POINT ( 'NONE',  ( 5.724999999999997868, 0.3500000000000009215, -1.374999999999999778 ) ) ;
#8133 = VECTOR ( 'NONE', #9367, 1000.000000000000000 ) ;
#8134 = DIRECTION ( 'NONE',  ( 0.000000000000000000, 1.000000000000000000, 0.000000000000000000 ) ) ;
#8135 = DIRECTION ( 'NONE',  ( -0.000000000000000000, 0.3713906763541011125, 0.9284766908852604139 ) ) ;
#8136 = EDGE_CURVE ( 'NONE', #4306, #7056, #2547, .T. ) ;
#8137 = ORIENTED_EDGE ( 'NONE', *, *, #5117, .T. ) ;
#8138 = VECTOR ( 'NONE', #8727, 1000.000000000000000 ) ;
#8139 = DIRECTION ( 'NONE',  ( -1.000000000000000000, -0.000000000000000000, -0.000000000000000000 ) ) ;
#8140 = LINE ( 'NONE', #859, #9007 ) ;
#8141 = VECTOR ( 'NONE', #1833, 1000.000000000000000 ) ;
#8142 = FACE_OUTER_BOUND ( 'NONE', #10298, .T. ) ;
#8143 = CARTESIAN_POINT ( 'NONE',  ( 5.724999999999999645, 3.949999999999998845, -1.174999999999997602 ) ) ;
#8144 = VECTOR ( 'NONE', #6158, 1000.000000000000000 ) ;
#8145 = FACE_OUTER_BOUND ( 'NONE', #8935, .T. ) ;
#8146 = EDGE_CURVE ( 'NONE', #8230, #3868, #3329, .T. ) ;
#8147 = CARTESIAN_POINT ( 'NONE',  ( 4.474999999999998757, 3.299999999999999822, -0.7749999999999999112 ) ) ;
#8148 = EDGE_LOOP ( 'NONE', ( #9350, #2461, #2584, #10293 ) ) ;
#8149 = EDGE_CURVE ( 'NONE', #1783, #7738, #4188, .T. ) ;
#8150 = ORIENTED_EDGE ( 'NONE', *, *, #10370, .T. ) ;
#8151 = LINE ( 'NONE', #66, #8919 ) ;
#8152 = EDGE_CURVE ( 'NONE', #8266, #6412, #114, .T. ) ;
#8153 = PLANE ( 'NONE',  #4386 ) ;
#8154 = VECTOR ( 'NONE', #9979, 1000.000000000000000 ) ;
#8155 = ORIENTED_EDGE ( 'NONE', *, *, #7235, .T. ) ;
#8156 = DIRECTION ( 'NONE',  ( 0.000000000000000000, 1.000000000000000000, 0.000000000000000000 ) ) ;
#8157 = ORIENTED_EDGE ( 'NONE', *, *, #5858, .F. ) ;
#8158 = VECTOR ( 'NONE', #5369, 1000.000000000000000 ) ;
#8159 = DIRECTION ( 'NONE',  ( 0.000000000000000000, 1.000000000000000000, 0.000000000000000000 ) ) ;
#8160 = EDGE_CURVE ( 'NONE', #8931, #6284, #3222, .T. ) ;
#8161 = AXIS2_PLACEMENT_3D ( 'NONE', #5865, #1920, #5815 ) ;
#8162 = LINE ( 'NONE', #4095, #6758 ) ;
#8163 = SURFACE_STYLE_USAGE ( .BOTH. , #6668 ) ;
#8164 = VERTEX_POINT ( 'NONE', #5 ) ;
#8165 = DIRECTION ( 'NONE',  ( 0.000000000000000000, -1.000000000000000000, 0.000000000000000000 ) ) ;
#8166 = ORIENTED_EDGE ( 'NONE', *, *, #198, .F. ) ;
#8167 = ADVANCED_FACE ( 'NONE', ( #6488 ), #1015, .F. ) ;
#8168 = VECTOR ( 'NONE', #8139, 1000.000000000000000 ) ;
#8169 = CARTESIAN_POINT ( 'NONE',  ( 1.974999999999998090, 1.449999999999999956, 0.3750000000000000000 ) ) ;
#8170 = VERTEX_POINT ( 'NONE', #9925 ) ;
#8171 = CARTESIAN_POINT ( 'NONE',  ( 0.7249999999999999778, 3.950000000000000178, 0.1750000000000000722 ) ) ;
#8172 = EDGE_CURVE ( 'NONE', #2469, #7905, #9876, .T. ) ;
#8173 = ORIENTED_EDGE ( 'NONE', *, *, #9195, .F. ) ;
#8174 = LINE ( 'NONE', #1730, #4448 ) ;
#8175 = DIRECTION ( 'NONE',  ( -0.000000000000000000, 1.000000000000000000, 0.000000000000000000 ) ) ;
#8176 = ADVANCED_FACE ( 'NONE', ( #8142 ), #7354, .F. ) ;
#8177 = CARTESIAN_POINT ( 'NONE',  ( 0.3750000000000012212, 3.950000000000000178, 0.1750000000000000999 ) ) ;
#8178 = LINE ( 'NONE', #2297, #7758 ) ;
#8179 = VECTOR ( 'NONE', #8448, 1000.000000000000000 ) ;
#8180 = FILL_AREA_STYLE_COLOUR ( '', #7039 ) ;
#8181 = ORIENTED_EDGE ( 'NONE', *, *, #2962, .F. ) ;
#8182 = FACE_OUTER_BOUND ( 'NONE', #7591, .T. ) ;
#8183 = LINE ( 'NONE', #8814, #9263 ) ;
#8184 = ORIENTED_EDGE ( 'NONE', *, *, #3622, .F. ) ;
#8185 = DIRECTION ( 'NONE',  ( 1.000000000000000000, 0.000000000000000000, 0.000000000000000000 ) ) ;
#8186 = EDGE_LOOP ( 'NONE', ( #5777, #9634, #10499, #8921 ) ) ;
#8187 = CARTESIAN_POINT ( 'NONE',  ( -7.875000000000000000, 0.6500000000000000222, -1.774999999999999689 ) ) ;
#8188 = VECTOR ( 'NONE', #10366, 1000.000000000000000 ) ;
#8189 = PLANE ( 'NONE',  #3674 ) ;
#8190 = ORIENTED_EDGE ( 'NONE', *, *, #5098, .F. ) ;
#8191 = LINE ( 'NONE', #6588, #2825 ) ;
#8192 = ORIENTED_EDGE ( 'NONE', *, *, #10455, .T. ) ;
#8193 = CARTESIAN_POINT ( 'NONE',  ( 7.375000000000000000, 2.899999999999999911, 0.1750000000000002387 ) ) ;
#8194 = CARTESIAN_POINT ( 'NONE',  ( 13.12499999999999822, -13.83708784390703705, -1.174999999999999822 ) ) ;
#8195 = CARTESIAN_POINT ( 'NONE',  ( -1.125000000000000888, 3.399999999999999911, -1.174999999999999822 ) ) ;
#8196 = PLANE ( 'NONE',  #3733 ) ;
#8197 = DIRECTION ( 'NONE',  ( 0.000000000000000000, 1.000000000000000000, 0.000000000000000000 ) ) ;
#8198 = LINE ( 'NONE', #909, #7727 ) ;
#8199 = EDGE_LOOP ( 'NONE', ( #6821, #3347, #2199, #2459 ) ) ;
#8200 = CARTESIAN_POINT ( 'NONE',  ( -1.125000000000001776, 0.5999999999999999778, 1.825000000000000622 ) ) ;
#8201 = MANIFOLD_SOLID_BREP ( 'LPattern3[11]', #6869 ) ;
#8202 = ADVANCED_FACE ( 'NONE', ( #6653 ), #59, .F. ) ;
#8203 = CARTESIAN_POINT ( 'NONE',  ( 5.524999999999998579, 1.449999999999999956, -0.7749999999999999112 ) ) ;
#8204 = EDGE_LOOP ( 'NONE', ( #6638, #167, #8694, #472 ) ) ;
#8205 = LINE ( 'NONE', #7973, #6044 ) ;
#8206 = LINE ( 'NONE', #6491, #653 ) ;
#8207 = ORIENTED_EDGE ( 'NONE', *, *, #5571, .T. ) ;
#8208 = DIRECTION ( 'NONE',  ( -1.000000000000000000, 0.000000000000000000, 1.807003620809174632E-16 ) ) ;
#8209 = DIRECTION ( 'NONE',  ( -0.000000000000000000, 0.000000000000000000, -1.000000000000000000 ) ) ;
#8210 = CARTESIAN_POINT ( 'NONE',  ( 1.919910864525443017, 0.000000000000000000, 0.2250000000000008105 ) ) ;
#8211 = ORIENTED_EDGE ( 'NONE', *, *, #345, .F. ) ;
#8212 = ADVANCED_FACE ( 'NONE', ( #5619 ), #5730, .F. ) ;
#8213 = VECTOR ( 'NONE', #1561, 1000.000000000000000 ) ;
#8214 = MANIFOLD_SOLID_BREP ( 'LPattern3[9]', #9800 ) ;
#8215 = EDGE_CURVE ( 'NONE', #222, #3655, #9300, .T. ) ;
#8216 = VERTEX_POINT ( 'NONE', #6704 ) ;
#8217 = CARTESIAN_POINT ( 'NONE',  ( 5.524999999999998579, 1.449999999999999956, -0.7749999999999999112 ) ) ;
#8218 = DIRECTION ( 'NONE',  ( -0.000000000000000000, 1.000000000000000000, 0.000000000000000000 ) ) ;
#8219 = DIRECTION ( 'NONE',  ( 0.000000000000000000, 1.000000000000000000, 0.000000000000000000 ) ) ;
#8220 = ORIENTED_EDGE ( 'NONE', *, *, #4451, .T. ) ;
#8221 = DIRECTION ( 'NONE',  ( -0.000000000000000000, 0.3713906763541011125, 0.9284766908852604139 ) ) ;
#8222 = ORIENTED_EDGE ( 'NONE', *, *, #4409, .F. ) ;
#8223 = AXIS2_PLACEMENT_3D ( 'NONE', #3953, #10489, #6419 ) ;
#8224 = EDGE_CURVE ( 'NONE', #8216, #144, #7604, .T. ) ;
#8225 = EDGE_CURVE ( 'NONE', #8747, #2996, #5216, .T. ) ;
#8226 = LINE ( 'NONE', #4046, #6073 ) ;
#8227 = AXIS2_PLACEMENT_3D ( 'NONE', #10061, #7781, #4365 ) ;
#8228 = ORIENTED_EDGE ( 'NONE', *, *, #1439, .T. ) ;
#8229 = DIRECTION ( 'NONE',  ( 0.000000000000000000, 0.000000000000000000, 1.000000000000000000 ) ) ;
#8230 = VERTEX_POINT ( 'NONE', #2645 ) ;
#8231 = DIRECTION ( 'NONE',  ( 0.000000000000000000, -1.000000000000000000, 8.642948658383689284E-16 ) ) ;
#8232 = EDGE_CURVE ( 'NONE', #8676, #1990, #319, .T. ) ;
#8233 = CARTESIAN_POINT ( 'NONE',  ( 5.524999999999998579, 3.299999999999999822, -0.9349999999999998312 ) ) ;
#8234 = CARTESIAN_POINT ( 'NONE',  ( 7.375000000000000000, 1.800000000000000044, -1.175000000000000044 ) ) ;
#8235 = ORIENTED_EDGE ( 'NONE', *, *, #6185, .F. ) ;
#8236 = LINE ( 'NONE', #1507, #3597 ) ;
#8237 = PLANE ( 'NONE',  #2627 ) ;
#8238 = ORIENTED_EDGE ( 'NONE', *, *, #1882, .F. ) ;
#8239 = CARTESIAN_POINT ( 'NONE',  ( -1.375000000000001332, 2.899999999999999911, 0.1750000000000002387 ) ) ;
#8240 = ORIENTED_EDGE ( 'NONE', *, *, #8648, .F. ) ;
#8241 = VECTOR ( 'NONE', #8645, 1000.000000000000000 ) ;
#8242 = CARTESIAN_POINT ( 'NONE',  ( 3.224999999999997424, 0.09999999999999999167, -0.8250000000000010658 ) ) ;
#8243 = VECTOR ( 'NONE', #4259, 1000.000000000000000 ) ;
#8244 = EDGE_CURVE ( 'NONE', #828, #519, #1893, .T. ) ;
#8245 = PLANE ( 'NONE',  #8628 ) ;
#8246 = ORIENTED_EDGE ( 'NONE', *, *, #5711, .T. ) ;
#8247 = LINE ( 'NONE', #4176, #3181 ) ;
#8248 = VERTEX_POINT ( 'NONE', #3528 ) ;
#8249 = CARTESIAN_POINT ( 'NONE',  ( 7.625000000000000000, 2.899999999999999911, 0.1750000000000002387 ) ) ;
#8250 = PLANE ( 'NONE',  #2063 ) ;
#8251 = DIRECTION ( 'NONE',  ( 0.000000000000000000, -0.000000000000000000, -1.000000000000000000 ) ) ;
#8252 = LINE ( 'NONE', #6698, #5573 ) ;
#8253 = FACE_OUTER_BOUND ( 'NONE', #3069, .T. ) ;
#8254 = AXIS2_PLACEMENT_3D ( 'NONE', #9088, #7386, #9905 ) ;
#8255 = ORIENTED_EDGE ( 'NONE', *, *, #6444, .T. ) ;
#8256 = VECTOR ( 'NONE', #6897, 1000.000000000000000 ) ;
#8257 = CARTESIAN_POINT ( 'NONE',  ( 1.774999999999998801, 1.449999999999999956, -0.7749999999999999112 ) ) ;
#8258 = EDGE_CURVE ( 'NONE', #3680, #945, #2829, .T. ) ;
#8259 = AXIS2_PLACEMENT_3D ( 'NONE', #9228, #1914, #8432 ) ;
#8260 = VECTOR ( 'NONE', #6408, 1000.000000000000000 ) ;
#8261 = CARTESIAN_POINT ( 'NONE',  ( -6.875000000000000000, 1.449999999999999956, 0.3750000000000001110 ) ) ;
#8262 = CARTESIAN_POINT ( 'NONE',  ( 7.575000000000000178, 0.000000000000000000, 0.2250000000000008105 ) ) ;
#8263 = VERTEX_POINT ( 'NONE', #6752 ) ;
#8264 = VERTEX_POINT ( 'NONE', #10117 ) ;
#8265 = ORIENTED_EDGE ( 'NONE', *, *, #8721, .T. ) ;
#8266 = VERTEX_POINT ( 'NONE', #1198 ) ;
#8267 = EDGE_CURVE ( 'NONE', #3407, #9100, #415, .T. ) ;
#8268 = FACE_OUTER_BOUND ( 'NONE', #9450, .T. ) ;
#8269 = CARTESIAN_POINT ( 'NONE',  ( 3.024999999999998579, 3.299999999999999822, -0.9349999999999998312 ) ) ;
#8270 = DIRECTION ( 'NONE',  ( -1.000000000000000000, -0.000000000000000000, -0.000000000000000000 ) ) ;
#8271 = ADVANCED_FACE ( 'NONE', ( #4280 ), #1984, .F. ) ;
#8272 = ORIENTED_EDGE ( 'NONE', *, *, #10183, .T. ) ;
#8273 = CARTESIAN_POINT ( 'NONE',  ( 1.919910864525443017, 0.5999999999999999778, 0.2250000000000008105 ) ) ;
#8274 = EDGE_CURVE ( 'NONE', #1390, #4370, #3624, .T. ) ;
#8275 = ORIENTED_EDGE ( 'NONE', *, *, #1238, .T. ) ;
#8276 = PLANE ( 'NONE',  #6940 ) ;
#8277 = EDGE_LOOP ( 'NONE', ( #7608, #2567, #4887, #255 ) ) ;
#8278 = CARTESIAN_POINT ( 'NONE',  ( 2.291666666666664742, -0.6333333333333320825, 3.408333333333332771 ) ) ;
#8279 = DIRECTION ( 'NONE',  ( -0.000000000000000000, -0.7071067811865431318, -0.7071067811865517916 ) ) ;
#8280 = PLANE ( 'NONE',  #8707 ) ;
#8281 = EDGE_CURVE ( 'NONE', #7744, #5219, #6806, .T. ) ;
#8282 = CARTESIAN_POINT ( 'NONE',  ( -1.525000000000001243, 4.049999999999999822, 1.675000000000000266 ) ) ;
#8283 = ORIENTED_EDGE ( 'NONE', *, *, #923, .F. ) ;
#8284 = CARTESIAN_POINT ( 'NONE',  ( 4.274999999999998579, 6.140988867593913192E-18, -0.02500000000000096242 ) ) ;
#8285 = EDGE_CURVE ( 'NONE', #7331, #499, #4545, .T. ) ;
#8286 = EDGE_CURVE ( 'NONE', #9530, #2680, #2736, .T. ) ;
#8287 = ORIENTED_EDGE ( 'NONE', *, *, #7704, .T. ) ;
#8288 = LINE ( 'NONE', #993, #1038 ) ;
#8289 = ORIENTED_EDGE ( 'NONE', *, *, #2159, .T. ) ;
#8290 = CARTESIAN_POINT ( 'NONE',  ( 7.875000000000000000, 0.6499999999999999112, -1.574999999999999512 ) ) ;
#8291 = CARTESIAN_POINT ( 'NONE',  ( -1.625000000000001332, 1.800000000000000044, -1.175000000000000044 ) ) ;
#8292 = VERTEX_POINT ( 'NONE', #5881 ) ;
#8293 = AXIS2_PLACEMENT_3D ( 'NONE', #4466, #6119, #3658 ) ;
#8294 = FACE_OUTER_BOUND ( 'NONE', #8604, .T. ) ;
#8295 = EDGE_LOOP ( 'NONE', ( #2960, #6808, #2976, #6381, #1946, #8583, #9482, #2718, #10209, #4739, #4183, #2605, #6573, #3376, #412, #7957, #3897, #10031, #4364, #2364, #2788, #2289, #4587, #25 ) ) ;
#8296 = SHAPE_DEFINITION_REPRESENTATION ( #4774, #9272 ) ;
#8297 = CARTESIAN_POINT ( 'NONE',  ( 5.524999999999998579, 1.449999999999999956, -0.02500000000000060854 ) ) ;
#8298 = CARTESIAN_POINT ( 'NONE',  ( 7.625000000000000000, 4.049999999999999822, 2.375000000000000444 ) ) ;
#8299 = ORIENTED_EDGE ( 'NONE', *, *, #4023, .T. ) ;
#8300 = LINE ( 'NONE', #6012, #1674 ) ;
#8301 = PLANE ( 'NONE',  #8418 ) ;
#8302 = VERTEX_POINT ( 'NONE', #9162 ) ;
#8303 = DIRECTION ( 'NONE',  ( -0.000000000000000000, 0.000000000000000000, 1.000000000000000000 ) ) ;
#8304 = DIRECTION ( 'NONE',  ( -1.277744513902812275E-16, 0.7071067811865474617, -0.7071067811865475727 ) ) ;
#8305 = EDGE_CURVE ( 'NONE', #6918, #3046, #5075, .T. ) ;
#8306 = VECTOR ( 'NONE', #5232, 1000.000000000000114 ) ;
#8307 = CARTESIAN_POINT ( 'NONE',  ( 1.974999999999998090, 1.199999999999999734, 0.1750000000000000722 ) ) ;
#8308 = ADVANCED_FACE ( 'NONE', ( #6995 ), #7844, .T. ) ;
#8309 = FILL_AREA_STYLE ('',( #165 ) ) ;
#8310 = VECTOR ( 'NONE', #3662, 1000.000000000000000 ) ;
#8311 = DIRECTION ( 'NONE',  ( 1.000000000000000000, 0.000000000000000000, 0.000000000000000000 ) ) ;
#8312 = EDGE_CURVE ( 'NONE', #702, #1255, #1356, .T. ) ;
#8313 = ORIENTED_EDGE ( 'NONE', *, *, #9466, .T. ) ;
#8314 = ADVANCED_FACE ( 'NONE', ( #4691 ), #10210, .F. ) ;
#8315 = EDGE_LOOP ( 'NONE', ( #5782, #6791, #1375, #6415 ) ) ;
#8316 = DIRECTION ( 'NONE',  ( 0.000000000000000000, 0.000000000000000000, 1.000000000000000000 ) ) ;
#8317 = ORIENTED_EDGE ( 'NONE', *, *, #3440, .T. ) ;
#8318 = VECTOR ( 'NONE', #1571, 1000.000000000000000 ) ;
#8319 = AXIS2_PLACEMENT_3D ( 'NONE', #2549, #5560, #9759 ) ;
#8320 = ORIENTED_EDGE ( 'NONE', *, *, #3946, .T. ) ;
#8321 = LINE ( 'NONE', #8369, #10026 ) ;
#8322 = CARTESIAN_POINT ( 'NONE',  ( 5.724999999999997868, -0.04999999999999568678, -2.474999999999999645 ) ) ;
#8323 = VECTOR ( 'NONE', #2709, 1000.000000000000000 ) ;
#8324 = CARTESIAN_POINT ( 'NONE',  ( 1.974999999999997646, 0.1792893218813486067, -1.745710678118654435 ) ) ;
#8325 = PLANE ( 'NONE',  #4308 ) ;
#8326 = DIRECTION ( 'NONE',  ( -1.000000000000000000, -0.000000000000000000, -0.000000000000000000 ) ) ;
#8327 = CARTESIAN_POINT ( 'NONE',  ( 5.724999999999998757, 2.899999999999999023, -0.7750000000000006883 ) ) ;
#8328 = EDGE_LOOP ( 'NONE', ( #2346, #2600, #8844, #5168 ) ) ;
#8329 = VECTOR ( 'NONE', #8452, 1000.000000000000000 ) ;
#8330 = LINE ( 'NONE', #382, #2170 ) ;
#8331 = VERTEX_POINT ( 'NONE', #7107 ) ;
#8332 = EDGE_CURVE ( 'NONE', #10053, #8292, #2934, .T. ) ;
#8333 = DIRECTION ( 'NONE',  ( 0.000000000000000000, 0.7071067811865474617, 0.7071067811865474617 ) ) ;
#8334 = DIRECTION ( 'NONE',  ( 0.000000000000000000, -1.000000000000000000, 0.000000000000000000 ) ) ;
#8335 = VECTOR ( 'NONE', #1322, 1000.000000000000000 ) ;
#8336 = ORIENTED_EDGE ( 'NONE', *, *, #647, .T. ) ;
#8337 = DIRECTION ( 'NONE',  ( -0.000000000000000000, -4.553649124439118623E-15, 1.000000000000000000 ) ) ;
#8338 = EDGE_CURVE ( 'NONE', #3830, #1569, #1407, .T. ) ;
#8339 = CARTESIAN_POINT ( 'NONE',  ( 3.024999999999997691, 0.3000000000000009881, -1.625000000000000666 ) ) ;
#8340 = LINE ( 'NONE', #1092, #9875 ) ;
#8341 = VERTEX_POINT ( 'NONE', #9624 ) ;
#8342 = EDGE_CURVE ( 'NONE', #2527, #1301, #10317, .T. ) ;
#8343 = FACE_OUTER_BOUND ( 'NONE', #3073, .T. ) ;
#8344 = AXIS2_PLACEMENT_3D ( 'NONE', #6095, #5392, #2110 ) ;
#8345 = EDGE_CURVE ( 'NONE', #757, #3925, #5320, .T. ) ;
#8346 = EDGE_LOOP ( 'NONE', ( #476, #7229, #1864, #1669 ) ) ;
#8347 = CARTESIAN_POINT ( 'NONE',  ( 0.3750000000000012212, 1.449999999999999956, 0.1750000000000000999 ) ) ;
#8348 = LINE ( 'NONE', #9105, #554 ) ;
#8349 = DIRECTION ( 'NONE',  ( 0.000000000000000000, 1.000000000000000000, 0.000000000000000000 ) ) ;
#8350 = FACE_OUTER_BOUND ( 'NONE', #7244, .T. ) ;
#8351 = DIRECTION ( 'NONE',  ( -0.000000000000000000, 1.000000000000000000, -0.000000000000000000 ) ) ;
#8352 = VERTEX_POINT ( 'NONE', #10267 ) ;
#8353 = PLANE ( 'NONE',  #9360 ) ;
#8354 = VECTOR ( 'NONE', #3572, 1000.000000000000000 ) ;
#8355 = AXIS2_PLACEMENT_3D ( 'NONE', #1525, #691, #4754 ) ;
#8356 = CARTESIAN_POINT ( 'NONE',  ( 0.5249999999999994671, 3.950000000000000178, -1.174999999999999822 ) ) ;
#8357 = EDGE_CURVE ( 'NONE', #8074, #7519, #8656, .T. ) ;
#8358 = CARTESIAN_POINT ( 'NONE',  ( 1.774999999999999245, 4.049999999999999822, 0.1750000000000000722 ) ) ;
#8359 = EDGE_CURVE ( 'NONE', #2857, #717, #6239, .T. ) ;
#8360 = ORIENTED_EDGE ( 'NONE', *, *, #3067, .T. ) ;
#8361 = ORIENTED_EDGE ( 'NONE', *, *, #2347, .F. ) ;
#8362 = AXIS2_PLACEMENT_3D ( 'NONE', #1845, #7600, #5970 ) ;
#8363 = FACE_OUTER_BOUND ( 'NONE', #8802, .T. ) ;
#8364 = ORIENTED_EDGE ( 'NONE', *, *, #4467, .F. ) ;
#8365 = ADVANCED_FACE ( 'NONE', ( #4636 ), #3834, .T. ) ;
#8366 = ORIENTED_EDGE ( 'NONE', *, *, #4621, .F. ) ;
#8367 = DIRECTION ( 'NONE',  ( 0.000000000000000000, 0.000000000000000000, -1.000000000000000000 ) ) ;
#8368 = DIRECTION ( 'NONE',  ( -0.000000000000000000, 0.000000000000000000, 1.000000000000000000 ) ) ;
#8369 = CARTESIAN_POINT ( 'NONE',  ( 0.7249999999999973133, 0.5000000000000022204, -1.324999999999999734 ) ) ;
#8370 = LINE ( 'NONE', #1165, #2823 ) ;
#8371 = LINE ( 'NONE', #4288, #6916 ) ;
#8372 = CARTESIAN_POINT ( 'NONE',  ( 3.224999999999997424, 0.3500000000000009215, -1.324999999999999512 ) ) ;
#8373 = VERTEX_POINT ( 'NONE', #3097 ) ;
#8374 = VECTOR ( 'NONE', #3611, 1000.000000000000000 ) ;
#8375 = EDGE_CURVE ( 'NONE', #4198, #9862, #8769, .T. ) ;
#8376 = PLANE ( 'NONE',  #3685 ) ;
#8377 = ORIENTED_EDGE ( 'NONE', *, *, #8753, .T. ) ;
#8378 = LINE ( 'NONE', #4299, #9858 ) ;
#8379 = LINE ( 'NONE', #291, #235 ) ;
#8380 = CARTESIAN_POINT ( 'NONE',  ( 7.875000000000000000, 2.349999999999999645, 0.6750000000000002665 ) ) ;
#8381 =( LENGTH_UNIT ( ) NAMED_UNIT ( * ) SI_UNIT ( .MILLI., .METRE. ) );
#8382 = VECTOR ( 'NONE', #1139, 1000.000000000000000 ) ;
#8383 = VECTOR ( 'NONE', #6899, 1000.000000000000000 ) ;
#8384 = ORIENTED_EDGE ( 'NONE', *, *, #5698, .F. ) ;
#8385 = LINE ( 'NONE', #4307, #5136 ) ;
#8386 = ORIENTED_EDGE ( 'NONE', *, *, #6148, .F. ) ;
#8387 = DIRECTION ( 'NONE',  ( 0.000000000000000000, 0.000000000000000000, 1.000000000000000000 ) ) ;
#8388 = EDGE_CURVE ( 'NONE', #9618, #9402, #2880, .T. ) ;
#8389 = VECTOR ( 'NONE', #4915, 1000.000000000000000 ) ;
#8390 = DIRECTION ( 'NONE',  ( 0.000000000000000000, 0.000000000000000000, 1.000000000000000000 ) ) ;
#8391 = CARTESIAN_POINT ( 'NONE',  ( 3.224999999999997424, 0.3500000000000009215, -1.324999999999999512 ) ) ;
#8392 = ORIENTED_EDGE ( 'NONE', *, *, #8579, .T. ) ;
#8393 = DIRECTION ( 'NONE',  ( 1.000000000000000000, 0.000000000000000000, 0.000000000000000000 ) ) ;
#8394 = ORIENTED_EDGE ( 'NONE', *, *, #2402, .F. ) ;
#8395 = CARTESIAN_POINT ( 'NONE',  ( 0.5250000000000011324, 3.950000000000000178, 0.1750000000000000722 ) ) ;
#8396 = CARTESIAN_POINT ( 'NONE',  ( 13.12499999999999822, 3.950000000000000178, 0.3750000000000001110 ) ) ;
#8397 = CARTESIAN_POINT ( 'NONE',  ( 7.781793621149187601, 1.449999999999999956, 0.000000000000000000 ) ) ;
#8398 = LINE ( 'NONE', #1839, #297 ) ;
#8399 = CARTESIAN_POINT ( 'NONE',  ( 7.375000000000000888, 0.5999999999999999778, 1.825000000000000622 ) ) ;
#8400 = ORIENTED_EDGE ( 'NONE', *, *, #428, .F. ) ;
#8401 = LINE ( 'NONE', #7597, #3828 ) ;
#8402 = DIRECTION ( 'NONE',  ( -1.277744513902812275E-16, 0.7071067811865475727, -0.7071067811865475727 ) ) ;
#8403 = DIRECTION ( 'NONE',  ( 0.000000000000000000, 0.000000000000000000, 1.000000000000000000 ) ) ;
#8404 = EDGE_CURVE ( 'NONE', #540, #7172, #9567, .T. ) ;
#8405 = EDGE_CURVE ( 'NONE', #6237, #9779, #6131, .T. ) ;
#8406 = SURFACE_SIDE_STYLE ('',( #4426 ) ) ;
#8407 = VECTOR ( 'NONE', #3838, 1000.000000000000000 ) ;
#8408 = AXIS2_PLACEMENT_3D ( 'NONE', #3359, #344, #5095 ) ;
#8409 = VERTEX_POINT ( 'NONE', #7165 ) ;
#8410 = FACE_OUTER_BOUND ( 'NONE', #6108, .T. ) ;
#8411 = VERTEX_POINT ( 'NONE', #10426 ) ;
#8412 = ORIENTED_EDGE ( 'NONE', *, *, #3131, .T. ) ;
#8413 = EDGE_CURVE ( 'NONE', #7962, #7738, #6354, .T. ) ;
#8414 = DIRECTION ( 'NONE',  ( 0.000000000000000000, 0.000000000000000000, 1.000000000000000000 ) ) ;
#8415 = STYLED_ITEM ( 'NONE', ( #9039 ), #979 ) ;
#8416 = VECTOR ( 'NONE', #9682, 1000.000000000000000 ) ;
#8417 = AXIS2_PLACEMENT_3D ( 'NONE', #630, #4809, #8368 ) ;
#8418 = AXIS2_PLACEMENT_3D ( 'NONE', #9108, #5926, #5874 ) ;
#8419 = ORIENTED_EDGE ( 'NONE', *, *, #4806, .F. ) ;
#8420 = CARTESIAN_POINT ( 'NONE',  ( 7.875000000000000000, 1.899999999999999911, 1.825000000000000622 ) ) ;
#8421 = CARTESIAN_POINT ( 'NONE',  ( 7.375000000000000000, 2.899999999999999911, -0.3249999999999997891 ) ) ;
#8422 = PLANE ( 'NONE',  #4905 ) ;
#8423 = ORIENTED_EDGE ( 'NONE', *, *, #7097, .F. ) ;
#8424 = EDGE_CURVE ( 'NONE', #5425, #10078, #8825, .T. ) ;
#8425 = EDGE_CURVE ( 'NONE', #2996, #5787, #4748, .T. ) ;
#8426 = FACE_OUTER_BOUND ( 'NONE', #6742, .T. ) ;
#8427 = VERTEX_POINT ( 'NONE', #3262 ) ;
#8428 = FACE_OUTER_BOUND ( 'NONE', #7334, .T. ) ;
#8429 = PLANE ( 'NONE',  #6324 ) ;
#8430 = ORIENTED_EDGE ( 'NONE', *, *, #2232, .F. ) ;
#8431 = ADVANCED_FACE ( 'NONE', ( #8123 ), #10480, .F. ) ;
#8432 = DIRECTION ( 'NONE',  ( 0.000000000000000000, 1.000000000000000000, 2.282530889443167515E-16 ) ) ;
#8433 = CARTESIAN_POINT ( 'NONE',  ( 3.224999999999999645, 3.950000000000000178, -1.174999999999999822 ) ) ;
#8434 = ORIENTED_EDGE ( 'NONE', *, *, #9585, .F. ) ;
#8435 = CARTESIAN_POINT ( 'NONE',  ( 3.024999999999998579, 3.299999999999999822, -1.224999999999999645 ) ) ;
#8436 = PLANE ( 'NONE',  #9493 ) ;
#8437 = PLANE ( 'NONE',  #2507 ) ;
#8438 = VERTEX_POINT ( 'NONE', #8936 ) ;
#8439 = APPLICATION_PROTOCOL_DEFINITION ( 'draft international standard', 'automotive_design', 1998, #4497 ) ;
#8440 = FACE_OUTER_BOUND ( 'NONE', #3227, .T. ) ;
#8441 = FACE_OUTER_BOUND ( 'NONE', #7984, .T. ) ;
#8442 = CARTESIAN_POINT ( 'NONE',  ( 7.875000000000000000, 1.800000000000000044, -1.774999999999999689 ) ) ;
#8443 = LINE ( 'NONE', #1142, #5334 ) ;
#8444 = CARTESIAN_POINT ( 'NONE',  ( 1.974999999999998090, 4.049999999999999822, 0.1750000000000000722 ) ) ;
#8445 = EDGE_LOOP ( 'NONE', ( #9766, #2508, #496, #9769 ) ) ;
#8446 = DIRECTION ( 'NONE',  ( 3.336006684570783101E-16, 1.000000000000000000, 0.000000000000000000 ) ) ;
#8447 = CARTESIAN_POINT ( 'NONE',  ( 1.774999999999997913, 0.4999999999999998890, -0.8249999999999997335 ) ) ;
#8448 = DIRECTION ( 'NONE',  ( 1.000000000000000000, 0.000000000000000000, 0.000000000000000000 ) ) ;
#8449 = DIRECTION ( 'NONE',  ( 4.688441826964343312E-16, 1.000000000000000000, -0.000000000000000000 ) ) ;
#8450 = VECTOR ( 'NONE', #5206, 1000.000000000000000 ) ;
#8451 = EDGE_CURVE ( 'NONE', #7041, #804, #7278, .T. ) ;
#8452 = DIRECTION ( 'NONE',  ( 0.000000000000000000, 5.251604272976699179E-15, -1.000000000000000000 ) ) ;
#8453 = DIRECTION ( 'NONE',  ( 0.000000000000000000, -1.000000000000000000, 0.000000000000000000 ) ) ;
#8454 = EDGE_CURVE ( 'NONE', #5387, #7108, #4800, .T. ) ;
#8455 = ORIENTED_EDGE ( 'NONE', *, *, #8285, .F. ) ;
#8456 = CARTESIAN_POINT ( 'NONE',  ( 7.375000000000000000, 1.800000000000000044, -1.774999999999999689 ) ) ;
#8457 = ORIENTED_EDGE ( 'NONE', *, *, #3043, .T. ) ;
#8458 = VECTOR ( 'NONE', #5848, 1000.000000000000000 ) ;
#8459 = LINE ( 'NONE', #6860, #3029 ) ;
#8460 = VECTOR ( 'NONE', #5386, 1000.000000000000000 ) ;
#8461 = AXIS2_PLACEMENT_3D ( 'NONE', #6930, #9498, #4509 ) ;
#8462 = EDGE_CURVE ( 'NONE', #9446, #5131, #8071, .T. ) ;
#8463 = ADVANCED_FACE ( 'NONE', ( #4742 ), #2421, .T. ) ;
#8464 = EDGE_CURVE ( 'NONE', #6441, #2049, #3150, .T. ) ;
#8465 = PLANE ( 'NONE',  #8993 ) ;
#8466 = ORIENTED_EDGE ( 'NONE', *, *, #6913, .F. ) ;
#8467 = VECTOR ( 'NONE', #2490, 1000.000000000000114 ) ;
#8468 = CARTESIAN_POINT ( 'NONE',  ( -6.875000000000000000, 3.950000000000000178, 0.3750000000000001110 ) ) ;
#8469 = DIRECTION ( 'NONE',  ( -1.000000000000000000, -0.000000000000000000, -0.000000000000000000 ) ) ;
#8470 = DIRECTION ( 'NONE',  ( 2.358912948743652103E-16, 0.7071067811865474617, -0.7071067811865474617 ) ) ;
#8471 = VECTOR ( 'NONE', #6383, 1000.000000000000000 ) ;
#8472 = ORIENTED_EDGE ( 'NONE', *, *, #5992, .T. ) ;
#8473 = ADVANCED_FACE ( 'NONE', ( #5657 ), #4063, .F. ) ;
#8474 = SURFACE_STYLE_FILL_AREA ( #1532 ) ;
#8475 = ORIENTED_EDGE ( 'NONE', *, *, #5506, .T. ) ;
#8476 = AXIS2_PLACEMENT_3D ( 'NONE', #8391, #9237, #1133 ) ;
#8477 = CARTESIAN_POINT ( 'NONE',  ( 5.724999999999997868, 3.449999999999999289, 0.3749999999999999445 ) ) ;
#8478 = FACE_OUTER_BOUND ( 'NONE', #5030, .T. ) ;
#8479 = DIRECTION ( 'NONE',  ( -0.7071067811865475727, -0.7071067811865475727, -0.000000000000000000 ) ) ;
#8480 = EDGE_CURVE ( 'NONE', #3066, #8684, #1632, .T. ) ;
#8481 = VERTEX_POINT ( 'NONE', #45 ) ;
#8482 = PLANE ( 'NONE',  #10514 ) ;
#8483 = ORIENTED_EDGE ( 'NONE', *, *, #9986, .F. ) ;
#8484 = LINE ( 'NONE', #2656, #2009 ) ;
#8485 = EDGE_CURVE ( 'NONE', #2466, #4252, #3208, .T. ) ;
#8486 = DIRECTION ( 'NONE',  ( -0.000000000000000000, -0.000000000000000000, 1.000000000000000000 ) ) ;
#8487 = EDGE_CURVE ( 'NONE', #9409, #5812, #9740, .T. ) ;
#8488 = CYLINDRICAL_SURFACE ( 'NONE', #146, 0.05000000000000012768 ) ;
#8489 = ORIENTED_EDGE ( 'NONE', *, *, #6892, .T. ) ;
#8490 = LINE ( 'NONE', #8539, #3590 ) ;
#8491 = VECTOR ( 'NONE', #6186, 1000.000000000000000 ) ;
#8492 = DIRECTION ( 'NONE',  ( -1.000000000000000000, -0.000000000000000000, -0.000000000000000000 ) ) ;
#8493 = FACE_OUTER_BOUND ( 'NONE', #8960, .T. ) ;
#8494 = VECTOR ( 'NONE', #4391, 1000.000000000000000 ) ;
#8495 = LINE ( 'NONE', #4570, #1941 ) ;
#8496 = VERTEX_POINT ( 'NONE', #4850 ) ;
#8497 = CARTESIAN_POINT ( 'NONE',  ( -1.125000000000001776, -0.1499999999999963862, 0.3749999999999942268 ) ) ;
#8498 = LINE ( 'NONE', #8547, #10391 ) ;
#8499 = ORIENTED_EDGE ( 'NONE', *, *, #7377, .T. ) ;
#8500 = DIRECTION ( 'NONE',  ( 3.336006684570783101E-16, 1.000000000000000000, 0.000000000000000000 ) ) ;
#8501 = AXIS2_PLACEMENT_3D ( 'NONE', #7864, #589, #3800 ) ;
#8502 = ORIENTED_EDGE ( 'NONE', *, *, #4956, .T. ) ;
#8503 = CARTESIAN_POINT ( 'NONE',  ( 0.7249999999999973133, -0.1499999999999963862, -1.474999999999999645 ) ) ;
#8504 = ORIENTED_EDGE ( 'NONE', *, *, #2890, .T. ) ;
#8505 = ORIENTED_EDGE ( 'NONE', *, *, #8281, .F. ) ;
#8506 = CARTESIAN_POINT ( 'NONE',  ( 0.7249999999999973133, 0.3000000000000008771, -1.374999999999999778 ) ) ;
#8507 = DIRECTION ( 'NONE',  ( -0.000000000000000000, 0.7071067811865474617, 0.7071067811865474617 ) ) ;
#8508 = ORIENTED_EDGE ( 'NONE', *, *, #6663, .T. ) ;
#8509 = ORIENTED_EDGE ( 'NONE', *, *, #1381, .F. ) ;
#8510 = AXIS2_PLACEMENT_3D ( 'NONE', #5112, #8403, #3474 ) ;
#8511 = CARTESIAN_POINT ( 'NONE',  ( -1.125000000000000888, 3.950000000000000178, 0.000000000000000000 ) ) ;
#8512 = EDGE_CURVE ( 'NONE', #6943, #8331, #5600, .T. ) ;
#8513 = VECTOR ( 'NONE', #3125, 1000.000000000000000 ) ;
#8514 = CARTESIAN_POINT ( 'NONE',  ( -1.525000000000001243, 4.049999999999999822, 1.675000000000000266 ) ) ;
#8515 = ORIENTED_EDGE ( 'NONE', *, *, #3833, .T. ) ;
#8516 = DIRECTION ( 'NONE',  ( -1.000000000000000000, 0.000000000000000000, -0.000000000000000000 ) ) ;
#8517 = CARTESIAN_POINT ( 'NONE',  ( -1.125000000000001776, 1.899999999999999689, 2.475000000000000533 ) ) ;
#8518 = LINE ( 'NONE', #1429, #8335 ) ;
#8519 = EDGE_CURVE ( 'NONE', #3538, #4671, #8820, .T. ) ;
#8520 = VERTEX_POINT ( 'NONE', #8007 ) ;
#8521 = EDGE_CURVE ( 'NONE', #1390, #7114, #5713, .T. ) ;
#8522 = FILL_AREA_STYLE_COLOUR ( '', #9883 ) ;
#8523 = ORIENTED_EDGE ( 'NONE', *, *, #7613, .T. ) ;
#8524 = LINE ( 'NONE', #2803, #9469 ) ;
#8525 = LINE ( 'NONE', #6106, #8575 ) ;
#8526 = VECTOR ( 'NONE', #2239, 1000.000000000000000 ) ;
#8527 = ORIENTED_EDGE ( 'NONE', *, *, #5831, .T. ) ;
#8528 = FACE_OUTER_BOUND ( 'NONE', #9194, .T. ) ;
#8529 = EDGE_CURVE ( 'NONE', #7322, #7372, #2304, .T. ) ;
#8530 = ORIENTED_EDGE ( 'NONE', *, *, #7465, .F. ) ;
#8531 = EDGE_CURVE ( 'NONE', #7380, #836, #4909, .T. ) ;
#8532 = PLANE ( 'NONE',  #9025 ) ;
#8533 = CARTESIAN_POINT ( 'NONE',  ( 3.958333333333333481, -0.6333333333333320825, 3.408333333333332771 ) ) ;
#8534 = AXIS2_PLACEMENT_3D ( 'NONE', #9998, #5093, #1083 ) ;
#8535 = VERTEX_POINT ( 'NONE', #6290 ) ;
#8536 = EDGE_CURVE ( 'NONE', #8266, #5298, #2249, .T. ) ;
#8537 = DIRECTION ( 'NONE',  ( 1.000000000000000000, 0.000000000000000000, 0.000000000000000000 ) ) ;
#8538 = VERTEX_POINT ( 'NONE', #1458 ) ;
#8539 = CARTESIAN_POINT ( 'NONE',  ( 4.274999999999999467, 1.449999999999999956, -1.224999999999999645 ) ) ;
#8540 = ORIENTED_EDGE ( 'NONE', *, *, #8424, .F. ) ;
#8541 = PLANE ( 'NONE',  #5114 ) ;
#8542 = LINE ( 'NONE', #7681, #3251 ) ;
#8543 = LINE ( 'NONE', #8593, #3649 ) ;
#8544 = CARTESIAN_POINT ( 'NONE',  ( 0.5249999999999985789, 2.899999999999996803, -0.7749999999999999112 ) ) ;
#8545 = ORIENTED_EDGE ( 'NONE', *, *, #9921, .F. ) ;
#8546 = DIRECTION ( 'NONE',  ( 0.000000000000000000, 0.7071067811865431318, 0.7071067811865519026 ) ) ;
#8547 = CARTESIAN_POINT ( 'NONE',  ( 4.474999999999996980, 0.09999999999999999167, -0.8250000000000010658 ) ) ;
#8548 = VECTOR ( 'NONE', #2987, 1000.000000000000000 ) ;
#8549 = EDGE_CURVE ( 'NONE', #3449, #7181, #679, .T. ) ;
#8550 = ORIENTED_EDGE ( 'NONE', *, *, #3093, .T. ) ;
#8551 = AXIS2_PLACEMENT_3D ( 'NONE', #10430, #3100, #6358 ) ;
#8552 = PLANE ( 'NONE',  #3551 ) ;
#8553 = ORIENTED_EDGE ( 'NONE', *, *, #4506, .T. ) ;
#8554 = EDGE_CURVE ( 'NONE', #7747, #5758, #9096, .T. ) ;
#8555 = ORIENTED_EDGE ( 'NONE', *, *, #4108, .F. ) ;
#8556 = DIRECTION ( 'NONE',  ( 0.000000000000000000, 0.000000000000000000, 1.000000000000000000 ) ) ;
#8557 = LINE ( 'NONE', #574, #8566 ) ;
#8558 = ORIENTED_EDGE ( 'NONE', *, *, #4148, .T. ) ;
#8559 = FACE_OUTER_BOUND ( 'NONE', #324, .T. ) ;
#8560 = LINE ( 'NONE', #8720, #269 ) ;
#8561 = ORIENTED_EDGE ( 'NONE', *, *, #4550, .T. ) ;
#8562 = EDGE_CURVE ( 'NONE', #7023, #2119, #6689, .T. ) ;
#8563 = ORIENTED_EDGE ( 'NONE', *, *, #6035, .T. ) ;
#8564 = DIRECTION ( 'NONE',  ( -1.000000000000000000, 0.000000000000000000, 0.000000000000000000 ) ) ;
#8565 = AXIS2_PLACEMENT_3D ( 'NONE', #315, #6801, #5968 ) ;
#8566 = VECTOR ( 'NONE', #10214, 1000.000000000000000 ) ;
#8567 = DIRECTION ( 'NONE',  ( -0.000000000000000000, 0.000000000000000000, 1.000000000000000000 ) ) ;
#8568 = VERTEX_POINT ( 'NONE', #8435 ) ;
#8569 = LINE ( 'NONE', #1168, #100 ) ;
#8570 = VECTOR ( 'NONE', #5533, 1000.000000000000000 ) ;
#8571 = FACE_OUTER_BOUND ( 'NONE', #2876, .T. ) ;
#8572 = VECTOR ( 'NONE', #7302, 1000.000000000000000 ) ;
#8573 = CARTESIAN_POINT ( 'NONE',  ( 0.5250000000000011324, 1.449999999999999956, 0.1750000000000000722 ) ) ;
#8574 = EDGE_LOOP ( 'NONE', ( #5283, #10494, #5437, #9436 ) ) ;
#8575 = VECTOR ( 'NONE', #9379, 1000.000000000000000 ) ;
#8576 = ORIENTED_EDGE ( 'NONE', *, *, #621, .F. ) ;
#8577 = AXIS2_PLACEMENT_3D ( 'NONE', #5536, #4681, #1508 ) ;
#8578 = LINE ( 'NONE', #10238, #9111 ) ;
#8579 = EDGE_CURVE ( 'NONE', #1158, #4949, #4263, .T. ) ;
#8580 = EDGE_CURVE ( 'NONE', #2724, #1983, #5058, .T. ) ;
#8581 = CARTESIAN_POINT ( 'NONE',  ( 3.024999999999998579, 3.050000000000000266, 0.000000000000000000 ) ) ;
#8582 = SURFACE_STYLE_FILL_AREA ( #891 ) ;
#8583 = ORIENTED_EDGE ( 'NONE', *, *, #7568, .T. ) ;
#8584 = DIRECTION ( 'NONE',  ( -0.000000000000000000, -1.000000000000000000, -1.355252715606880789E-16 ) ) ;
#8585 = VERTEX_POINT ( 'NONE', #8339 ) ;
#8586 = DIRECTION ( 'NONE',  ( -1.000000000000000000, -0.000000000000000000, 0.000000000000000000 ) ) ;
#8587 = EDGE_CURVE ( 'NONE', #681, #3661, #5957, .T. ) ;
#8588 = PLANE ( 'NONE',  #8461 ) ;
#8589 = VERTEX_POINT ( 'NONE', #200 ) ;
#8590 = CARTESIAN_POINT ( 'NONE',  ( 3.224999999999997424, 3.050000000000000266, -0.02500000000000021302 ) ) ;
#8591 = EDGE_CURVE ( 'NONE', #4004, #6727, #9235, .T. ) ;
#8592 = CARTESIAN_POINT ( 'NONE',  ( 5.724999999999997868, 0.3000000000000009881, -1.625000000000000666 ) ) ;
#8593 = CARTESIAN_POINT ( 'NONE',  ( 0.5479670385731003623, 2.250000000000000000, 1.075000000000000400 ) ) ;
#8594 = CARTESIAN_POINT ( 'NONE',  ( 0.8749999999999998890, 1.199999999999999734, 0.1750000000000000999 ) ) ;
#8595 = ORIENTED_EDGE ( 'NONE', *, *, #8554, .T. ) ;
#8596 = DIRECTION ( 'NONE',  ( 1.000000000000000000, -0.000000000000000000, -0.000000000000000000 ) ) ;
#8597 = DIRECTION ( 'NONE',  ( 0.000000000000000000, 0.000000000000000000, -1.000000000000000000 ) ) ;
#8598 = ORIENTED_EDGE ( 'NONE', *, *, #1648, .F. ) ;
#8599 = LINE ( 'NONE', #10205, #8179 ) ;
#8600 = VERTEX_POINT ( 'NONE', #996 ) ;
#8601 = LINE ( 'NONE', #6890, #8188 ) ;
#8602 = ORIENTED_EDGE ( 'NONE', *, *, #2745, .F. ) ;
#8603 = CARTESIAN_POINT ( 'NONE',  ( 0.2499999999999976130, 0.000000000000000000, 2.075000000000000622 ) ) ;
#8604 = EDGE_LOOP ( 'NONE', ( #3647, #7429, #3350, #7800, #2425, #5955, #10535, #3435 ) ) ;
#8605 = FACE_OUTER_BOUND ( 'NONE', #3341, .T. ) ;
#8606 = ORIENTED_EDGE ( 'NONE', *, *, #982, .T. ) ;
#8607 = ORIENTED_EDGE ( 'NONE', *, *, #4052, .F. ) ;
#8608 = PLANE ( 'NONE',  #8904 ) ;
#8609 = DIRECTION ( 'NONE',  ( 0.000000000000000000, -0.7071067811865475727, -0.7071067811865474617 ) ) ;
#8610 = VERTEX_POINT ( 'NONE', #8290 ) ;
#8611 = ORIENTED_EDGE ( 'NONE', *, *, #6586, .F. ) ;
#8612 = PLANE ( 'NONE',  #18 ) ;
#8613 = ADVANCED_FACE ( 'NONE', ( #7493 ), #9959, .T. ) ;
#8614 = AXIS2_PLACEMENT_3D ( 'NONE', #5190, #5998, #1384 ) ;
#8615 = EDGE_CURVE ( 'NONE', #3467, #6868, #6737, .T. ) ;
#8616 = VECTOR ( 'NONE', #7315, 1000.000000000000000 ) ;
#8617 = PLANE ( 'NONE',  #6601 ) ;
#8618 = AXIS2_PLACEMENT_3D ( 'NONE', #660, #5520, #6567 ) ;
#8619 = ORIENTED_EDGE ( 'NONE', *, *, #738, .F. ) ;
#8620 = CARTESIAN_POINT ( 'NONE',  ( 6.000000000000000888, 4.049999999999999822, 2.175000000000000711 ) ) ;
#8621 = LINE ( 'NONE', #10133, #7644 ) ;
#8622 = CARTESIAN_POINT ( 'NONE',  ( 6.875000000000000888, 0.2499999999999999445, 2.475000000000000089 ) ) ;
#8623 = ORIENTED_EDGE ( 'NONE', *, *, #2399, .F. ) ;
#8624 = AXIS2_PLACEMENT_3D ( 'NONE', #9285, #398, #1835 ) ;
#8625 = ORIENTED_EDGE ( 'NONE', *, *, #8691, .F. ) ;
#8626 = AXIS2_PLACEMENT_3D ( 'NONE', #7127, #10392, #2894 ) ;
#8627 = PLANE ( 'NONE',  #8069 ) ;
#8628 = AXIS2_PLACEMENT_3D ( 'NONE', #6637, #2305, #8008 ) ;
#8629 = DIRECTION ( 'NONE',  ( 0.000000000000000000, 0.000000000000000000, -1.000000000000000000 ) ) ;
#8630 =( NAMED_UNIT ( * ) PLANE_ANGLE_UNIT ( ) SI_UNIT ( $, .RADIAN. ) );
#8631 = ORIENTED_EDGE ( 'NONE', *, *, #2126, .F. ) ;
#8632 = CARTESIAN_POINT ( 'NONE',  ( 7.875000000000000000, 4.049999999999999822, -1.775000000000000355 ) ) ;
#8633 = ORIENTED_EDGE ( 'NONE', *, *, #6826, .T. ) ;
#8634 = ADVANCED_FACE ( 'NONE', ( #4220 ), #2628, .F. ) ;
#8635 = STYLED_ITEM ( 'NONE', ( #5902 ), #8026 ) ;
#8636 = LINE ( 'NONE', #10301, #3363 ) ;
#8637 = VERTEX_POINT ( 'NONE', #5099 ) ;
#8638 = DIRECTION ( 'NONE',  ( -1.000000000000000000, -0.000000000000000000, 0.000000000000000000 ) ) ;
#8639 = CARTESIAN_POINT ( 'NONE',  ( 4.624999999999998224, 2.250000000000000000, 1.075000000000000400 ) ) ;
#8640 = LINE ( 'NONE', #5473, #8213 ) ;
#8641 = DIRECTION ( 'NONE',  ( 0.000000000000000000, -0.8944271909999174097, -0.4472135954999548191 ) ) ;
#8642 = CARTESIAN_POINT ( 'NONE',  ( 3.374999999999997780, 4.049999999999999822, 0.2749999999999995226 ) ) ;
#8643 = ORIENTED_EDGE ( 'NONE', *, *, #5384, .T. ) ;
#8644 = CARTESIAN_POINT ( 'NONE',  ( 6.249999999999998224, 4.049999999999999822, 0.2749999999999996336 ) ) ;
#8645 = DIRECTION ( 'NONE',  ( 0.000000000000000000, -5.421010862427526114E-15, 1.000000000000000000 ) ) ;
#8646 = VERTEX_POINT ( 'NONE', #3415 ) ;
#8647 = DIRECTION ( 'NONE',  ( -1.000000000000000000, 0.000000000000000000, 0.000000000000000000 ) ) ;
#8648 = EDGE_CURVE ( 'NONE', #8292, #6893, #7444, .T. ) ;
#8649 = LINE ( 'NONE', #1351, #2278 ) ;
#8650 = FACE_OUTER_BOUND ( 'NONE', #2711, .T. ) ;
#8651 = ADVANCED_FACE ( 'NONE', ( #9144 ), #2677, .F. ) ;
#8652 = CARTESIAN_POINT ( 'NONE',  ( 4.475000000000000533, 4.000000000000000000, -1.224999999999999645 ) ) ;
#8653 = ORIENTED_EDGE ( 'NONE', *, *, #4101, .F. ) ;
#8654 = ORIENTED_EDGE ( 'NONE', *, *, #10327, .F. ) ;
#8655 = VECTOR ( 'NONE', #3169, 1000.000000000000000 ) ;
#8656 = LINE ( 'NONE', #1461, #2177 ) ;
#8657 = AXIS2_PLACEMENT_3D ( 'NONE', #4249, #285, #1030 ) ;
#8658 = VERTEX_POINT ( 'NONE', #9046 ) ;
#8659 = CARTESIAN_POINT ( 'NONE',  ( 7.375000000000000000, 3.950000000000000178, 0.1750000000000002387 ) ) ;
#8660 = EDGE_LOOP ( 'NONE', ( #4529, #9550, #7464, #7675 ) ) ;
#8661 = CARTESIAN_POINT ( 'NONE',  ( 0.5249999999999976907, 0.1000000000000020872, -1.224999999999998312 ) ) ;
#8662 = FACE_OUTER_BOUND ( 'NONE', #6776, .T. ) ;
#8663 = VERTEX_POINT ( 'NONE', #1090 ) ;
#8664 = CARTESIAN_POINT ( 'NONE',  ( 0.5249999999999976907, 0.3000000000000009881, -1.625000000000000666 ) ) ;
#8665 = CARTESIAN_POINT ( 'NONE',  ( 1.974999999999997646, -0.04999999999999567291, -2.474999999999999645 ) ) ;
#8666 = VERTEX_POINT ( 'NONE', #1132 ) ;
#8667 = ORIENTED_EDGE ( 'NONE', *, *, #17, .T. ) ;
#8668 = CARTESIAN_POINT ( 'NONE',  ( 3.024999999999999023, 1.199999999999999734, 0.1750000000000000722 ) ) ;
#8669 = EDGE_CURVE ( 'NONE', #8131, #6441, #9911, .T. ) ;
#8670 = AXIS2_PLACEMENT_3D ( 'NONE', #10496, #9818, #3961 ) ;
#8671 = EDGE_CURVE ( 'NONE', #879, #7875, #299, .T. ) ;
#8672 = VERTEX_POINT ( 'NONE', #3313 ) ;
#8673 = EDGE_CURVE ( 'NONE', #4613, #1763, #6585, .T. ) ;
#8674 = VECTOR ( 'NONE', #6485, 1000.000000000000000 ) ;
#8675 = LINE ( 'NONE', #6144, #9484 ) ;
#8676 = VERTEX_POINT ( 'NONE', #8242 ) ;
#8677 = CYLINDRICAL_SURFACE ( 'NONE', #10452, 0.09999999999999982514 ) ;
#8678 = FACE_OUTER_BOUND ( 'NONE', #776, .T. ) ;
#8679 = UNCERTAINTY_MEASURE_WITH_UNIT (LENGTH_MEASURE( 1.000000000000000082E-05 ), #2295, 'distance_accuracy_value', 'NONE');
#8680 = DIRECTION ( 'NONE',  ( 0.000000000000000000, -1.000000000000000000, -1.251002506714043540E-16 ) ) ;
#8681 = ORIENTED_EDGE ( 'NONE', *, *, #4236, .T. ) ;
#8682 = EDGE_CURVE ( 'NONE', #8973, #4242, #4173, .T. ) ;
#8683 = VECTOR ( 'NONE', #4171, 1000.000000000000000 ) ;
#8684 = VERTEX_POINT ( 'NONE', #6636 ) ;
#8685 = CARTESIAN_POINT ( 'NONE',  ( 6.875000000000000888, -6.123233995736742617E-17, 2.475000000000000089 ) ) ;
#8686 = DIRECTION ( 'NONE',  ( 4.336808689942021680E-16, 0.000000000000000000, 1.000000000000000000 ) ) ;
#8687 = VECTOR ( 'NONE', #4186, 1000.000000000000000 ) ;
#8688 =( NAMED_UNIT ( * ) SI_UNIT ( $, .STERADIAN. ) SOLID_ANGLE_UNIT ( ) );
#8689 = EDGE_LOOP ( 'NONE', ( #2826, #7573, #5033, #2082 ) ) ;
#8690 = PLANE ( 'NONE',  #3494 ) ;
#8691 = EDGE_CURVE ( 'NONE', #2235, #8535, #9384, .T. ) ;
#8692 = ORIENTED_EDGE ( 'NONE', *, *, #9534, .F. ) ;
#8693 = CARTESIAN_POINT ( 'NONE',  ( 4.274999999999998579, 1.449999999999999956, -0.7749999999999999112 ) ) ;
#8694 = ORIENTED_EDGE ( 'NONE', *, *, #34, .F. ) ;
#8695 = EDGE_LOOP ( 'NONE', ( #9726, #7003, #6060, #6055 ) ) ;
#8696 = LINE ( 'NONE', #4619, #2073 ) ;
#8697 = LINE ( 'NONE', #9288, #6140 ) ;
#8698 = CARTESIAN_POINT ( 'NONE',  ( 6.531793621149187601, 3.449999999999999734, 0.2950000000000000400 ) ) ;
#8699 = CARTESIAN_POINT ( 'NONE',  ( 5.524999999999998579, 1.199999999999999734, 0.1750000000000000722 ) ) ;
#8700 = FACE_OUTER_BOUND ( 'NONE', #9786, .T. ) ;
#8701 = ORIENTED_EDGE ( 'NONE', *, *, #5991, .F. ) ;
#8702 = CARTESIAN_POINT ( 'NONE',  ( 7.875000000000000000, 0.5999999999999999778, 0.2250000000000008105 ) ) ;
#8703 = LINE ( 'NONE', #2036, #8241 ) ;
#8704 = ORIENTED_EDGE ( 'NONE', *, *, #3549, .T. ) ;
#8705 = CARTESIAN_POINT ( 'NONE',  ( 5.724999999999998757, 1.449999999999999956, -1.224999999999999645 ) ) ;
#8706 = DIRECTION ( 'NONE',  ( -1.000000000000000000, -0.000000000000000000, -0.000000000000000000 ) ) ;
#8707 = AXIS2_PLACEMENT_3D ( 'NONE', #986, #4053, #5756 ) ;
#8708 = DIRECTION ( 'NONE',  ( 0.000000000000000000, 1.000000000000000000, 0.000000000000000000 ) ) ;
#8709 = CARTESIAN_POINT ( 'NONE',  ( 5.281793621149187601, 1.577500000000001235, -1.577499999999999902 ) ) ;
#8710 = ORIENTED_EDGE ( 'NONE', *, *, #9593, .F. ) ;
#8711 = ORIENTED_EDGE ( 'NONE', *, *, #3982, .T. ) ;
#8712 = DIRECTION ( 'NONE',  ( 0.000000000000000000, 0.000000000000000000, -1.000000000000000000 ) ) ;
#8713 = ORIENTED_EDGE ( 'NONE', *, *, #5961, .T. ) ;
#8714 = DIRECTION ( 'NONE',  ( 0.000000000000000000, -0.7071067811865474617, -0.7071067811865474617 ) ) ;
#8715 = ADVANCED_FACE ( 'NONE', ( #2809 ), #2023, .T. ) ;
#8716 = LINE ( 'NONE', #6189, #7189 ) ;
#8717 = CARTESIAN_POINT ( 'NONE',  ( 1.774999999999997913, 0.3000000000000009881, -1.625000000000000666 ) ) ;
#8718 = VERTEX_POINT ( 'NONE', #2762 ) ;
#8719 = DIRECTION ( 'NONE',  ( 1.000000000000000000, 0.000000000000000000, -0.000000000000000000 ) ) ;
#8720 = CARTESIAN_POINT ( 'NONE',  ( 3.224999999999997424, 3.450000000000001510, 1.870248747537497357E-14 ) ) ;
#8721 = EDGE_CURVE ( 'NONE', #9051, #9372, #6005, .T. ) ;
#8722 = ORIENTED_EDGE ( 'NONE', *, *, #4489, .F. ) ;
#8723 = DIRECTION ( 'NONE',  ( -0.000000000000000000, -4.553649124439118623E-15, 1.000000000000000000 ) ) ;
#8724 = ADVANCED_FACE ( 'NONE', ( #7672 ), #3651, .F. ) ;
#8725 = ORIENTED_EDGE ( 'NONE', *, *, #3258, .F. ) ;
#8726 = CARTESIAN_POINT ( 'NONE',  ( -1.625000000000001332, 0.4999999999999998890, -1.574999999999999512 ) ) ;
#8727 = DIRECTION ( 'NONE',  ( -1.000000000000000000, -0.000000000000000000, -0.000000000000000000 ) ) ;
#8728 = AXIS2_PLACEMENT_3D ( 'NONE', #5870, #4269, #1640 ) ;
#8729 = DIRECTION ( 'NONE',  ( 1.000000000000000000, -0.000000000000000000, 0.000000000000000000 ) ) ;
#8730 = ORIENTED_EDGE ( 'NONE', *, *, #1728, .T. ) ;
#8731 = LINE ( 'NONE', #2794, #1152 ) ;
#8732 = ADVANCED_FACE ( 'NONE', ( #2861 ), #8532, .F. ) ;
#8733 = CARTESIAN_POINT ( 'NONE',  ( 5.524999999999998579, 4.049999999999999822, -1.224999999999999645 ) ) ;
#8734 = ORIENTED_EDGE ( 'NONE', *, *, #1799, .T. ) ;
#8735 = CARTESIAN_POINT ( 'NONE',  ( 4.474999999999997868, 4.049999999999999822, 0.2749999999999994671 ) ) ;
#8736 = CARTESIAN_POINT ( 'NONE',  ( 4.274999999999999467, 4.049999999999999822, -1.174999999999999822 ) ) ;
#8737 = PLANE ( 'NONE',  #7148 ) ;
#8738 = EDGE_LOOP ( 'NONE', ( #2043, #10258, #3853, #3894 ) ) ;
#8739 = EDGE_LOOP ( 'NONE', ( #8839, #7233, #9030, #673 ) ) ;
#8740 = PLANE ( 'NONE',  #1677 ) ;
#8741 = AXIS2_PLACEMENT_3D ( 'NONE', #9017, #9206, #10113 ) ;
#8742 = CARTESIAN_POINT ( 'NONE',  ( 3.374999999999997780, 1.199999999999999734, 0.3750000000000000555 ) ) ;
#8743 = LINE ( 'NONE', #3014, #1614 ) ;
#8744 = EDGE_CURVE ( 'NONE', #945, #3387, #1232, .T. ) ;
#8745 = ORIENTED_EDGE ( 'NONE', *, *, #3067, .F. ) ;
#8746 = CARTESIAN_POINT ( 'NONE',  ( 6.875000000000000000, 3.950000000000000178, -1.174999999999999822 ) ) ;
#8747 = VERTEX_POINT ( 'NONE', #6111 ) ;
#8748 = VECTOR ( 'NONE', #9316, 1000.000000000000000 ) ;
#8749 =( GEOMETRIC_REPRESENTATION_CONTEXT ( 3 ) GLOBAL_UNCERTAINTY_ASSIGNED_CONTEXT ( ( #706 ) ) GLOBAL_UNIT_ASSIGNED_CONTEXT ( ( #3409, #4111, #89 ) ) REPRESENTATION_CONTEXT ( 'NONE', 'WORKASPACE' ) );
#8750 = CLOSED_SHELL ( 'NONE', ( #3331, #4488, #1162, #3793, #1350, #2215, #3106, #9147, #9262, #3525, #6762, #351, #2980, #6600, #5395, #1856, #10404, #1707, #1371, #9403, #7494, #10052, #8089, #1425, #1513, #3878, #9719, #1894, #594, #9753, #5237, #1698, #7661, #2540, #2492, #3339, #6650, #7766, #5004, #1634, #9236, #2256, #8431, #348, #7901, #1731, #5235, #9852, #3962, #8365, #4421, #1494, #287, #4336, #1126, #225, #3037, #9577, #9362, #4925, #3895, #4119, #3189, #239, #4685, #3324, #7614, #9072, #8212, #7571, #9130, #8202, #5022, #7812, #3126, #550, #480, #4668, #3466, #5582, #899, #8897, #1300, #4243, #4995, #10213, #4392, #7989, #2740, #596, #279, #10242, #9202, #8308, #8073, #4865, #7447, #6713, #1495, #9435, #7435, #117, #7362, #10445, #5910, #4873, #210, #1482, #8473, #7455, #3058, #8072, #8314, #8787, #3315, #7824, #3483, #5843, #3732, #7754, #5911, #9029, #8167, #7512, #611, #3907, #8634, #8876, #10092, #3444, #765, #1016, #1422, #8732, #2714, #3541, #2629, #6455, #9338, #4403, #6782, #6322, #6257, #9561, #7589, #10388, #675, #6905, #8715, #3003, #661, #9329, #1121, #7016, #75, #6803, #3509, #10419, #4329, #9707, #1932, #300, #2892, #397, #4617, #9016, #2819, #6252, #6385 ) ) ;
#8751 = CARTESIAN_POINT ( 'NONE',  ( 3.225000000000000533, 4.000000000000000000, -1.224999999999999645 ) ) ;
#8752 = ORIENTED_EDGE ( 'NONE', *, *, #3182, .T. ) ;
#8753 = EDGE_CURVE ( 'NONE', #10116, #8170, #448, .T. ) ;
#8754 = EDGE_LOOP ( 'NONE', ( #5636, #5202, #6365, #2253 ) ) ;
#8755 = DIRECTION ( 'NONE',  ( 0.000000000000000000, 0.000000000000000000, 1.000000000000000000 ) ) ;
#8756 = LINE ( 'NONE', #9553, #9755 ) ;
#8757 = CIRCLE ( 'NONE', #9266, 0.05000000000000012768 ) ;
#8758 = DIRECTION ( 'NONE',  ( 0.000000000000000000, -1.000000000000000000, 0.000000000000000000 ) ) ;
#8759 = LINE ( 'NONE', #5651, #3781 ) ;
#8760 = VECTOR ( 'NONE', #507, 1000.000000000000000 ) ;
#8761 = VERTEX_POINT ( 'NONE', #9283 ) ;
#8762 = FACE_OUTER_BOUND ( 'NONE', #4712, .T. ) ;
#8763 = VERTEX_POINT ( 'NONE', #1967 ) ;
#8764 = CARTESIAN_POINT ( 'NONE',  ( 0.3750000000000012212, 1.449999999999999956, 0.3750000000000000000 ) ) ;
#8765 = DIRECTION ( 'NONE',  ( 0.000000000000000000, 5.251604272976699179E-15, -1.000000000000000000 ) ) ;
#8766 = DIRECTION ( 'NONE',  ( 0.000000000000000000, 0.000000000000000000, -1.000000000000000000 ) ) ;
#8767 = ORIENTED_EDGE ( 'NONE', *, *, #4721, .F. ) ;
#8768 = ORIENTED_EDGE ( 'NONE', *, *, #223, .F. ) ;
#8769 = LINE ( 'NONE', #3042, #4904 ) ;
#8770 = VERTEX_POINT ( 'NONE', #5196 ) ;
#8771 = CARTESIAN_POINT ( 'NONE',  ( 6.275000000000001243, 4.049999999999999822, 0.4749999999999995337 ) ) ;
#8772 = DIRECTION ( 'NONE',  ( 0.000000000000000000, -0.000000000000000000, -1.000000000000000000 ) ) ;
#8773 = PLANE ( 'NONE',  #9780 ) ;
#8774 = ORIENTED_EDGE ( 'NONE', *, *, #9656, .T. ) ;
#8775 = CARTESIAN_POINT ( 'NONE',  ( 1.624999999999999334, 4.049999999999999822, 0.1750000000000000999 ) ) ;
#8776 = CARTESIAN_POINT ( 'NONE',  ( 6.531793621149187601, 3.450000000000001510, 1.870248747537497357E-14 ) ) ;
#8777 = ORIENTED_EDGE ( 'NONE', *, *, #7374, .F. ) ;
#8778 = CARTESIAN_POINT ( 'NONE',  ( 3.024999999999999023, 4.049999999999999822, -1.224999999999999645 ) ) ;
#8779 = LINE ( 'NONE', #4759, #8168 ) ;
#8780 = EDGE_CURVE ( 'NONE', #7584, #2664, #8484, .T. ) ;
#8781 = LINE ( 'NONE', #9698, #3373 ) ;
#8782 = ORIENTED_EDGE ( 'NONE', *, *, #2838, .T. ) ;
#8783 = CARTESIAN_POINT ( 'NONE',  ( 4.474999999999996980, 0.3500000000000009215, -1.324999999999999512 ) ) ;
#8784 = DIRECTION ( 'NONE',  ( -0.000000000000000000, -0.000000000000000000, 1.000000000000000000 ) ) ;
#8785 = DIRECTION ( 'NONE',  ( 0.000000000000000000, -1.000000000000000000, 0.000000000000000000 ) ) ;
#8786 = ADVANCED_FACE ( 'NONE', ( #975 ), #4988, .F. ) ;
#8787 = ADVANCED_FACE ( 'NONE', ( #9076 ), #234, .F. ) ;
#8788 = VECTOR ( 'NONE', #1178, 1000.000000000000000 ) ;
#8789 = EDGE_CURVE ( 'NONE', #882, #50, #1076, .T. ) ;
#8790 = ORIENTED_EDGE ( 'NONE', *, *, #3366, .F. ) ;
#8791 = LINE ( 'NONE', #4883, #5047 ) ;
#8792 = DIRECTION ( 'NONE',  ( -0.000000000000000000, 0.000000000000000000, 1.000000000000000000 ) ) ;
#8793 = CARTESIAN_POINT ( 'NONE',  ( 3.224999999999997424, -0.1499999999999963862, -2.374999999999999112 ) ) ;
#8794 = ORIENTED_EDGE ( 'NONE', *, *, #5137, .T. ) ;
#8795 = DIRECTION ( 'NONE',  ( -0.000000000000000000, 1.000000000000000000, -0.000000000000000000 ) ) ;
#8796 = VECTOR ( 'NONE', #8103, 1000.000000000000000 ) ;
#8797 = ORIENTED_EDGE ( 'NONE', *, *, #1062, .T. ) ;
#8798 = EDGE_CURVE ( 'NONE', #3831, #4802, #7808, .T. ) ;
#8799 = VECTOR ( 'NONE', #2238, 1000.000000000000000 ) ;
#8800 = EDGE_CURVE ( 'NONE', #8585, #9575, #6669, .T. ) ;
#8801 = CARTESIAN_POINT ( 'NONE',  ( 3.224999999999997424, -0.04999999999999636680, -2.375000000000000000 ) ) ;
#8802 = EDGE_LOOP ( 'NONE', ( #3156, #5960, #1365, #5094, #8125, #887 ) ) ;
#8803 = AXIS2_PLACEMENT_3D ( 'NONE', #8126, #8942, #10541 ) ;
#8804 = LINE ( 'NONE', #1499, #1149 ) ;
#8805 = VERTEX_POINT ( 'NONE', #1169 ) ;
#8806 = FACE_OUTER_BOUND ( 'NONE', #6083, .T. ) ;
#8807 = LINE ( 'NONE', #4199, #995 ) ;
#8808 = EDGE_CURVE ( 'NONE', #6075, #5709, #1908, .T. ) ;
#8809 = CARTESIAN_POINT ( 'NONE',  ( 1.974999999999997646, 0.1792893218813486345, -1.745710678118654435 ) ) ;
#8810 = CARTESIAN_POINT ( 'NONE',  ( 3.374999999999997780, 4.049999999999999822, 0.1750000000000000999 ) ) ;
#8811 = DIRECTION ( 'NONE',  ( 1.000000000000000000, 0.000000000000000000, 0.000000000000000000 ) ) ;
#8812 = VERTEX_POINT ( 'NONE', #9126 ) ;
#8813 = DIRECTION ( 'NONE',  ( 0.000000000000000000, 0.000000000000000000, 1.000000000000000000 ) ) ;
#8814 = CARTESIAN_POINT ( 'NONE',  ( 5.874999999999997335, 3.950000000000000178, 0.3750000000000001110 ) ) ;
#8815 = ORIENTED_EDGE ( 'NONE', *, *, #933, .T. ) ;
#8816 = DIRECTION ( 'NONE',  ( -1.000000000000000000, -0.000000000000000000, 0.000000000000000000 ) ) ;
#8817 = VECTOR ( 'NONE', #4579, 1000.000000000000000 ) ;
#8818 = CARTESIAN_POINT ( 'NONE',  ( 7.375000000000000888, 1.899999999999999911, 1.825000000000000622 ) ) ;
#8819 = EDGE_CURVE ( 'NONE', #929, #4665, #3589, .T. ) ;
#8820 = LINE ( 'NONE', #843, #5073 ) ;
#8821 = ADVANCED_FACE ( 'NONE', ( #5041 ), #378, .F. ) ;
#8822 = LINE ( 'NONE', #47, #8318 ) ;
#8823 = EDGE_LOOP ( 'NONE', ( #736, #2963, #3197, #2061 ) ) ;
#8824 = VERTEX_POINT ( 'NONE', #9177 ) ;
#8825 = LINE ( 'NONE', #4527, #5761 ) ;
#8826 = ORIENTED_EDGE ( 'NONE', *, *, #9036, .F. ) ;
#8827 = CARTESIAN_POINT ( 'NONE',  ( 1.774999999999997913, 0.4999999999999998890, -0.8249999999999997335 ) ) ;
#8828 = ORIENTED_EDGE ( 'NONE', *, *, #3258, .T. ) ;
#8829 = FACE_OUTER_BOUND ( 'NONE', #2576, .T. ) ;
#8830 = VECTOR ( 'NONE', #5866, 1000.000000000000000 ) ;
#8831 = CARTESIAN_POINT ( 'NONE',  ( 5.724999999999997868, 0.3000000000000008771, -1.374999999999999778 ) ) ;
#8832 = ORIENTED_EDGE ( 'NONE', *, *, #4079, .F. ) ;
#8833 = DIRECTION ( 'NONE',  ( 0.000000000000000000, 0.000000000000000000, 1.000000000000000000 ) ) ;
#8834 = DIRECTION ( 'NONE',  ( -0.000000000000000000, 1.000000000000000000, 5.421010862427526114E-15 ) ) ;
#8835 = ORIENTED_EDGE ( 'NONE', *, *, #738, .T. ) ;
#8836 = DIRECTION ( 'NONE',  ( 0.000000000000000000, 1.000000000000000000, 0.000000000000000000 ) ) ;
#8837 = VECTOR ( 'NONE', #5025, 1000.000000000000000 ) ;
#8838 = CARTESIAN_POINT ( 'NONE',  ( 1.774999999999997913, 0.09999999999999999167, -0.8250000000000010658 ) ) ;
#8839 = ORIENTED_EDGE ( 'NONE', *, *, #336, .T. ) ;
#8840 = LINE ( 'NONE', #3330, #7779 ) ;
#8841 = CARTESIAN_POINT ( 'NONE',  ( 1.974999999999997646, 0.3000000000000009881, -1.625000000000000666 ) ) ;
#8842 = CARTESIAN_POINT ( 'NONE',  ( 6.249999999999998224, 4.049999999999999822, 0.2750000000000004663 ) ) ;
#8843 = ORIENTED_EDGE ( 'NONE', *, *, #3517, .F. ) ;
#8844 = ORIENTED_EDGE ( 'NONE', *, *, #6716, .F. ) ;
#8845 = DIRECTION ( 'NONE',  ( 1.000000000000000000, 0.000000000000000000, -0.000000000000000000 ) ) ;
#8846 = AXIS2_PLACEMENT_3D ( 'NONE', #395, #349, #3604 ) ;
#8847 = CARTESIAN_POINT ( 'NONE',  ( 5.524999999999998579, 3.299999999999999822, -0.7749999999999999112 ) ) ;
#8848 = ADVANCED_FACE ( 'NONE', ( #5088 ), #10037, .T. ) ;
#8849 = CARTESIAN_POINT ( 'NONE',  ( -6.875000000000000000, 1.449999999999999956, -1.174999999999999822 ) ) ;
#8850 = VERTEX_POINT ( 'NONE', #8372 ) ;
#8851 = UNCERTAINTY_MEASURE_WITH_UNIT (LENGTH_MEASURE( 1.000000000000000082E-05 ), #3475, 'distance_accuracy_value', 'NONE');
#8852 = VECTOR ( 'NONE', #5439, 1000.000000000000000 ) ;
#8853 = ORIENTED_EDGE ( 'NONE', *, *, #10225, .T. ) ;
#8854 = CARTESIAN_POINT ( 'NONE',  ( 0.000000000000000000, 4.049999999999999822, 0.2749999999999996336 ) ) ;
#8855 = EDGE_CURVE ( 'NONE', #3249, #879, #4202, .T. ) ;
#8856 = LINE ( 'NONE', #769, #10512 ) ;
#8857 = DIRECTION ( 'NONE',  ( 0.000000000000000000, -5.421010862427526114E-15, 1.000000000000000000 ) ) ;
#8858 = ORIENTED_EDGE ( 'NONE', *, *, #4362, .T. ) ;
#8859 = CARTESIAN_POINT ( 'NONE',  ( 0.5249999999999985789, 3.299999999999999822, -0.7749999999999999112 ) ) ;
#8860 = EDGE_CURVE ( 'NONE', #8684, #690, #5944, .T. ) ;
#8861 = VECTOR ( 'NONE', #7045, 1000.000000000000000 ) ;
#8862 = ORIENTED_EDGE ( 'NONE', *, *, #7047, .F. ) ;
#8863 = PLANE ( 'NONE',  #4540 ) ;
#8864 = ORIENTED_EDGE ( 'NONE', *, *, #933, .F. ) ;
#8865 = DIRECTION ( 'NONE',  ( 0.000000000000000000, 0.000000000000000000, 1.000000000000000000 ) ) ;
#8866 = VECTOR ( 'NONE', #3009, 1000.000000000000114 ) ;
#8867 = ORIENTED_EDGE ( 'NONE', *, *, #3804, .T. ) ;
#8868 = DIRECTION ( 'NONE',  ( -4.688441826964343312E-16, -1.000000000000000000, 0.000000000000000000 ) ) ;
#8869 = CARTESIAN_POINT ( 'NONE',  ( 1.974999999999997646, 6.140988867593913192E-18, -0.02500000000000096242 ) ) ;
#8870 = EDGE_CURVE ( 'NONE', #3031, #2664, #3540, .T. ) ;
#8871 = CARTESIAN_POINT ( 'NONE',  ( 3.224999999999997424, 1.449999999999999956, 0.000000000000000000 ) ) ;
#8872 = DIRECTION ( 'NONE',  ( 0.000000000000000000, 0.000000000000000000, 1.000000000000000000 ) ) ;
#8873 = ORIENTED_EDGE ( 'NONE', *, *, #7491, .T. ) ;
#8874 = DIRECTION ( 'NONE',  ( 0.4472135954999579277, -0.8944271909999158554, -0.000000000000000000 ) ) ;
#8875 = LINE ( 'NONE', #4797, #1264 ) ;
#8876 = ADVANCED_FACE ( 'NONE', ( #5135 ), #8422, .T. ) ;
#8877 = VERTEX_POINT ( 'NONE', #334 ) ;
#8878 = PLANE ( 'NONE',  #192 ) ;
#8879 = VERTEX_POINT ( 'NONE', #6820 ) ;
#8880 = MECHANICAL_DESIGN_GEOMETRIC_PRESENTATION_REPRESENTATION (  '', ( #9365 ), #4407 ) ;
#8881 = DIRECTION ( 'NONE',  ( 0.000000000000000000, 0.7071067811865475727, 0.7071067811865474617 ) ) ;
#8882 = EDGE_CURVE ( 'NONE', #1359, #2182, #9942, .T. ) ;
#8883 = ORIENTED_EDGE ( 'NONE', *, *, #4036, .T. ) ;
#8884 = DIRECTION ( 'NONE',  ( -1.000000000000000000, -0.000000000000000000, -0.000000000000000000 ) ) ;
#8885 = EDGE_LOOP ( 'NONE', ( #8010, #1611, #5539, #7732 ) ) ;
#8886 =( NAMED_UNIT ( * ) PLANE_ANGLE_UNIT ( ) SI_UNIT ( $, .RADIAN. ) );
#8887 = FACE_OUTER_BOUND ( 'NONE', #6160, .T. ) ;
#8888 = ORIENTED_EDGE ( 'NONE', *, *, #595, .T. ) ;
#8889 = CARTESIAN_POINT ( 'NONE',  ( -6.875000000000000000, 1.449999999999999956, 0.3750000000000001110 ) ) ;
#8890 = FACE_OUTER_BOUND ( 'NONE', #9881, .T. ) ;
#8891 = LINE ( 'NONE', #8020, #5604 ) ;
#8892 = CARTESIAN_POINT ( 'NONE',  ( 0.8749999999999998890, 1.199999999999999734, 0.1750000000000000999 ) ) ;
#8893 = VERTEX_POINT ( 'NONE', #5988 ) ;
#8894 = CARTESIAN_POINT ( 'NONE',  ( 4.274999999999997691, 0.09999999999999999167, -0.8250000000000010658 ) ) ;
#8895 = VECTOR ( 'NONE', #6644, 999.9999999999998863 ) ;
#8896 = PRODUCT ( 'BM05B-GHS-TBT', 'BM05B-GHS-TBT', '', ( #3513 ) ) ;
#8897 = ADVANCED_FACE ( 'NONE', ( #1954 ), #5179, .T. ) ;
#8898 = DIRECTION ( 'NONE',  ( 1.000000000000000000, 0.000000000000000000, 0.000000000000000000 ) ) ;
#8899 = VECTOR ( 'NONE', #1779, 1000.000000000000000 ) ;
#8900 = ORIENTED_EDGE ( 'NONE', *, *, #9723, .T. ) ;
#8901 = LINE ( 'NONE', #3223, #1315 ) ;
#8902 = CARTESIAN_POINT ( 'NONE',  ( 5.724999999999998757, 4.049999999999999822, -1.224999999999999645 ) ) ;
#8903 = CARTESIAN_POINT ( 'NONE',  ( -1.125000000000000888, 3.399999999999999911, -1.174999999999999822 ) ) ;
#8904 = AXIS2_PLACEMENT_3D ( 'NONE', #7801, #5494, #6136 ) ;
#8905 = ORIENTED_EDGE ( 'NONE', *, *, #5894, .F. ) ;
#8906 = VECTOR ( 'NONE', #7115, 1000.000000000000000 ) ;
#8907 = ORIENTED_EDGE ( 'NONE', *, *, #7555, .F. ) ;
#8908 = FACE_OUTER_BOUND ( 'NONE', #5534, .T. ) ;
#8909 = FACE_OUTER_BOUND ( 'NONE', #7843, .T. ) ;
#8910 = CARTESIAN_POINT ( 'NONE',  ( 4.274999999999997691, 0.1792893218813486345, -1.745710678118654435 ) ) ;
#8911 = VECTOR ( 'NONE', #257, 1000.000000000000000 ) ;
#8912 = ORIENTED_EDGE ( 'NONE', *, *, #2850, .T. ) ;
#8913 = DIRECTION ( 'NONE',  ( 1.000000000000000000, -0.000000000000000000, -0.000000000000000000 ) ) ;
#8914 = CARTESIAN_POINT ( 'NONE',  ( 5.724999999999997868, 0.4999999999999998890, -0.8249999999999997335 ) ) ;
#8915 = ORIENTED_EDGE ( 'NONE', *, *, #2117, .F. ) ;
#8916 = DIRECTION ( 'NONE',  ( 0.000000000000000000, 0.000000000000000000, -1.000000000000000000 ) ) ;
#8917 = ORIENTED_EDGE ( 'NONE', *, *, #526, .T. ) ;
#8918 = ADVANCED_FACE ( 'NONE', ( #5332 ), #9370, .F. ) ;
#8919 = VECTOR ( 'NONE', #5111, 1000.000000000000000 ) ;
#8920 = CARTESIAN_POINT ( 'NONE',  ( 10.00000000000000000, 0.000000000000000000, -1.224999999999999645 ) ) ;
#8921 = ORIENTED_EDGE ( 'NONE', *, *, #6090, .F. ) ;
#8922 = EDGE_CURVE ( 'NONE', #1515, #8248, #485, .T. ) ;
#8923 = VECTOR ( 'NONE', #1017, 1000.000000000000000 ) ;
#8924 = CARTESIAN_POINT ( 'NONE',  ( 0.5249999999999985789, 3.449999999999999289, 0.3749999999999999445 ) ) ;
#8925 = ORIENTED_EDGE ( 'NONE', *, *, #5438, .F. ) ;
#8926 = DIRECTION ( 'NONE',  ( 1.000000000000000000, -0.000000000000000000, -0.000000000000000000 ) ) ;
#8927 = CARTESIAN_POINT ( 'NONE',  ( 5.374999999999999112, 1.449999999999999956, 0.3750000000000000555 ) ) ;
#8928 = DIRECTION ( 'NONE',  ( -0.000000000000000000, -0.000000000000000000, -1.000000000000000000 ) ) ;
#8929 = SURFACE_STYLE_USAGE ( .BOTH. , #6465 ) ;
#8930 = CARTESIAN_POINT ( 'NONE',  ( 2.781793621149188045, 1.449999999999999956, 0.000000000000000000 ) ) ;
#8931 = VERTEX_POINT ( 'NONE', #9422 ) ;
#8932 = FACE_OUTER_BOUND ( 'NONE', #6701, .T. ) ;
#8933 = AXIS2_PLACEMENT_3D ( 'NONE', #1564, #8062, #5475 ) ;
#8934 = AXIS2_PLACEMENT_3D ( 'NONE', #10273, #577, #1203 ) ;
#8935 = EDGE_LOOP ( 'NONE', ( #6622, #8066, #4427, #1490 ) ) ;
#8936 = CARTESIAN_POINT ( 'NONE',  ( 2.124999999999997780, 1.449999999999999956, 0.1750000000000000999 ) ) ;
#8937 = EDGE_CURVE ( 'NONE', #1771, #8663, #3689, .T. ) ;
#8938 = DIRECTION ( 'NONE',  ( 0.000000000000000000, -5.421010862427526114E-15, 1.000000000000000000 ) ) ;
#8939 = VECTOR ( 'NONE', #9749, 1000.000000000000000 ) ;
#8940 = ORIENTED_EDGE ( 'NONE', *, *, #9373, .T. ) ;
#8941 = EDGE_CURVE ( 'NONE', #10326, #8063, #7069, .T. ) ;
#8942 = DIRECTION ( 'NONE',  ( -0.000000000000000000, 1.000000000000000000, 5.421010862427526114E-15 ) ) ;
#8943 = EDGE_CURVE ( 'NONE', #1807, #8824, #8621, .T. ) ;
#8944 = VERTEX_POINT ( 'NONE', #6040 ) ;
#8945 = SURFACE_STYLE_USAGE ( .BOTH. , #5662 ) ;
#8946 = LINE ( 'NONE', #9966, #9770 ) ;
#8947 = FACE_OUTER_BOUND ( 'NONE', #6945, .T. ) ;
#8948 = VECTOR ( 'NONE', #10324, 1000.000000000000000 ) ;
#8949 = DIRECTION ( 'NONE',  ( 0.000000000000000000, -0.7071067811865472397, -0.7071067811865479058 ) ) ;
#8950 = CARTESIAN_POINT ( 'NONE',  ( 3.374999999999997780, 1.199999999999999734, 0.1750000000000000999 ) ) ;
#8951 = LINE ( 'NONE', #853, #2782 ) ;
#8952 = ORIENTED_EDGE ( 'NONE', *, *, #4276, .F. ) ;
#8953 = FACE_OUTER_BOUND ( 'NONE', #4599, .T. ) ;
#8954 = VECTOR ( 'NONE', #3659, 1000.000000000000000 ) ;
#8955 = EDGE_CURVE ( 'NONE', #10122, #4440, #7814, .T. ) ;
#8956 = CARTESIAN_POINT ( 'NONE',  ( 1.775000000000000133, 3.950000000000000178, -1.174999999999999822 ) ) ;
#8957 = LINE ( 'NONE', #9822, #10029 ) ;
#8958 = DIRECTION ( 'NONE',  ( 0.000000000000000000, 3.336006684570783101E-16, -1.000000000000000000 ) ) ;
#8959 = DIRECTION ( 'NONE',  ( 0.000000000000000000, 0.000000000000000000, 1.000000000000000000 ) ) ;
#8960 = EDGE_LOOP ( 'NONE', ( #10170, #7341, #7662, #5380, #6875, #9572 ) ) ;
#8961 = EDGE_CURVE ( 'NONE', #8989, #298, #8518, .T. ) ;
#8962 = VERTEX_POINT ( 'NONE', #2896 ) ;
#8963 = DIRECTION ( 'NONE',  ( -1.000000000000000000, -0.000000000000000000, -0.000000000000000000 ) ) ;
#8964 = CARTESIAN_POINT ( 'NONE',  ( 6.000000000000000888, 0.000000000000000000, 2.075000000000000622 ) ) ;
#8965 = CARTESIAN_POINT ( 'NONE',  ( 3.024999999999999023, 3.950000000000000178, 0.1750000000000000722 ) ) ;
#8966 = ORIENTED_EDGE ( 'NONE', *, *, #7035, .T. ) ;
#8967 = EDGE_CURVE ( 'NONE', #4370, #4613, #2953, .T. ) ;
#8968 = EDGE_CURVE ( 'NONE', #4004, #7106, #7919, .T. ) ;
#8969 = ORIENTED_EDGE ( 'NONE', *, *, #5137, .F. ) ;
#8970 = CARTESIAN_POINT ( 'NONE',  ( 1.774999999999997913, 0.3000000000000008771, -1.374999999999999778 ) ) ;
#8971 = CARTESIAN_POINT ( 'NONE',  ( 0.5249999999999985789, 3.050000000000000266, 0.000000000000000000 ) ) ;
#8972 = CARTESIAN_POINT ( 'NONE',  ( -6.875000000000000000, 3.950000000000000178, 0.3750000000000001110 ) ) ;
#8973 = VERTEX_POINT ( 'NONE', #6147 ) ;
#8974 = CARTESIAN_POINT ( 'NONE',  ( 5.874999999999997335, 4.049999999999999822, 0.2749999999999995226 ) ) ;
#8975 = ORIENTED_EDGE ( 'NONE', *, *, #3517, .T. ) ;
#8976 = VECTOR ( 'NONE', #3750, 1000.000000000000114 ) ;
#8977 = FACE_OUTER_BOUND ( 'NONE', #8885, .T. ) ;
#8978 = ORIENTED_EDGE ( 'NONE', *, *, #9373, .F. ) ;
#8979 = LINE ( 'NONE', #8110, #2995 ) ;
#8980 = VERTEX_POINT ( 'NONE', #6201 ) ;
#8981 = CARTESIAN_POINT ( 'NONE',  ( 1.974999999999999423, 3.299999999999999822, -0.9349999999999998312 ) ) ;
#8982 = DIRECTION ( 'NONE',  ( 0.000000000000000000, 0.7071067811865474617, 0.7071067811865474617 ) ) ;
#8983 = AXIS2_PLACEMENT_3D ( 'NONE', #4418, #9246, #8446 ) ;
#8984 = LINE ( 'NONE', #1562, #809 ) ;
#8985 = CARTESIAN_POINT ( 'NONE',  ( 7.875000000000000000, 0.000000000000000000, -0.8249999999999997335 ) ) ;
#8986 = VECTOR ( 'NONE', #6451, 1000.000000000000000 ) ;
#8987 = FACE_OUTER_BOUND ( 'NONE', #8738, .T. ) ;
#8988 = CARTESIAN_POINT ( 'NONE',  ( 1.974999999999997646, 0.1000000000000020872, -1.224999999999998312 ) ) ;
#8989 = VERTEX_POINT ( 'NONE', #7713 ) ;
#8990 = LINE ( 'NONE', #9851, #2197 ) ;
#8991 = EDGE_CURVE ( 'NONE', #7108, #10485, #646, .T. ) ;
#8992 = ORIENTED_EDGE ( 'NONE', *, *, #4108, .T. ) ;
#8993 = AXIS2_PLACEMENT_3D ( 'NONE', #7522, #231, #10177 ) ;
#8994 = DIRECTION ( 'NONE',  ( 1.000000000000000000, -0.000000000000000000, -0.000000000000000000 ) ) ;
#8995 = LINE ( 'NONE', #6531, #1011 ) ;
#8996 = ORIENTED_EDGE ( 'NONE', *, *, #9815, .T. ) ;
#8997 = CARTESIAN_POINT ( 'NONE',  ( -6.875000000000000000, 1.449999999999999956, -1.174999999999999822 ) ) ;
#8998 = ORIENTED_EDGE ( 'NONE', *, *, #5454, .F. ) ;
#8999 = DIRECTION ( 'NONE',  ( 0.000000000000000000, 0.000000000000000000, 1.000000000000000000 ) ) ;
#9000 =( LENGTH_UNIT ( ) NAMED_UNIT ( * ) SI_UNIT ( .MILLI., .METRE. ) );
#9001 = LINE ( 'NONE', #9866, #1207 ) ;
#9002 = VECTOR ( 'NONE', #7467, 1000.000000000000000 ) ;
#9003 = CARTESIAN_POINT ( 'NONE',  ( -1.625000000000001332, 0.4999999999999998890, -0.8249999999999997335 ) ) ;
#9004 = DIRECTION ( 'NONE',  ( 0.000000000000000000, 0.000000000000000000, 1.000000000000000000 ) ) ;
#9005 = EDGE_CURVE ( 'NONE', #1071, #10511, #4494, .T. ) ;
#9006 = ORIENTED_EDGE ( 'NONE', *, *, #5878, .T. ) ;
#9007 = VECTOR ( 'NONE', #4078, 1000.000000000000000 ) ;
#9008 = DIRECTION ( 'NONE',  ( 0.000000000000000000, 0.000000000000000000, -1.000000000000000000 ) ) ;
#9009 = ADVANCED_FACE ( 'NONE', ( #1212 ), #3738, .F. ) ;
#9010 = AXIS2_PLACEMENT_3D ( 'NONE', #1337, #8586, #1282 ) ;
#9011 = DIRECTION ( 'NONE',  ( -1.000000000000000000, 0.000000000000000000, 0.000000000000000000 ) ) ;
#9012 = ORIENTED_EDGE ( 'NONE', *, *, #7882, .F. ) ;
#9013 = DIRECTION ( 'NONE',  ( -0.000000000000000000, -0.7071067811865381358, -0.7071067811865570096 ) ) ;
#9014 = PLANE ( 'NONE',  #5640 ) ;
#9015 = ORIENTED_EDGE ( 'NONE', *, *, #8671, .F. ) ;
#9016 = ADVANCED_FACE ( 'NONE', ( #8571 ), #6911, .T. ) ;
#9017 = CARTESIAN_POINT ( 'NONE',  ( 5.524999999999998579, 1.199999999999999734, 0.1750000000000000722 ) ) ;
#9018 = CARTESIAN_POINT ( 'NONE',  ( 1.774999999999998801, 3.449999999999999289, 0.3749999999999999445 ) ) ;
#9019 = PRESENTATION_LAYER_ASSIGNMENT (  '', '', ( #6253 ) ) ;
#9020 = EDGE_CURVE ( 'NONE', #10043, #7283, #537, .T. ) ;
#9021 = EDGE_LOOP ( 'NONE', ( #2022, #10363, #4481, #10424 ) ) ;
#9022 = EDGE_CURVE ( 'NONE', #9758, #4646, #9477, .T. ) ;
#9023 = ORIENTED_EDGE ( 'NONE', *, *, #8671, .T. ) ;
#9024 = VECTOR ( 'NONE', #739, 1000.000000000000000 ) ;
#9025 = AXIS2_PLACEMENT_3D ( 'NONE', #5248, #1182, #6876 ) ;
#9026 = DIRECTION ( 'NONE',  ( 0.000000000000000000, 0.000000000000000000, -1.000000000000000000 ) ) ;
#9027 = ORIENTED_EDGE ( 'NONE', *, *, #2368, .F. ) ;
#9028 = FACE_OUTER_BOUND ( 'NONE', #9260, .T. ) ;
#9029 = ADVANCED_FACE ( 'NONE', ( #8678 ), #1378, .F. ) ;
#9030 = ORIENTED_EDGE ( 'NONE', *, *, #6507, .F. ) ;
#9031 = VECTOR ( 'NONE', #6903, 1000.000000000000000 ) ;
#9032 = CARTESIAN_POINT ( 'NONE',  ( 4.624999999999998224, 4.049999999999999822, 0.2749999999999995226 ) ) ;
#9033 = EDGE_LOOP ( 'NONE', ( #8722, #2956, #9456, #1735, #7819, #6240, #7222, #7946, #4769, #4626, #10248, #246, #737, #6249, #1446, #2250, #6817, #2056, #5096, #3694, #5814, #7098 ) ) ;
#9034 = VERTEX_POINT ( 'NONE', #6495 ) ;
#9035 = LINE ( 'NONE', #8112, #9588 ) ;
#9036 = EDGE_CURVE ( 'NONE', #3905, #7056, #6319, .T. ) ;
#9037 = CARTESIAN_POINT ( 'NONE',  ( 4.274999999999997691, 0.09999999999999999167, -0.8250000000000010658 ) ) ;
#9038 = VECTOR ( 'NONE', #3824, 1000.000000000000000 ) ;
#9039 = PRESENTATION_STYLE_ASSIGNMENT (( #5757 ) ) ;
#9040 = ORIENTED_EDGE ( 'NONE', *, *, #4765, .T. ) ;
#9041 = CARTESIAN_POINT ( 'NONE',  ( 2.124999999999997780, 2.575000000000000178, -1.200000000000000400 ) ) ;
#9042 = LINE ( 'NONE', #7116, #6548 ) ;
#9043 = ORIENTED_EDGE ( 'NONE', *, *, #1113, .T. ) ;
#9044 = CARTESIAN_POINT ( 'NONE',  ( 4.474999999999996980, 0.1792893218813486067, -1.745710678118654435 ) ) ;
#9045 = VERTEX_POINT ( 'NONE', #67 ) ;
#9046 = CARTESIAN_POINT ( 'NONE',  ( 5.724999999999998757, 3.299999999999999822, -1.224999999999999645 ) ) ;
#9047 = VECTOR ( 'NONE', #5547, 1000.000000000000000 ) ;
#9048 = CARTESIAN_POINT ( 'NONE',  ( 2.874999999999999112, 4.049999999999999822, 0.1750000000000000999 ) ) ;
#9049 = VERTEX_POINT ( 'NONE', #812 ) ;
#9050 = DIRECTION ( 'NONE',  ( -1.000000000000000000, 0.000000000000000000, -0.000000000000000000 ) ) ;
#9051 = VERTEX_POINT ( 'NONE', #3975 ) ;
#9052 = LINE ( 'NONE', #3468, #7697 ) ;
#9053 = ORIENTED_EDGE ( 'NONE', *, *, #5948, .T. ) ;
#9054 = SURFACE_STYLE_FILL_AREA ( #1005 ) ;
#9055 = LINE ( 'NONE', #9152, #2579 ) ;
#9056 = DIRECTION ( 'NONE',  ( 0.000000000000000000, 1.000000000000000000, 0.000000000000000000 ) ) ;
#9057 = DIRECTION ( 'NONE',  ( 1.000000000000000000, 0.000000000000000000, 1.807003620809174632E-16 ) ) ;
#9058 = VERTEX_POINT ( 'NONE', #9647 ) ;
#9059 = CARTESIAN_POINT ( 'NONE',  ( 2.874999999999999112, 1.199999999999999734, 0.3750000000000000555 ) ) ;
#9060 = ADVANCED_FACE ( 'NONE', ( #7184 ), #8153, .F. ) ;
#9061 = ADVANCED_FACE ( 'NONE', ( #1481 ), #3858, .F. ) ;
#9062 = EDGE_CURVE ( 'NONE', #4341, #5170, #3230, .T. ) ;
#9063 = PLANE ( 'NONE',  #5292 ) ;
#9064 = CARTESIAN_POINT ( 'NONE',  ( 3.224999999999997424, 0.3000000000000008771, -1.374999999999999778 ) ) ;
#9065 = AXIS2_PLACEMENT_3D ( 'NONE', #4676, #9502, #5412 ) ;
#9066 = EDGE_LOOP ( 'NONE', ( #2471, #5152, #237, #2562, #5315, #1338 ) ) ;
#9067 = EDGE_LOOP ( 'NONE', ( #3141, #9092, #2307, #7963 ) ) ;
#9068 = AXIS2_PLACEMENT_3D ( 'NONE', #6281, #1449, #612 ) ;
#9069 = EDGE_CURVE ( 'NONE', #9538, #468, #9706, .T. ) ;
#9070 = ORIENTED_EDGE ( 'NONE', *, *, #8870, .F. ) ;
#9071 = EDGE_CURVE ( 'NONE', #1226, #3420, #5510, .T. ) ;
#9072 = ADVANCED_FACE ( 'NONE', ( #8909 ), #705, .F. ) ;
#9073 = LINE ( 'NONE', #6339, #1904 ) ;
#9074 = CARTESIAN_POINT ( 'NONE',  ( 1.774999999999998801, 2.899999999999996803, -0.7749999999999999112 ) ) ;
#9075 = CARTESIAN_POINT ( 'NONE',  ( 1.974999999999998090, 4.049999999999999822, 0.4749999999999995337 ) ) ;
#9076 = FACE_OUTER_BOUND ( 'NONE', #6740, .T. ) ;
#9077 = VERTEX_POINT ( 'NONE', #9018 ) ;
#9078 = CARTESIAN_POINT ( 'NONE',  ( -0.6250000000000014433, 0.7428932188134522718, 0.8749999999999998890 ) ) ;
#9079 = ORIENTED_EDGE ( 'NONE', *, *, #6738, .T. ) ;
#9080 = VECTOR ( 'NONE', #778, 1000.000000000000000 ) ;
#9081 = DIRECTION ( 'NONE',  ( -1.000000000000000000, -0.000000000000000000, -0.000000000000000000 ) ) ;
#9082 = VECTOR ( 'NONE', #2028, 1000.000000000000000 ) ;
#9083 = VERTEX_POINT ( 'NONE', #4087 ) ;
#9084 = CARTESIAN_POINT ( 'NONE',  ( -8.125000000000000000, 1.449999999999999956, -1.174999999999999822 ) ) ;
#9085 = LINE ( 'NONE', #33, #10457 ) ;
#9086 = EDGE_CURVE ( 'NONE', #8170, #6292, #1658, .T. ) ;
#9087 = LINE ( 'NONE', #6730, #8899 ) ;
#9088 = CARTESIAN_POINT ( 'NONE',  ( 10.00000000000000000, 0.000000000000000000, -1.224999999999999645 ) ) ;
#9089 = EDGE_CURVE ( 'NONE', #2076, #3228, #3915, .T. ) ;
#9090 = ORIENTED_EDGE ( 'NONE', *, *, #863, .T. ) ;
#9091 = LINE ( 'NONE', #1781, #8243 ) ;
#9092 = ORIENTED_EDGE ( 'NONE', *, *, #10440, .T. ) ;
#9093 = DIRECTION ( 'NONE',  ( -0.000000000000000000, -4.553649124439118623E-15, 1.000000000000000000 ) ) ;
#9094 = ORIENTED_EDGE ( 'NONE', *, *, #5448, .T. ) ;
#9095 = AXIS2_PLACEMENT_3D ( 'NONE', #2164, #9586, #7918 ) ;
#9096 = LINE ( 'NONE', #10054, #2178 ) ;
#9097 = VECTOR ( 'NONE', #3628, 1000.000000000000000 ) ;
#9098 = EDGE_CURVE ( 'NONE', #7519, #8409, #7810, .T. ) ;
#9099 = LINE ( 'NONE', #7673, #663 ) ;
#9100 = VERTEX_POINT ( 'NONE', #4030 ) ;
#9101 = DIRECTION ( 'NONE',  ( 0.000000000000000000, -0.7071067811865475727, -0.7071067811865474617 ) ) ;
#9102 = ORIENTED_EDGE ( 'NONE', *, *, #214, .F. ) ;
#9103 = DIRECTION ( 'NONE',  ( 0.000000000000000000, 0.000000000000000000, 1.000000000000000000 ) ) ;
#9104 = DIRECTION ( 'NONE',  ( 0.000000000000000000, 1.000000000000000000, 0.000000000000000000 ) ) ;
#9105 = CARTESIAN_POINT ( 'NONE',  ( 1.974999999999997646, 0.09999999999999999167, -0.8250000000000010658 ) ) ;
#9106 = LINE ( 'NONE', #9813, #3918 ) ;
#9107 = FACE_OUTER_BOUND ( 'NONE', #4043, .T. ) ;
#9108 = CARTESIAN_POINT ( 'NONE',  ( 0.5249999999999985789, 3.299999999999999822, -0.7749999999999999112 ) ) ;
#9109 = VERTEX_POINT ( 'NONE', #6438 ) ;
#9110 = CARTESIAN_POINT ( 'NONE',  ( 3.224999999999997424, 0.09999999999999999167, -0.8250000000000010658 ) ) ;
#9111 = VECTOR ( 'NONE', #7242, 1000.000000000000114 ) ;
#9112 = DIRECTION ( 'NONE',  ( 0.000000000000000000, 0.7071067811865519026, -0.7071067811865432429 ) ) ;
#9113 = MECHANICAL_DESIGN_GEOMETRIC_PRESENTATION_REPRESENTATION (  '', ( #6718 ), #5846 ) ;
#9114 = AXIS2_PLACEMENT_3D ( 'NONE', #2303, #8006, #8065 ) ;
#9115 = CARTESIAN_POINT ( 'NONE',  ( -4.299999999999998934, 3.850000000000000977, 0.6750000000000004885 ) ) ;
#9116 = ORIENTED_EDGE ( 'NONE', *, *, #8521, .T. ) ;
#9117 = CARTESIAN_POINT ( 'NONE',  ( 4.274999999999998579, 3.050000000000000266, 0.000000000000000000 ) ) ;
#9118 = ORIENTED_EDGE ( 'NONE', *, *, #5935, .F. ) ;
#9119 = FACE_OUTER_BOUND ( 'NONE', #5428, .T. ) ;
#9120 = UNCERTAINTY_MEASURE_WITH_UNIT (LENGTH_MEASURE( 1.000000000000000082E-05 ), #2845, 'distance_accuracy_value', 'NONE');
#9121 = VECTOR ( 'NONE', #9816, 1000.000000000000000 ) ;
#9122 = ORIENTED_EDGE ( 'NONE', *, *, #6035, .F. ) ;
#9123 = ORIENTED_EDGE ( 'NONE', *, *, #9086, .T. ) ;
#9124 = DIRECTION ( 'NONE',  ( -1.000000000000000000, -0.000000000000000000, -0.000000000000000000 ) ) ;
#9125 = DIRECTION ( 'NONE',  ( 1.000000000000000000, -0.000000000000000000, -0.000000000000000000 ) ) ;
#9126 = CARTESIAN_POINT ( 'NONE',  ( 6.375000000000000888, 1.449999999999999956, 0.3749999999999998335 ) ) ;
#9127 = ADVANCED_FACE ( 'NONE', ( #2332 ), #4709, .T. ) ;
#9128 = DIRECTION ( 'NONE',  ( 0.000000000000000000, 1.000000000000000000, 0.000000000000000000 ) ) ;
#9129 = ORIENTED_EDGE ( 'NONE', *, *, #8753, .F. ) ;
#9130 = ADVANCED_FACE ( 'NONE', ( #9829 ), #7307, .F. ) ;
#9131 = EDGE_CURVE ( 'NONE', #3410, #2589, #7131, .T. ) ;
#9132 = CARTESIAN_POINT ( 'NONE',  ( 1.974999999999997646, 0.3000000000000008771, -1.374999999999999778 ) ) ;
#9133 = ORIENTED_EDGE ( 'NONE', *, *, #8388, .F. ) ;
#9134 = CARTESIAN_POINT ( 'NONE',  ( -1.625000000000001332, 2.349999999999999645, 1.675000000000000266 ) ) ;
#9135 = FACE_OUTER_BOUND ( 'NONE', #4906, .T. ) ;
#9136 = CYLINDRICAL_SURFACE ( 'NONE', #8534, 0.1000000000000000472 ) ;
#9137 = ORIENTED_EDGE ( 'NONE', *, *, #2846, .F. ) ;
#9138 = DIRECTION ( 'NONE',  ( 0.000000000000000000, 0.000000000000000000, 1.000000000000000000 ) ) ;
#9139 = VECTOR ( 'NONE', #2414, 1000.000000000000000 ) ;
#9140 = ADVANCED_FACE ( 'NONE', ( #10449 ), #5566, .F. ) ;
#9141 = ORIENTED_EDGE ( 'NONE', *, *, #10495, .T. ) ;
#9142 = CARTESIAN_POINT ( 'NONE',  ( 5.524999999999997691, 0.4999999999999998890, -0.8249999999999997335 ) ) ;
#9143 = EDGE_CURVE ( 'NONE', #7479, #5908, #760, .T. ) ;
#9144 = FACE_OUTER_BOUND ( 'NONE', #9516, .T. ) ;
#9145 = CARTESIAN_POINT ( 'NONE',  ( 4.274999999999998579, 3.299999999999999822, -1.224999999999999645 ) ) ;
#9146 = ORIENTED_EDGE ( 'NONE', *, *, #10493, .F. ) ;
#9147 = ADVANCED_FACE ( 'NONE', ( #7518, #9119, #121 ), #5031, .F. ) ;
#9148 = VECTOR ( 'NONE', #7569, 1000.000000000000000 ) ;
#9149 = PLANE ( 'NONE',  #8624 ) ;
#9150 = ORIENTED_EDGE ( 'NONE', *, *, #483, .F. ) ;
#9151 = LINE ( 'NONE', #1694, #8389 ) ;
#9152 = CARTESIAN_POINT ( 'NONE',  ( 5.724999999999997868, 4.049999999999999822, 0.2749999999999994671 ) ) ;
#9153 = DIRECTION ( 'NONE',  ( 0.000000000000000000, 0.000000000000000000, -1.000000000000000000 ) ) ;
#9154 = PLANE ( 'NONE',  #6725 ) ;
#9155 = ORIENTED_EDGE ( 'NONE', *, *, #2214, .F. ) ;
#9156 = DIRECTION ( 'NONE',  ( 0.000000000000000000, 0.7071067811865431318, 0.7071067811865517916 ) ) ;
#9157 = FACE_OUTER_BOUND ( 'NONE', #3147, .T. ) ;
#9158 = EDGE_CURVE ( 'NONE', #3570, #2888, #10385, .T. ) ;
#9159 = VECTOR ( 'NONE', #1167, 1000.000000000000000 ) ;
#9160 = PLANE ( 'NONE',  #8362 ) ;
#9161 = VECTOR ( 'NONE', #9583, 1000.000000000000000 ) ;
#9162 = CARTESIAN_POINT ( 'NONE',  ( 7.774999999999999467, 4.049999999999999822, 1.675000000000000266 ) ) ;
#9163 = ORIENTED_EDGE ( 'NONE', *, *, #10358, .F. ) ;
#9164 = AXIS2_PLACEMENT_3D ( 'NONE', #2765, #5201, #8537 ) ;
#9165 = ORIENTED_EDGE ( 'NONE', *, *, #3636, .F. ) ;
#9166 = CARTESIAN_POINT ( 'NONE',  ( 7.875000000000000000, 0.5999999999999999778, 0.2250000000000008105 ) ) ;
#9167 = ORIENTED_EDGE ( 'NONE', *, *, #4484, .T. ) ;
#9168 = EDGE_LOOP ( 'NONE', ( #1020, #628, #968, #1249 ) ) ;
#9169 = VECTOR ( 'NONE', #7970, 1000.000000000000000 ) ;
#9170 = VECTOR ( 'NONE', #8453, 1000.000000000000000 ) ;
#9171 = ORIENTED_EDGE ( 'NONE', *, *, #923, .T. ) ;
#9172 = DIRECTION ( 'NONE',  ( 0.000000000000000000, -1.000000000000000000, 0.000000000000000000 ) ) ;
#9173 = ADVANCED_FACE ( 'NONE', ( #1022 ), #1948, .F. ) ;
#9174 = VECTOR ( 'NONE', #2074, 1000.000000000000000 ) ;
#9175 = DIRECTION ( 'NONE',  ( 0.000000000000000000, -0.7071067811865431318, -0.7071067811865517916 ) ) ;
#9176 = CARTESIAN_POINT ( 'NONE',  ( -8.125000000000000000, -13.83708784390703705, 0.3750000000000001110 ) ) ;
#9177 = CARTESIAN_POINT ( 'NONE',  ( 5.724999999999997868, 3.950000000000000178, 0.3750000000000000000 ) ) ;
#9178 = VERTEX_POINT ( 'NONE', #9984 ) ;
#9179 = VECTOR ( 'NONE', #9322, 1000.000000000000000 ) ;
#9180 = CARTESIAN_POINT ( 'NONE',  ( 1.774999999999997913, 0.1500000000000032419, -2.474999999999999645 ) ) ;
#9181 = ORIENTED_EDGE ( 'NONE', *, *, #8160, .F. ) ;
#9182 = DIRECTION ( 'NONE',  ( -1.000000000000000000, 0.000000000000000000, 4.336808689942021680E-16 ) ) ;
#9183 = EDGE_CURVE ( 'NONE', #7479, #8520, #4978, .T. ) ;
#9184 = EDGE_CURVE ( 'NONE', #9862, #2469, #5887, .T. ) ;
#9185 = CARTESIAN_POINT ( 'NONE',  ( -1.525000000000001243, 2.349999999999999645, 0.6750000000000002665 ) ) ;
#9186 = CARTESIAN_POINT ( 'NONE',  ( 5.281793621149187601, 3.050000000000000266, -0.1050000000000000655 ) ) ;
#9187 = VERTEX_POINT ( 'NONE', #2699 ) ;
#9188 = CARTESIAN_POINT ( 'NONE',  ( 7.500000000000000000, 0.000000000000000000, -1.224999999999999645 ) ) ;
#9189 = VECTOR ( 'NONE', #4657, 1000.000000000000000 ) ;
#9190 = VERTEX_POINT ( 'NONE', #4141 ) ;
#9191 = LINE ( 'NONE', #1876, #530 ) ;
#9192 = DIRECTION ( 'NONE',  ( -1.000000000000000000, -0.000000000000000000, -0.000000000000000000 ) ) ;
#9193 = DIRECTION ( 'NONE',  ( -1.000000000000000000, 0.000000000000000000, -0.000000000000000000 ) ) ;
#9194 = EDGE_LOOP ( 'NONE', ( #6, #3061, #5105, #2775 ) ) ;
#9195 = EDGE_CURVE ( 'NONE', #8850, #1945, #3481, .T. ) ;
#9196 = DIRECTION ( 'NONE',  ( -0.000000000000000000, -0.7071067811865431318, -0.7071067811865517916 ) ) ;
#9197 = VECTOR ( 'NONE', #1206, 1000.000000000000000 ) ;
#9198 = ORIENTED_EDGE ( 'NONE', *, *, #8480, .T. ) ;
#9199 = DIRECTION ( 'NONE',  ( 1.000000000000000000, -0.000000000000000000, -0.000000000000000000 ) ) ;
#9200 = PLANE ( 'NONE',  #8025 ) ;
#9201 = CARTESIAN_POINT ( 'NONE',  ( -1.375000000000001332, 3.399999999999999911, -0.3249999999999997891 ) ) ;
#9202 = ADVANCED_FACE ( 'NONE', ( #9217 ), #3337, .F. ) ;
#9203 = CARTESIAN_POINT ( 'NONE',  ( 6.531793621149187601, 1.449999999999999956, 0.000000000000000000 ) ) ;
#9204 = VERTEX_POINT ( 'NONE', #7611 ) ;
#9205 = CARTESIAN_POINT ( 'NONE',  ( -1.375000000000001332, 2.899999999999999911, 0.1750000000000002387 ) ) ;
#9206 = DIRECTION ( 'NONE',  ( 1.000000000000000000, 0.000000000000000000, 0.000000000000000000 ) ) ;
#9207 = CARTESIAN_POINT ( 'NONE',  ( 1.774999999999999245, 1.449999999999999956, -1.224999999999999645 ) ) ;
#9208 = AXIS2_PLACEMENT_3D ( 'NONE', #1936, #5163, #1456 ) ;
#9209 = DIRECTION ( 'NONE',  ( -0.000000000000000000, 1.000000000000000000, -0.000000000000000000 ) ) ;
#9210 = DIRECTION ( 'NONE',  ( 0.000000000000000000, 0.000000000000000000, -1.000000000000000000 ) ) ;
#9211 = DIRECTION ( 'NONE',  ( 0.000000000000000000, -1.000000000000000000, 0.000000000000000000 ) ) ;
#9212 = ORIENTED_EDGE ( 'NONE', *, *, #6307, .T. ) ;
#9213 = VECTOR ( 'NONE', #4969, 1000.000000000000000 ) ;
#9214 = DIRECTION ( 'NONE',  ( 0.000000000000000000, -0.000000000000000000, -1.000000000000000000 ) ) ;
#9215 = ORIENTED_EDGE ( 'NONE', *, *, #8648, .T. ) ;
#9216 = ORIENTED_EDGE ( 'NONE', *, *, #1172, .T. ) ;
#9217 = FACE_OUTER_BOUND ( 'NONE', #5055, .T. ) ;
#9218 = EDGE_CURVE ( 'NONE', #9187, #9906, #326, .T. ) ;
#9219 = CARTESIAN_POINT ( 'NONE',  ( 7.833333333333331261, 3.491666666666668473, -0.9166666666666677399 ) ) ;
#9220 = LINE ( 'NONE', #8421, #432 ) ;
#9221 = CARTESIAN_POINT ( 'NONE',  ( 0.5249999999999976907, 0.1500000000000032419, -2.474999999999999645 ) ) ;
#9222 = ORIENTED_EDGE ( 'NONE', *, *, #6915, .F. ) ;
#9223 = VECTOR ( 'NONE', #8113, 1000.000000000000000 ) ;
#9224 = PRODUCT_DEFINITION_CONTEXT ( 'detailed design', #735, 'design' ) ;
#9225 = ORIENTED_EDGE ( 'NONE', *, *, #424, .F. ) ;
#9226 = DIRECTION ( 'NONE',  ( -0.000000000000000000, 1.000000000000000000, -0.000000000000000000 ) ) ;
#9227 = FACE_OUTER_BOUND ( 'NONE', #771, .T. ) ;
#9228 = CARTESIAN_POINT ( 'NONE',  ( -1.325000000000001510, 1.899999999999999689, 2.475000000000000533 ) ) ;
#9229 = PRESENTATION_LAYER_ASSIGNMENT (  '', '', ( #3263 ) ) ;
#9230 = AXIS2_PLACEMENT_3D ( 'NONE', #9750, #908, #7404 ) ;
#9231 = ORIENTED_EDGE ( 'NONE', *, *, #6471, .F. ) ;
#9232 = LINE ( 'NONE', #141, #1921 ) ;
#9233 = ORIENTED_EDGE ( 'NONE', *, *, #3366, .T. ) ;
#9234 = EDGE_CURVE ( 'NONE', #9934, #2182, #9261, .T. ) ;
#9235 = LINE ( 'NONE', #2528, #7130 ) ;
#9236 = ADVANCED_FACE ( 'NONE', ( #920 ), #6610, .F. ) ;
#9237 = DIRECTION ( 'NONE',  ( -0.000000000000000000, 1.445602896647327084E-15, 1.000000000000000000 ) ) ;
#9238 = ORIENTED_EDGE ( 'NONE', *, *, #1047, .F. ) ;
#9239 = LINE ( 'NONE', #1052, #6217 ) ;
#9240 = VERTEX_POINT ( 'NONE', #7857 ) ;
#9241 = CARTESIAN_POINT ( 'NONE',  ( 5.724999999999997868, 0.1792893218813486345, -1.745710678118654435 ) ) ;
#9242 = LINE ( 'NONE', #6169, #546 ) ;
#9243 = CARTESIAN_POINT ( 'NONE',  ( -6.875000000000000000, 1.449999999999999956, 0.3750000000000001110 ) ) ;
#9244 = CARTESIAN_POINT ( 'NONE',  ( 7.375000000000000888, 0.2500000000000000000, 0.2250000000000008105 ) ) ;
#9245 = EDGE_LOOP ( 'NONE', ( #9541, #9930, #9752, #2497, #7310, #4232, #7471, #7167, #2442, #8455, #3988, #5933, #6028 ) ) ;
#9246 = DIRECTION ( 'NONE',  ( 1.000000000000000000, -3.336006684570783101E-16, 0.000000000000000000 ) ) ;
#9247 = CARTESIAN_POINT ( 'NONE',  ( 7.375000000000000888, 0.2500000000000000000, -0.3340169943749460302 ) ) ;
#9248 = FACE_OUTER_BOUND ( 'NONE', #7830, .T. ) ;
#9249 = EDGE_CURVE ( 'NONE', #298, #1691, #8459, .T. ) ;
#9250 = CARTESIAN_POINT ( 'NONE',  ( 7.575000000000000178, -0.1499999999999963862, 2.324999999999999734 ) ) ;
#9251 = EDGE_CURVE ( 'NONE', #140, #1515, #2790, .T. ) ;
#9252 = ADVANCED_FACE ( 'NONE', ( #2889 ), #7806, .F. ) ;
#9253 = DIRECTION ( 'NONE',  ( 0.000000000000000000, -1.000000000000000000, -4.553649124439118623E-15 ) ) ;
#9254 = DIRECTION ( 'NONE',  ( 0.4472135954999579277, 0.8944271909999158554, -0.000000000000000000 ) ) ;
#9255 = VECTOR ( 'NONE', #6318, 1000.000000000000114 ) ;
#9256 = LINE ( 'NONE', #9301, #9873 ) ;
#9257 = ORIENTED_EDGE ( 'NONE', *, *, #7701, .T. ) ;
#9258 = CARTESIAN_POINT ( 'NONE',  ( -1.375000000000001332, 2.899999999999999911, 0.1750000000000002387 ) ) ;
#9259 = ORIENTED_EDGE ( 'NONE', *, *, #858, .F. ) ;
#9260 = EDGE_LOOP ( 'NONE', ( #8246, #4727, #4700, #6150 ) ) ;
#9261 = LINE ( 'NONE', #9882, #7134 ) ;
#9262 = ADVANCED_FACE ( 'NONE', ( #4538, #4381 ), #9417, .T. ) ;
#9263 = VECTOR ( 'NONE', #3999, 1000.000000000000114 ) ;
#9264 = LINE ( 'NONE', #1950, #2833 ) ;
#9265 = EDGE_CURVE ( 'NONE', #4802, #938, #2103, .T. ) ;
#9266 = AXIS2_PLACEMENT_3D ( 'NONE', #2005, #6768, #4390 ) ;
#9267 = MECHANICAL_DESIGN_GEOMETRIC_PRESENTATION_REPRESENTATION (  '', ( #5147 ), #7890 ) ;
#9268 = EDGE_LOOP ( 'NONE', ( #7685, #5044, #6850, #9043 ) ) ;
#9269 = DIRECTION ( 'NONE',  ( 0.000000000000000000, 0.000000000000000000, 1.000000000000000000 ) ) ;
#9270 = SURFACE_SIDE_STYLE ('',( #5986 ) ) ;
#9271 = CARTESIAN_POINT ( 'NONE',  ( 4.474999999999997868, 1.199999999999999734, 0.3750000000000000000 ) ) ;
#9272 = SHAPE_REPRESENTATION ( 'BMxxB-GHS-TBT_05', ( #3400 ), #5243 ) ;
#9273 = EDGE_CURVE ( 'NONE', #5005, #7694, #7655, .T. ) ;
#9274 = ORIENTED_EDGE ( 'NONE', *, *, #1903, .F. ) ;
#9275 =( GEOMETRIC_REPRESENTATION_CONTEXT ( 3 ) GLOBAL_UNCERTAINTY_ASSIGNED_CONTEXT ( ( #6660 ) ) GLOBAL_UNIT_ASSIGNED_CONTEXT ( ( #3443, #6721, #1668 ) ) REPRESENTATION_CONTEXT ( 'NONE', 'WORKASPACE' ) );
#9276 = DIRECTION ( 'NONE',  ( -0.000000000000000000, 0.000000000000000000, 1.000000000000000000 ) ) ;
#9277 = ORIENTED_EDGE ( 'NONE', *, *, #1918, .F. ) ;
#9278 = DIRECTION ( 'NONE',  ( 0.000000000000000000, 0.7071067811865519026, -0.7071067811865432429 ) ) ;
#9279 = LINE ( 'NONE', #2758, #4853 ) ;
#9280 = CARTESIAN_POINT ( 'NONE',  ( 4.624999999999998224, 3.950000000000000178, 0.3750000000000001110 ) ) ;
#9281 = CARTESIAN_POINT ( 'NONE',  ( -6.875000000000000000, 1.449999999999999956, -1.174999999999999822 ) ) ;
#9282 = ORIENTED_EDGE ( 'NONE', *, *, #1118, .F. ) ;
#9283 = CARTESIAN_POINT ( 'NONE',  ( 4.274999999999998579, 1.449999999999999956, -0.7749999999999999112 ) ) ;
#9284 = DIRECTION ( 'NONE',  ( -1.000000000000000000, -0.000000000000000000, -0.000000000000000000 ) ) ;
#9285 = CARTESIAN_POINT ( 'NONE',  ( 4.031793621149188489, 1.016439536705160869E-17, 0.3750000000000000555 ) ) ;
#9286 = ORIENTED_EDGE ( 'NONE', *, *, #4945, .F. ) ;
#9287 = DIRECTION ( 'NONE',  ( -0.000000000000000000, 0.7071067811865474617, 0.7071067811865474617 ) ) ;
#9288 = CARTESIAN_POINT ( 'NONE',  ( 5.724999999999997868, 1.449999999999999956, 0.1750000000000000722 ) ) ;
#9289 = DIRECTION ( 'NONE',  ( 0.000000000000000000, 4.336808689942002945E-16, -1.000000000000000000 ) ) ;
#9290 = CARTESIAN_POINT ( 'NONE',  ( 1.974999999999997646, 0.1500000000000032419, -2.474999999999999645 ) ) ;
#9291 = DIRECTION ( 'NONE',  ( -1.000000000000000000, 0.000000000000000000, 0.000000000000000000 ) ) ;
#9292 = ORIENTED_EDGE ( 'NONE', *, *, #9184, .T. ) ;
#9293 = DIRECTION ( 'NONE',  ( 0.000000000000000000, -0.000000000000000000, -1.000000000000000000 ) ) ;
#9294 = CARTESIAN_POINT ( 'NONE',  ( 5.724999999999997868, 0.3000000000000009881, -1.625000000000000666 ) ) ;
#9295 = DIRECTION ( 'NONE',  ( -0.000000000000000000, -0.7071067811865431318, -0.7071067811865517916 ) ) ;
#9296 = ORIENTED_EDGE ( 'NONE', *, *, #4362, .F. ) ;
#9297 = DIRECTION ( 'NONE',  ( 0.000000000000000000, -1.355252715606880789E-16, 1.000000000000000000 ) ) ;
#9298 = VECTOR ( 'NONE', #9612, 1000.000000000000000 ) ;
#9299 = ORIENTED_EDGE ( 'NONE', *, *, #1563, .F. ) ;
#9300 = LINE ( 'NONE', #2042, #4045 ) ;
#9301 = CARTESIAN_POINT ( 'NONE',  ( 5.724999999999997868, -0.04999999999999567291, -2.474999999999999645 ) ) ;
#9302 = ORIENTED_EDGE ( 'NONE', *, *, #7565, .T. ) ;
#9303 = PLANE ( 'NONE',  #3430 ) ;
#9304 = CARTESIAN_POINT ( 'NONE',  ( 5.524999999999998579, 1.199999999999999734, 0.1750000000000000722 ) ) ;
#9305 = VERTEX_POINT ( 'NONE', #3635 ) ;
#9306 = EDGE_CURVE ( 'NONE', #7564, #2198, #427, .T. ) ;
#9307 = VECTOR ( 'NONE', #6285, 1000.000000000000000 ) ;
#9308 = VERTEX_POINT ( 'NONE', #9361 ) ;
#9309 = DIRECTION ( 'NONE',  ( 0.000000000000000000, 0.000000000000000000, 1.000000000000000000 ) ) ;
#9310 = VECTOR ( 'NONE', #7525, 1000.000000000000000 ) ;
#9311 = AXIS2_PLACEMENT_3D ( 'NONE', #7974, #5282, #4491 ) ;
#9312 = LINE ( 'NONE', #5227, #5904 ) ;
#9313 = AXIS2_PLACEMENT_3D ( 'NONE', #3266, #2530, #4066 ) ;
#9314 = VERTEX_POINT ( 'NONE', #2840 ) ;
#9315 = LINE ( 'NONE', #10131, #8306 ) ;
#9316 = DIRECTION ( 'NONE',  ( 0.000000000000000000, 5.251604272976699179E-15, -1.000000000000000000 ) ) ;
#9317 = EDGE_CURVE ( 'NONE', #1080, #1440, #5938, .T. ) ;
#9318 = DIRECTION ( 'NONE',  ( 0.000000000000000000, -1.000000000000000000, -3.336006684570783101E-16 ) ) ;
#9319 = VECTOR ( 'NONE', #8156, 1000.000000000000000 ) ;
#9320 = ORIENTED_EDGE ( 'NONE', *, *, #5448, .F. ) ;
#9321 = EDGE_CURVE ( 'NONE', #4341, #3478, #5224, .T. ) ;
#9322 = DIRECTION ( 'NONE',  ( 1.000000000000000000, 0.000000000000000000, 1.807003620809174632E-16 ) ) ;
#9323 = ORIENTED_EDGE ( 'NONE', *, *, #3382, .F. ) ;
#9324 = LINE ( 'NONE', #2014, #8572 ) ;
#9325 = CARTESIAN_POINT ( 'NONE',  ( 1.624999999999999334, 4.049999999999999822, 0.4749999999999995337 ) ) ;
#9326 = ORIENTED_EDGE ( 'NONE', *, *, #1647, .T. ) ;
#9327 = DIRECTION ( 'NONE',  ( 0.000000000000000000, -0.7071067811865519026, 0.7071067811865432429 ) ) ;
#9328 = ORIENTED_EDGE ( 'NONE', *, *, #3752, .F. ) ;
#9329 = ADVANCED_FACE ( 'NONE', ( #5328 ), #8612, .T. ) ;
#9330 =( GEOMETRIC_REPRESENTATION_CONTEXT ( 3 ) GLOBAL_UNCERTAINTY_ASSIGNED_CONTEXT ( ( #7367 ) ) GLOBAL_UNIT_ASSIGNED_CONTEXT ( ( #10443, #10498, #6429 ) ) REPRESENTATION_CONTEXT ( 'NONE', 'WORKASPACE' ) );
#9331 = CARTESIAN_POINT ( 'NONE',  ( -1.625000000000001332, 0.5999999999999999778, 0.2250000000000008105 ) ) ;
#9332 = CARTESIAN_POINT ( 'NONE',  ( 5.524999999999998579, 1.199999999999999734, 0.3750000000000000000 ) ) ;
#9333 = EDGE_CURVE ( 'NONE', #4019, #3830, #10208, .T. ) ;
#9334 = DIRECTION ( 'NONE',  ( 0.000000000000000000, 1.000000000000000000, -1.445602896647327084E-15 ) ) ;
#9335 = ORIENTED_EDGE ( 'NONE', *, *, #345, .T. ) ;
#9336 = LINE ( 'NONE', #10105, #5281 ) ;
#9337 = CARTESIAN_POINT ( 'NONE',  ( 1.974999999999997646, 0.09999999999999999167, -0.8250000000000010658 ) ) ;
#9338 = ADVANCED_FACE ( 'NONE', ( #5279 ), #4594, .F. ) ;
#9339 = CARTESIAN_POINT ( 'NONE',  ( 1.974999999999997646, 3.450000000000001510, 1.870248747537497357E-14 ) ) ;
#9340 = CARTESIAN_POINT ( 'NONE',  ( 0.8749999999999998890, 1.449999999999999956, 0.1750000000000000999 ) ) ;
#9341 = VECTOR ( 'NONE', #183, 1000.000000000000000 ) ;
#9342 = CARTESIAN_POINT ( 'NONE',  ( 4.474999999999996980, 3.050000000000000266, -0.1049999999999996214 ) ) ;
#9343 = EDGE_LOOP ( 'NONE', ( #7414, #1896, #3919, #9737 ) ) ;
#9344 = LINE ( 'NONE', #5260, #7937 ) ;
#9345 = LINE ( 'NONE', #6245, #4971 ) ;
#9346 = DIRECTION ( 'NONE',  ( 0.000000000000000000, -0.7071067811865475727, 0.7071067811865475727 ) ) ;
#9347 = ORIENTED_EDGE ( 'NONE', *, *, #5659, .T. ) ;
#9348 = CARTESIAN_POINT ( 'NONE',  ( -8.125000000000000000, 3.950000000000000178, 0.3750000000000001110 ) ) ;
#9349 = VECTOR ( 'NONE', #8785, 1000.000000000000000 ) ;
#9350 = ORIENTED_EDGE ( 'NONE', *, *, #7287, .T. ) ;
#9351 = SURFACE_STYLE_USAGE ( .BOTH. , #8406 ) ;
#9352 = VERTEX_POINT ( 'NONE', #6251 ) ;
#9353 = DIRECTION ( 'NONE',  ( 1.000000000000000000, 0.000000000000000000, -0.000000000000000000 ) ) ;
#9354 = LINE ( 'NONE', #2045, #1091 ) ;
#9355 = ORIENTED_EDGE ( 'NONE', *, *, #1947, .F. ) ;
#9356 = CARTESIAN_POINT ( 'NONE',  ( 1.774999999999999245, 1.449999999999999956, 0.1750000000000000722 ) ) ;
#9357 = LINE ( 'NONE', #7752, #4826 ) ;
#9358 = VERTEX_POINT ( 'NONE', #2155 ) ;
#9359 = VERTEX_POINT ( 'NONE', #1262 ) ;
#9360 = AXIS2_PLACEMENT_3D ( 'NONE', #1798, #8304, #1891 ) ;
#9361 = CARTESIAN_POINT ( 'NONE',  ( -1.625000000000001332, 3.950000000000000178, 0.1750000000000002387 ) ) ;
#9362 = ADVANCED_FACE ( 'NONE', ( #7063 ), #5381, .F. ) ;
#9363 = EDGE_CURVE ( 'NONE', #5005, #1818, #9526, .T. ) ;
#9364 = EDGE_CURVE ( 'NONE', #7747, #9880, #3584, .T. ) ;
#9365 = STYLED_ITEM ( 'NONE', ( #10428 ), #5522 ) ;
#9366 = DIRECTION ( 'NONE',  ( 1.000000000000000000, -0.000000000000000000, -0.000000000000000000 ) ) ;
#9367 = DIRECTION ( 'NONE',  ( 1.000000000000000000, -0.000000000000000000, -0.000000000000000000 ) ) ;
#9368 = VERTEX_POINT ( 'NONE', #7352 ) ;
#9369 = SURFACE_STYLE_USAGE ( .BOTH. , #9270 ) ;
#9370 = PLANE ( 'NONE',  #338 ) ;
#9371 = CARTESIAN_POINT ( 'NONE',  ( 5.724999999999997868, 3.050000000000000266, -0.1049999999999996214 ) ) ;
#9372 = VERTEX_POINT ( 'NONE', #6306 ) ;
#9373 = EDGE_CURVE ( 'NONE', #8944, #9109, #9636, .T. ) ;
#9374 = EDGE_CURVE ( 'NONE', #6893, #2537, #6426, .T. ) ;
#9375 = EDGE_CURVE ( 'NONE', #9830, #2505, #5673, .T. ) ;
#9376 = EDGE_LOOP ( 'NONE', ( #10145, #1355, #110, #5295 ) ) ;
#9377 = CARTESIAN_POINT ( 'NONE',  ( -8.125000000000000000, 3.950000000000000178, 0.3750000000000001110 ) ) ;
#9378 = CARTESIAN_POINT ( 'NONE',  ( -1.625000000000001332, 1.899999999999999911, 1.825000000000000622 ) ) ;
#9379 = DIRECTION ( 'NONE',  ( 0.000000000000000000, 0.000000000000000000, 1.000000000000000000 ) ) ;
#9380 = CIRCLE ( 'NONE', #5959, 0.1000000000000000472 ) ;
#9381 = EDGE_LOOP ( 'NONE', ( #511, #1469, #7397, #9695, #3059, #369 ) ) ;
#9382 = LINE ( 'NONE', #10140, #5378 ) ;
#9383 = VERTEX_POINT ( 'NONE', #8894 ) ;
#9384 = LINE ( 'NONE', #9331, #7488 ) ;
#9385 = CARTESIAN_POINT ( 'NONE',  ( 3.024999999999998579, 1.577500000000001235, -1.577499999999999902 ) ) ;
#9386 = ORIENTED_EDGE ( 'NONE', *, *, #1854, .T. ) ;
#9387 = DIRECTION ( 'NONE',  ( 0.000000000000000000, 0.000000000000000000, 1.000000000000000000 ) ) ;
#9388 = STYLED_ITEM ( 'NONE', ( #4319 ), #4385 ) ;
#9390 = PLANE ( 'NONE',  #227 ) ;
#9389 = CIRCLE ( 'NONE', #2901, 0.09999999999999982514 ) ;
#9391 = EDGE_CURVE ( 'NONE', #9906, #5629, #6367, .T. ) ;
#9392 = LINE ( 'NONE', #4513, #2228 ) ;
#9393 = VECTOR ( 'NONE', #1154, 1000.000000000000000 ) ;
#9394 = LINE ( 'NONE', #2129, #6907 ) ;
#9395 = DIRECTION ( 'NONE',  ( -1.807003620809174632E-16, 0.000000000000000000, -1.000000000000000000 ) ) ;
#9396 = ORIENTED_EDGE ( 'NONE', *, *, #5061, .T. ) ;
#9397 = DIRECTION ( 'NONE',  ( -1.000000000000000000, -0.000000000000000000, -0.000000000000000000 ) ) ;
#9398 = CARTESIAN_POINT ( 'NONE',  ( 4.474999999999996980, 0.4999999999999998890, -0.8249999999999997335 ) ) ;
#9399 = VERTEX_POINT ( 'NONE', #2 ) ;
#9400 = CARTESIAN_POINT ( 'NONE',  ( 1.974999999999999867, 4.049999999999999822, -1.224999999999999645 ) ) ;
#9401 = VECTOR ( 'NONE', #5409, 1000.000000000000114 ) ;
#9402 = VERTEX_POINT ( 'NONE', #4701 ) ;
#9403 = ADVANCED_FACE ( 'NONE', ( #7968 ), #7121, .F. ) ;
#9404 = CARTESIAN_POINT ( 'NONE',  ( -1.325000000000001510, 0.000000000000000000, 0.2250000000000008105 ) ) ;
#9405 = EDGE_CURVE ( 'NONE', #2198, #2659, #7913, .T. ) ;
#9406 = DIRECTION ( 'NONE',  ( 0.000000000000000000, -0.7071067811865479058, 0.7071067811865472397 ) ) ;
#9407 = ORIENTED_EDGE ( 'NONE', *, *, #7882, .T. ) ;
#9408 = CARTESIAN_POINT ( 'NONE',  ( 0.7249999999999973133, -0.1499999999999963862, -1.474999999999999645 ) ) ;
#9409 = VERTEX_POINT ( 'NONE', #10383 ) ;
#9410 = AXIS2_PLACEMENT_3D ( 'NONE', #9440, #3706, #4790 ) ;
#9411 = DIRECTION ( 'NONE',  ( -1.000000000000000000, -0.000000000000000000, -0.000000000000000000 ) ) ;
#9412 = ORIENTED_EDGE ( 'NONE', *, *, #4262, .F. ) ;
#9413 = FACE_OUTER_BOUND ( 'NONE', #199, .T. ) ;
#9414 = CARTESIAN_POINT ( 'NONE',  ( -9.375000000000000000, 3.950000000000000178, 0.3750000000000001110 ) ) ;
#9415 = ORIENTED_EDGE ( 'NONE', *, *, #2975, .T. ) ;
#9416 = VERTEX_POINT ( 'NONE', #8024 ) ;
#9417 = PLANE ( 'NONE',  #695 ) ;
#9418 = AXIS2_PLACEMENT_3D ( 'NONE', #436, #3640, #4339 ) ;
#9419 = CARTESIAN_POINT ( 'NONE',  ( 0.7249999999999973133, 3.050000000000000266, 0.000000000000000000 ) ) ;
#9420 = EDGE_LOOP ( 'NONE', ( #3991, #295, #9590, #8457 ) ) ;
#9421 = LINE ( 'NONE', #8517, #4157 ) ;
#9422 = CARTESIAN_POINT ( 'NONE',  ( 7.275000000000000355, 0.2500000000000000000, 2.475000000000000089 ) ) ;
#9423 = EDGE_CURVE ( 'NONE', #1301, #2748, #2319, .T. ) ;
#9424 = VECTOR ( 'NONE', #8279, 1000.000000000000114 ) ;
#9425 = DIRECTION ( 'NONE',  ( 1.000000000000000000, -0.000000000000000000, 0.000000000000000000 ) ) ;
#9426 = ORIENTED_EDGE ( 'NONE', *, *, #8232, .T. ) ;
#9427 = PRESENTATION_LAYER_ASSIGNMENT (  '', '', ( #5147 ) ) ;
#9428 = ORIENTED_EDGE ( 'NONE', *, *, #8425, .F. ) ;
#9429 = AXIS2_PLACEMENT_3D ( 'NONE', #9414, #5434, #2993 ) ;
#9430 = DIRECTION ( 'NONE',  ( 0.000000000000000000, 0.000000000000000000, -1.000000000000000000 ) ) ;
#9431 = EDGE_CURVE ( 'NONE', #3831, #9927, #8779, .T. ) ;
#9432 = PLANE ( 'NONE',  #8614 ) ;
#9433 = VERTEX_POINT ( 'NONE', #3055 ) ;
#9434 = PLANE ( 'NONE',  #309 ) ;
#9435 = ADVANCED_FACE ( 'NONE', ( #8085 ), #1589, .F. ) ;
#9436 = ORIENTED_EDGE ( 'NONE', *, *, #6501, .T. ) ;
#9437 = VECTOR ( 'NONE', #8351, 1000.000000000000000 ) ;
#9438 = DIRECTION ( 'NONE',  ( -1.000000000000000000, -0.000000000000000000, -0.000000000000000000 ) ) ;
#9439 = VERTEX_POINT ( 'NONE', #3166 ) ;
#9440 = CARTESIAN_POINT ( 'NONE',  ( 7.575000000000000178, 0.000000000000000000, 0.2250000000000008105 ) ) ;
#9441 = LINE ( 'NONE', #1340, #7536 ) ;
#9442 = CARTESIAN_POINT ( 'NONE',  ( 3.224999999999997424, 0.5000000000000022204, -1.324999999999999734 ) ) ;
#9443 = EDGE_CURVE ( 'NONE', #5462, #10091, #9576, .T. ) ;
#9444 = CARTESIAN_POINT ( 'NONE',  ( 5.724999999999997868, 1.449999999999999956, -0.02500000000000060854 ) ) ;
#9445 = LINE ( 'NONE', #6069, #958 ) ;
#9446 = VERTEX_POINT ( 'NONE', #8726 ) ;
#9447 = LINE ( 'NONE', #1346, #4021 ) ;
#9448 = LINE ( 'NONE', #9398, #410 ) ;
#9449 = ADVANCED_FACE ( 'NONE', ( #8953 ), #1420, .T. ) ;
#9450 = EDGE_LOOP ( 'NONE', ( #8653, #3759, #7209, #178 ) ) ;
#9451 = DIRECTION ( 'NONE',  ( -1.000000000000000000, 0.000000000000000000, 0.000000000000000000 ) ) ;
#9452 = DIRECTION ( 'NONE',  ( 0.000000000000000000, 0.000000000000000000, -1.000000000000000000 ) ) ;
#9453 = CARTESIAN_POINT ( 'NONE',  ( 5.724999999999997868, 1.577500000000001235, -1.577499999999999902 ) ) ;
#9454 = EDGE_CURVE ( 'NONE', #1483, #5856, #2380, .T. ) ;
#9455 = PLANE ( 'NONE',  #4210 ) ;
#9456 = ORIENTED_EDGE ( 'NONE', *, *, #9774, .F. ) ;
#9457 = VERTEX_POINT ( 'NONE', #3110 ) ;
#9458 = DIRECTION ( 'NONE',  ( 0.000000000000000000, 0.000000000000000000, 1.000000000000000000 ) ) ;
#9459 = ORIENTED_EDGE ( 'NONE', *, *, #4490, .F. ) ;
#9460 = DIRECTION ( 'NONE',  ( 1.000000000000000000, 0.000000000000000000, 0.000000000000000000 ) ) ;
#9461 = FACE_OUTER_BOUND ( 'NONE', #391, .T. ) ;
#9462 = ORIENTED_EDGE ( 'NONE', *, *, #9454, .F. ) ;
#9463 = FACE_OUTER_BOUND ( 'NONE', #10381, .T. ) ;
#9464 = CARTESIAN_POINT ( 'NONE',  ( 4.474999999999996980, 0.3500000000000009215, -1.374999999999999778 ) ) ;
#9465 = VERTEX_POINT ( 'NONE', #802 ) ;
#9466 = EDGE_CURVE ( 'NONE', #10116, #828, #637, .T. ) ;
#9467 = VERTEX_POINT ( 'NONE', #2434 ) ;
#9468 = CARTESIAN_POINT ( 'NONE',  ( 13.12499999999999822, -13.83708784390703705, 0.3750000000000001110 ) ) ;
#9469 = VECTOR ( 'NONE', #5293, 1000.000000000000000 ) ;
#9470 = CARTESIAN_POINT ( 'NONE',  ( 4.274999999999997691, -0.04999999999999636680, -2.375000000000000000 ) ) ;
#9471 = ORIENTED_EDGE ( 'NONE', *, *, #3380, .T. ) ;
#9472 = EDGE_CURVE ( 'NONE', #1409, #7375, #3428, .T. ) ;
#9473 = VECTOR ( 'NONE', #2608, 1000.000000000000000 ) ;
#9474 = LINE ( 'NONE', #2163, #6421 ) ;
#9475 = EDGE_LOOP ( 'NONE', ( #6204, #549, #8815, #6145 ) ) ;
#9476 = DIRECTION ( 'NONE',  ( 0.000000000000000000, 0.000000000000000000, -1.000000000000000000 ) ) ;
#9477 = LINE ( 'NONE', #2165, #2382 ) ;
#9478 = LINE ( 'NONE', #6912, #4926 ) ;
#9479 = ORIENTED_EDGE ( 'NONE', *, *, #1672, .F. ) ;
#9480 = VECTOR ( 'NONE', #6741, 1000.000000000000000 ) ;
#9481 = VECTOR ( 'NONE', #5678, 1000.000000000000000 ) ;
#9482 = ORIENTED_EDGE ( 'NONE', *, *, #872, .T. ) ;
#9483 = EDGE_CURVE ( 'NONE', #5716, #6237, #4233, .T. ) ;
#9484 = VECTOR ( 'NONE', #2106, 1000.000000000000000 ) ;
#9485 = LINE ( 'NONE', #4606, #6428 ) ;
#9486 = VECTOR ( 'NONE', #4135, 1000.000000000000000 ) ;
#9487 = DIRECTION ( 'NONE',  ( 1.000000000000000000, 0.000000000000000000, -0.000000000000000000 ) ) ;
#9488 = VECTOR ( 'NONE', #4705, 1000.000000000000000 ) ;
#9489 = ORIENTED_EDGE ( 'NONE', *, *, #8215, .T. ) ;
#9490 = DIRECTION ( 'NONE',  ( 1.000000000000000000, 0.000000000000000000, 0.000000000000000000 ) ) ;
#9491 = EDGE_LOOP ( 'NONE', ( #8013, #1419, #7789, #188 ) ) ;
#9492 = EDGE_CURVE ( 'NONE', #140, #2094, #6802, .T. ) ;
#9493 = AXIS2_PLACEMENT_3D ( 'NONE', #10101, #3508, #5198 ) ;
#9494 = DIRECTION ( 'NONE',  ( -1.000000000000000000, 0.000000000000000000, 0.000000000000000000 ) ) ;
#9495 = VERTEX_POINT ( 'NONE', #5778 ) ;
#9496 = ADVANCED_FACE ( 'NONE', ( #2486 ), #6703, .F. ) ;
#9497 = ADVANCED_FACE ( 'NONE', ( #7458 ), #2644, .F. ) ;
#9498 = DIRECTION ( 'NONE',  ( -0.000000000000000000, 1.000000000000000000, 0.000000000000000000 ) ) ;
#9499 = ORIENTED_EDGE ( 'NONE', *, *, #3774, .F. ) ;
#9500 = PLANE ( 'NONE',  #1231 ) ;
#9501 = DIRECTION ( 'NONE',  ( 1.000000000000000000, 0.000000000000000000, 0.000000000000000000 ) ) ;
#9502 = DIRECTION ( 'NONE',  ( 0.000000000000000000, 3.252606517456514091E-15, -1.000000000000000000 ) ) ;
#9503 = LINE ( 'NONE', #558, #2493 ) ;
#9504 = CARTESIAN_POINT ( 'NONE',  ( 3.024999999999999023, 1.199999999999999734, 0.1750000000000000722 ) ) ;
#9505 = ORIENTED_EDGE ( 'NONE', *, *, #816, .F. ) ;
#9506 = DIRECTION ( 'NONE',  ( -0.000000000000000000, -4.553649124439118623E-15, 1.000000000000000000 ) ) ;
#9507 = ORIENTED_EDGE ( 'NONE', *, *, #10495, .F. ) ;
#9508 = CARTESIAN_POINT ( 'NONE',  ( 4.474999999999998757, 1.449999999999999956, -1.224999999999999645 ) ) ;
#9509 = DIRECTION ( 'NONE',  ( 0.000000000000000000, 0.000000000000000000, 1.000000000000000000 ) ) ;
#9510 = CARTESIAN_POINT ( 'NONE',  ( -1.125000000000001776, 0.2500000000000000000, -0.3340169943749460302 ) ) ;
#9511 = ORIENTED_EDGE ( 'NONE', *, *, #6373, .F. ) ;
#9512 = VERTEX_POINT ( 'NONE', #213 ) ;
#9513 = VECTOR ( 'NONE', #7902, 1000.000000000000000 ) ;
#9514 = DIRECTION ( 'NONE',  ( -1.000000000000000000, 0.000000000000000000, 0.000000000000000000 ) ) ;
#9515 = AXIS2_PLACEMENT_3D ( 'NONE', #3490, #10087, #2706 ) ;
#9516 = EDGE_LOOP ( 'NONE', ( #5125, #205, #6325, #10345 ) ) ;
#9517 = CARTESIAN_POINT ( 'NONE',  ( 5.724999999999997868, 1.449999999999999956, 0.000000000000000000 ) ) ;
#9518 = CARTESIAN_POINT ( 'NONE',  ( -0.1250000000000018319, 1.449999999999999956, 0.8749999999999996669 ) ) ;
#9519 = LINE ( 'NONE', #8831, #8407 ) ;
#9520 = ORIENTED_EDGE ( 'NONE', *, *, #7409, .F. ) ;
#9521 = CARTESIAN_POINT ( 'NONE',  ( -1.625000000000001332, 1.899999999999999689, 2.475000000000000533 ) ) ;
#9522 = CARTESIAN_POINT ( 'NONE',  ( 5.724999999999996980, 3.950000000000000178, 0.3750000000000001110 ) ) ;
#9523 = ORIENTED_EDGE ( 'NONE', *, *, #8424, .T. ) ;
#9524 = LINE ( 'NONE', #435, #6043 ) ;
#9525 = ORIENTED_EDGE ( 'NONE', *, *, #5503, .F. ) ;
#9526 = LINE ( 'NONE', #8511, #5769 ) ;
#9527 = VECTOR ( 'NONE', #910, 1000.000000000000000 ) ;
#9528 = LINE ( 'NONE', #9579, #8138 ) ;
#9529 = FACE_OUTER_BOUND ( 'NONE', #1345, .T. ) ;
#9530 = VERTEX_POINT ( 'NONE', #264 ) ;
#9531 = VECTOR ( 'NONE', #2246, 1000.000000000000000 ) ;
#9532 = LINE ( 'NONE', #6315, #9161 ) ;
#9533 = ORIENTED_EDGE ( 'NONE', *, *, #9022, .T. ) ;
#9534 = EDGE_CURVE ( 'NONE', #5445, #7181, #5929, .T. ) ;
#9535 = FACE_OUTER_BOUND ( 'NONE', #10084, .T. ) ;
#9536 = CARTESIAN_POINT ( 'NONE',  ( 1.774999999999998801, 3.299999999999999822, -1.224999999999999645 ) ) ;
#9537 = DIRECTION ( 'NONE',  ( 0.000000000000000000, 0.000000000000000000, 1.000000000000000000 ) ) ;
#9538 = VERTEX_POINT ( 'NONE', #9207 ) ;
#9539 = VECTOR ( 'NONE', #5333, 1000.000000000000000 ) ;
#9540 = EDGE_CURVE ( 'NONE', #7457, #4440, #7508, .T. ) ;
#9541 = ORIENTED_EDGE ( 'NONE', *, *, #7191, .F. ) ;
#9542 = DIRECTION ( 'NONE',  ( -0.000000000000000000, 0.000000000000000000, 1.000000000000000000 ) ) ;
#9543 = PRODUCT_DEFINITION_FORMATION_WITH_SPECIFIED_SOURCE ( 'ANY', '', #9651, .NOT_KNOWN. ) ;
#9544 = FILL_AREA_STYLE_COLOUR ( '', #1940 ) ;
#9545 = ORIENTED_EDGE ( 'NONE', *, *, #6331, .T. ) ;
#9546 = DIRECTION ( 'NONE',  ( 0.000000000000000000, -1.000000000000000000, 2.710505431213761393E-17 ) ) ;
#9547 = EDGE_LOOP ( 'NONE', ( #3835, #7576, #2916, #5331 ) ) ;
#9548 = PLANE ( 'NONE',  #2166 ) ;
#9549 = VERTEX_POINT ( 'NONE', #111 ) ;
#9550 = ORIENTED_EDGE ( 'NONE', *, *, #166, .F. ) ;
#9551 = PLANE ( 'NONE',  #5285 ) ;
#9552 = DIRECTION ( 'NONE',  ( 0.000000000000000000, 8.642948658383688297E-16, 1.000000000000000000 ) ) ;
#9553 = CARTESIAN_POINT ( 'NONE',  ( -1.125000000000000888, 3.399999999999999911, -1.174999999999999822 ) ) ;
#9554 = CARTESIAN_POINT ( 'NONE',  ( 7.575000000000000178, 0.5999999999999999778, 1.825000000000000622 ) ) ;
#9555 = CARTESIAN_POINT ( 'NONE',  ( -1.625000000000001332, 0.6499999999999999112, -1.574999999999999512 ) ) ;
#9556 = VERTEX_POINT ( 'NONE', #160 ) ;
#9557 = CARTESIAN_POINT ( 'NONE',  ( 5.524999999999997691, 0.3500000000000009215, -1.324999999999999512 ) ) ;
#9558 = LINE ( 'NONE', #91, #7227 ) ;
#9559 = EDGE_LOOP ( 'NONE', ( #10308, #4034, #1366, #5851 ) ) ;
#9560 = CARTESIAN_POINT ( 'NONE',  ( 1.774999999999997913, 0.09999999999999999167, -0.8250000000000010658 ) ) ;
#9561 = ADVANCED_FACE ( 'NONE', ( #9157 ), #8353, .T. ) ;
#9562 = LINE ( 'NONE', #3715, #2449 ) ;
#9563 = VECTOR ( 'NONE', #107, 1000.000000000000114 ) ;
#9564 = DIRECTION ( 'NONE',  ( 1.000000000000000000, -0.000000000000000000, -0.000000000000000000 ) ) ;
#9565 = EDGE_LOOP ( 'NONE', ( #2781, #7394, #9945, #5552 ) ) ;
#9566 = ORIENTED_EDGE ( 'NONE', *, *, #7923, .F. ) ;
#9567 = LINE ( 'NONE', #2252, #10040 ) ;
#9568 = VERTEX_POINT ( 'NONE', #8200 ) ;
#9569 = CARTESIAN_POINT ( 'NONE',  ( 3.224999999999997424, 0.1792893218813486067, -1.745710678118654435 ) ) ;
#9570 = ORIENTED_EDGE ( 'NONE', *, *, #7411, .T. ) ;
#9571 = CARTESIAN_POINT ( 'NONE',  ( 7.375000000000000888, -0.1499999999999963862, 2.324999999999999734 ) ) ;
#9572 = ORIENTED_EDGE ( 'NONE', *, *, #4333, .F. ) ;
#9573 = CARTESIAN_POINT ( 'NONE',  ( 5.374999999999999112, 3.950000000000000178, 0.1750000000000000999 ) ) ;
#9574 = CARTESIAN_POINT ( 'NONE',  ( 1.774999999999999245, 1.449999999999999956, -1.174999999999999822 ) ) ;
#9575 = VERTEX_POINT ( 'NONE', #1061 ) ;
#9576 = LINE ( 'NONE', #1529, #5229 ) ;
#9577 = ADVANCED_FACE ( 'NONE', ( #6750 ), #7558, .F. ) ;
#9578 = EDGE_CURVE ( 'NONE', #1382, #4990, #2542, .T. ) ;
#9579 = CARTESIAN_POINT ( 'NONE',  ( 0.7249999999999973133, 0.3000000000000009881, -1.625000000000000666 ) ) ;
#9580 = VECTOR ( 'NONE', #10196, 1000.000000000000000 ) ;
#9581 =( NAMED_UNIT ( * ) SI_UNIT ( $, .STERADIAN. ) SOLID_ANGLE_UNIT ( ) );
#9582 = ORIENTED_EDGE ( 'NONE', *, *, #3625, .F. ) ;
#9583 = DIRECTION ( 'NONE',  ( 0.000000000000000000, 5.251604272976699179E-15, -1.000000000000000000 ) ) ;
#9584 = EDGE_LOOP ( 'NONE', ( #9415, #4065, #3048, #1393 ) ) ;
#9585 = EDGE_CURVE ( 'NONE', #826, #10206, #6649, .T. ) ;
#9586 = DIRECTION ( 'NONE',  ( -1.000000000000000000, -0.000000000000000000, 0.000000000000000000 ) ) ;
#9587 = DIRECTION ( 'NONE',  ( -0.000000000000000000, 0.000000000000000000, 1.000000000000000000 ) ) ;
#9588 = VECTOR ( 'NONE', #5806, 1000.000000000000000 ) ;
#9589 = LINE ( 'NONE', #7921, #4083 ) ;
#9590 = ORIENTED_EDGE ( 'NONE', *, *, #5642, .T. ) ;
#9591 = VECTOR ( 'NONE', #6072, 1000.000000000000000 ) ;
#9592 = AXIS2_PLACEMENT_3D ( 'NONE', #1916, #6831, #942 ) ;
#9593 = EDGE_CURVE ( 'NONE', #3512, #8973, #1104, .T. ) ;
#9594 = ORIENTED_EDGE ( 'NONE', *, *, #1047, .T. ) ;
#9595 = DIRECTION ( 'NONE',  ( 0.000000000000000000, 1.000000000000000000, 0.000000000000000000 ) ) ;
#9596 = VECTOR ( 'NONE', #1595, 1000.000000000000000 ) ;
#9597 = CARTESIAN_POINT ( 'NONE',  ( 0.7249999999999973133, 0.1000000000000020872, -1.224999999999998312 ) ) ;
#9598 = EDGE_CURVE ( 'NONE', #9556, #2102, #1752, .T. ) ;
#9599 = CARTESIAN_POINT ( 'NONE',  ( 4.031793621149188489, 3.450000000000001510, 1.870248747537497357E-14 ) ) ;
#9600 = ORIENTED_EDGE ( 'NONE', *, *, #7378, .T. ) ;
#9601 = CARTESIAN_POINT ( 'NONE',  ( 4.274999999999997691, 0.1500000000000032419, -2.474999999999999645 ) ) ;
#9602 = ADVANCED_FACE ( 'NONE', ( #9923 ), #1700, .F. ) ;
#9603 = EDGE_LOOP ( 'NONE', ( #8430, #7689, #153, #10432, #8001, #1112 ) ) ;
#9604 = VECTOR ( 'NONE', #8119, 1000.000000000000000 ) ;
#9605 = DIRECTION ( 'NONE',  ( 0.000000000000000000, 0.7071067811865431318, 0.7071067811865517916 ) ) ;
#9606 = ORIENTED_EDGE ( 'NONE', *, *, #2217, .F. ) ;
#9607 = VERTEX_POINT ( 'NONE', #7410 ) ;
#9608 = CARTESIAN_POINT ( 'NONE',  ( -1.625000000000001332, 0.000000000000000000, -0.8249999999999997335 ) ) ;
#9609 = FILL_AREA_STYLE_COLOUR ( '', #7856 ) ;
#9610 = PLANE ( 'NONE',  #9068 ) ;
#9611 = VECTOR ( 'NONE', #6146, 1000.000000000000000 ) ;
#9612 = DIRECTION ( 'NONE',  ( -0.000000000000000000, -0.000000000000000000, -1.000000000000000000 ) ) ;
#9613 = LINE ( 'NONE', #1451, #7878 ) ;
#9614 = VECTOR ( 'NONE', #8083, 1000.000000000000114 ) ;
#9615 = VERTEX_POINT ( 'NONE', #3326 ) ;
#9616 = LINE ( 'NONE', #4113, #251 ) ;
#9617 = CARTESIAN_POINT ( 'NONE',  ( -1.625000000000001332, 1.800000000000000044, -1.774999999999999689 ) ) ;
#9618 = VERTEX_POINT ( 'NONE', #2591 ) ;
#9619 = CARTESIAN_POINT ( 'NONE',  ( 7.781793621149187601, 1.577500000000001235, -1.577499999999999902 ) ) ;
#9620 = PLANE ( 'NONE',  #9114 ) ;
#9621 = CARTESIAN_POINT ( 'NONE',  ( 7.575000000000000178, 1.899999999999999911, 1.825000000000000622 ) ) ;
#9622 = ORIENTED_EDGE ( 'NONE', *, *, #8673, .F. ) ;
#9623 = ORIENTED_EDGE ( 'NONE', *, *, #3128, .F. ) ;
#9624 = CARTESIAN_POINT ( 'NONE',  ( 0.3750000000000012212, 4.049999999999999822, 0.2749999999999995226 ) ) ;
#9625 = ORIENTED_EDGE ( 'NONE', *, *, #3185, .T. ) ;
#9626 = CARTESIAN_POINT ( 'NONE',  ( 5.724999999999998757, 4.049999999999999822, -1.224999999999999645 ) ) ;
#9627 = LINE ( 'NONE', #9517, #2908 ) ;
#9628 = CARTESIAN_POINT ( 'NONE',  ( 3.224999999999998312, 1.449999999999999956, -0.7749999999999999112 ) ) ;
#9629 = EDGE_CURVE ( 'NONE', #4820, #994, #1012, .T. ) ;
#9630 = DIRECTION ( 'NONE',  ( 0.000000000000000000, 1.000000000000000000, 0.000000000000000000 ) ) ;
#9631 = ORIENTED_EDGE ( 'NONE', *, *, #9977, .T. ) ;
#9632 = FACE_OUTER_BOUND ( 'NONE', #4253, .T. ) ;
#9633 = PLANE ( 'NONE',  #7040 ) ;
#9634 = ORIENTED_EDGE ( 'NONE', *, *, #1045, .F. ) ;
#9635 = CARTESIAN_POINT ( 'NONE',  ( 1.774999999999999245, 1.199999999999999734, 0.1750000000000000722 ) ) ;
#9636 = LINE ( 'NONE', #4864, #8852 ) ;
#9637 = EDGE_CURVE ( 'NONE', #5767, #50, #460, .T. ) ;
#9638 = DIRECTION ( 'NONE',  ( 0.000000000000000000, 0.000000000000000000, -1.000000000000000000 ) ) ;
#9639 = ORIENTED_EDGE ( 'NONE', *, *, #5571, .F. ) ;
#9640 = DIRECTION ( 'NONE',  ( -1.000000000000000000, -0.000000000000000000, 0.000000000000000000 ) ) ;
#9641 = EDGE_CURVE ( 'NONE', #2181, #1515, #6942, .T. ) ;
#9642 = FACE_OUTER_BOUND ( 'NONE', #8754, .T. ) ;
#9643 = CARTESIAN_POINT ( 'NONE',  ( 0.7249999999999973133, -0.04999999999999567291, -2.474999999999999645 ) ) ;
#9644 = ORIENTED_EDGE ( 'NONE', *, *, #2692, .F. ) ;
#9645 = ORIENTED_EDGE ( 'NONE', *, *, #10290, .T. ) ;
#9646 = DIRECTION ( 'NONE',  ( 0.000000000000000000, -0.000000000000000000, 1.000000000000000000 ) ) ;
#9647 = CARTESIAN_POINT ( 'NONE',  ( 7.375000000000000888, -0.1499999999999963862, 0.3749999999999942268 ) ) ;
#9648 = UNCERTAINTY_MEASURE_WITH_UNIT (LENGTH_MEASURE( 1.000000000000000082E-05 ), #6872, 'distance_accuracy_value', 'NONE');
#9649 = CARTESIAN_POINT ( 'NONE',  ( 7.375000000000000000, 3.950000000000000178, -1.374999999999997558 ) ) ;
#9650 = ORIENTED_EDGE ( 'NONE', *, *, #4090, .F. ) ;
#9651 = PRODUCT ( 'BMxxB-GHS-TBT_05', 'BMxxB-GHS-TBT_05', '', ( #3370 ) ) ;
#9652 = VECTOR ( 'NONE', #6282, 1000.000000000000000 ) ;
#9653 = EDGE_CURVE ( 'NONE', #6676, #1802, #5211, .T. ) ;
#9654 = ORIENTED_EDGE ( 'NONE', *, *, #10123, .T. ) ;
#9655 = LINE ( 'NONE', #5576, #829 ) ;
#9656 = EDGE_CURVE ( 'NONE', #6568, #9383, #8498, .T. ) ;
#9657 = VECTOR ( 'NONE', #4791, 1000.000000000000114 ) ;
#9658 = CARTESIAN_POINT ( 'NONE',  ( 0.5249999999999985789, 1.449999999999999956, 0.3750000000000000000 ) ) ;
#9659 = DIRECTION ( 'NONE',  ( -4.353108952907898122E-16, -0.9284766908852604139, 0.3713906763541011125 ) ) ;
#9660 = EDGE_CURVE ( 'NONE', #1802, #7859, #1244, .T. ) ;
#9661 = ORIENTED_EDGE ( 'NONE', *, *, #6707, .F. ) ;
#9662 = LINE ( 'NONE', #4888, #819 ) ;
#9663 = VECTOR ( 'NONE', #9269, 1000.000000000000000 ) ;
#9664 = ORIENTED_EDGE ( 'NONE', *, *, #4049, .T. ) ;
#9665 = CARTESIAN_POINT ( 'NONE',  ( 1.974999999999997646, -0.1499999999999963862, -2.374999999999999112 ) ) ;
#9666 = ORIENTED_EDGE ( 'NONE', *, *, #1320, .T. ) ;
#9667 = EDGE_CURVE ( 'NONE', #4145, #8666, #7688, .T. ) ;
#9668 = VECTOR ( 'NONE', #902, 1000.000000000000000 ) ;
#9669 = DIRECTION ( 'NONE',  ( -1.000000000000000000, 0.000000000000000000, -1.807003620809174632E-16 ) ) ;
#9670 = ORIENTED_EDGE ( 'NONE', *, *, #5250, .F. ) ;
#9671 = DIRECTION ( 'NONE',  ( 0.000000000000000000, 0.000000000000000000, 1.000000000000000000 ) ) ;
#9672 = CARTESIAN_POINT ( 'NONE',  ( 4.624999999999998224, 2.575000000000000178, -1.200000000000000400 ) ) ;
#9673 = CARTESIAN_POINT ( 'NONE',  ( 3.024999999999998579, 1.449999999999999956, -0.7749999999999999112 ) ) ;
#9674 = DIRECTION ( 'NONE',  ( 0.000000000000000000, -8.642948658383689284E-16, -1.000000000000000000 ) ) ;
#9675 = CARTESIAN_POINT ( 'NONE',  ( 7.575000000000000178, 0.5999999999999999778, 0.2250000000000008105 ) ) ;
#9676 = EDGE_LOOP ( 'NONE', ( #5212, #3840, #7894, #3364 ) ) ;
#9677 = FACE_OUTER_BOUND ( 'NONE', #3212, .T. ) ;
#9678 = CARTESIAN_POINT ( 'NONE',  ( 3.024999999999999023, 1.449999999999999956, 0.3750000000000000000 ) ) ;
#9679 = ORIENTED_EDGE ( 'NONE', *, *, #581, .F. ) ;
#9680 = DIRECTION ( 'NONE',  ( 0.000000000000000000, -0.7071067811865472397, -0.7071067811865479058 ) ) ;
#9681 = VECTOR ( 'NONE', #1742, 1000.000000000000000 ) ;
#9682 = DIRECTION ( 'NONE',  ( 0.000000000000000000, 0.7071067811865476838, 0.7071067811865474617 ) ) ;
#9683 = DIRECTION ( 'NONE',  ( -1.000000000000000000, 0.000000000000000000, 0.000000000000000000 ) ) ;
#9684 = ORIENTED_EDGE ( 'NONE', *, *, #5305, .F. ) ;
#9685 = ORIENTED_EDGE ( 'NONE', *, *, #6844, .T. ) ;
#9686 = DIRECTION ( 'NONE',  ( 0.000000000000000000, 0.7071067811865431318, 0.7071067811865519026 ) ) ;
#9687 = ORIENTED_EDGE ( 'NONE', *, *, #9932, .F. ) ;
#9688 =( NAMED_UNIT ( * ) PLANE_ANGLE_UNIT ( ) SI_UNIT ( $, .RADIAN. ) );
#9689 = CARTESIAN_POINT ( 'NONE',  ( 5.874999999999997335, 2.575000000000000178, -1.200000000000000178 ) ) ;
#9690 = LINE ( 'NONE', #8889, #3585 ) ;
#9691 = VECTOR ( 'NONE', #2614, 1000.000000000000000 ) ;
#9692 = DIRECTION ( 'NONE',  ( 0.000000000000000000, -4.336808689942002452E-16, 1.000000000000000000 ) ) ;
#9693 = PLANE ( 'NONE',  #8355 ) ;
#9694 = CARTESIAN_POINT ( 'NONE',  ( 1.774999999999997913, 0.2500000000000037748, -1.816421356237308826 ) ) ;
#9695 = ORIENTED_EDGE ( 'NONE', *, *, #1594, .T. ) ;
#9696 = CARTESIAN_POINT ( 'NONE',  ( 11.25000000000000000, 2.899999999999996803, -0.7749999999999999112 ) ) ;
#9697 = VECTOR ( 'NONE', #9209, 1000.000000000000000 ) ;
#9698 = CARTESIAN_POINT ( 'NONE',  ( 7.774999999999999467, 2.349999999999999645, 1.675000000000000266 ) ) ;
#9699 = VERTEX_POINT ( 'NONE', #2875 ) ;
#9700 = CARTESIAN_POINT ( 'NONE',  ( -1.325000000000001510, 0.000000000000000000, 0.000000000000000000 ) ) ;
#9701 = FACE_OUTER_BOUND ( 'NONE', #4537, .T. ) ;
#9702 = PLANE ( 'NONE',  #10341 ) ;
#9703 = VERTEX_POINT ( 'NONE', #2925 ) ;
#9704 = CARTESIAN_POINT ( 'NONE',  ( -1.224999999999999423, 1.800000000000000044, -1.274999999999999245 ) ) ;
#9705 = VECTOR ( 'NONE', #5009, 1000.000000000000000 ) ;
#9706 = LINE ( 'NONE', #2392, #7329 ) ;
#9707 = ADVANCED_FACE ( 'NONE', ( #2136 ), #2735, .T. ) ;
#9708 = PLANE ( 'NONE',  #2396 ) ;
#9709 = ORIENTED_EDGE ( 'NONE', *, *, #8922, .F. ) ;
#9710 = EDGE_CURVE ( 'NONE', #5462, #2198, #8599, .T. ) ;
#9711 = EDGE_CURVE ( 'NONE', #6103, #7453, #6849, .T. ) ;
#9712 = AXIS2_PLACEMENT_3D ( 'NONE', #6711, #224, #5082 ) ;
#9713 = ORIENTED_EDGE ( 'NONE', *, *, #280, .F. ) ;
#9714 = DIRECTION ( 'NONE',  ( 2.358912948743652103E-16, 0.7071067811865474617, -0.7071067811865474617 ) ) ;
#9715 = FACE_OUTER_BOUND ( 'NONE', #7588, .T. ) ;
#9716 = DIRECTION ( 'NONE',  ( 0.000000000000000000, 0.7071067811865431318, 0.7071067811865519026 ) ) ;
#9717 = ORIENTED_EDGE ( 'NONE', *, *, #4036, .F. ) ;
#9718 = CARTESIAN_POINT ( 'NONE',  ( 5.724999999999998757, 3.950000000000000178, -1.174999999999999822 ) ) ;
#9719 = ADVANCED_FACE ( 'NONE', ( #3619 ), #5262, .T. ) ;
#9720 = VECTOR ( 'NONE', #8337, 1000.000000000000000 ) ;
#9721 = ORIENTED_EDGE ( 'NONE', *, *, #9660, .T. ) ;
#9722 = VECTOR ( 'NONE', #8197, 1000.000000000000000 ) ;
#9723 = EDGE_CURVE ( 'NONE', #3814, #7855, #5361, .T. ) ;
#9724 = ADVANCED_FACE ( 'NONE', ( #9248 ), #1979, .F. ) ;
#9725 = DIRECTION ( 'NONE',  ( -1.000000000000000000, -0.000000000000000000, -0.000000000000000000 ) ) ;
#9726 = ORIENTED_EDGE ( 'NONE', *, *, #5841, .T. ) ;
#9727 = CARTESIAN_POINT ( 'NONE',  ( 1.774999999999999245, 1.449999999999999956, -1.224999999999999645 ) ) ;
#9728 = AXIS2_PLACEMENT_3D ( 'NONE', #9404, #3621, #1463 ) ;
#9729 = ORIENTED_EDGE ( 'NONE', *, *, #8519, .F. ) ;
#9730 = DIRECTION ( 'NONE',  ( -1.000000000000000000, 0.000000000000000000, 0.000000000000000000 ) ) ;
#9731 = PLANE ( 'NONE',  #7472 ) ;
#9732 = DIRECTION ( 'NONE',  ( 0.000000000000000000, -1.000000000000000000, -2.456395547037470490E-16 ) ) ;
#9733 = LINE ( 'NONE', #3253, #10329 ) ;
#9734 = CARTESIAN_POINT ( 'NONE',  ( -0.7249999999999965361, 1.800000000000000044, -1.774999999999999689 ) ) ;
#9735 = DIRECTION ( 'NONE',  ( 0.000000000000000000, 0.000000000000000000, -1.000000000000000000 ) ) ;
#9736 = CARTESIAN_POINT ( 'NONE',  ( 0.7249999999999982014, 1.449999999999999956, -0.7749999999999999112 ) ) ;
#9737 = ORIENTED_EDGE ( 'NONE', *, *, #9710, .F. ) ;
#9738 = DIRECTION ( 'NONE',  ( -0.000000000000000000, -0.000000000000000000, 1.000000000000000000 ) ) ;
#9739 = EDGE_LOOP ( 'NONE', ( #2743, #7044, #7305, #2433 ) ) ;
#9740 = LINE ( 'NONE', #4118, #6797 ) ;
#9741 = ORIENTED_EDGE ( 'NONE', *, *, #8536, .F. ) ;
#9742 = EDGE_CURVE ( 'NONE', #5452, #1359, #5314, .T. ) ;
#9743 = PLANE ( 'NONE',  #8803 ) ;
#9744 = ORIENTED_EDGE ( 'NONE', *, *, #5083, .T. ) ;
#9745 = SURFACE_STYLE_FILL_AREA ( #904 ) ;
#9746 = DIRECTION ( 'NONE',  ( 0.000000000000000000, 0.000000000000000000, 1.000000000000000000 ) ) ;
#9747 = EDGE_LOOP ( 'NONE', ( #568, #1551, #3845, #8862 ) ) ;
#9748 = LINE ( 'NONE', #5722, #7376 ) ;
#9749 = DIRECTION ( 'NONE',  ( -1.000000000000000000, -0.000000000000000000, -0.000000000000000000 ) ) ;
#9750 = CARTESIAN_POINT ( 'NONE',  ( 7.500000000000000000, 0.000000000000000000, -0.7749999999999999112 ) ) ;
#9751 = LINE ( 'NONE', #8892, #5148 ) ;
#9752 = ORIENTED_EDGE ( 'NONE', *, *, #7874, .F. ) ;
#9753 = ADVANCED_FACE ( 'NONE', ( #4519 ), #6074, .F. ) ;
#9754 = DIRECTION ( 'NONE',  ( 0.000000000000000000, 0.000000000000000000, -1.000000000000000000 ) ) ;
#9755 = VECTOR ( 'NONE', #3879, 1000.000000000000000 ) ;
#9756 = LINE ( 'NONE', #8956, #3507 ) ;
#9757 = CARTESIAN_POINT ( 'NONE',  ( 7.275000000000000355, 1.899999999999999689, 2.475000000000000089 ) ) ;
#9758 = VERTEX_POINT ( 'NONE', #3714 ) ;
#9759 = DIRECTION ( 'NONE',  ( 0.000000000000000000, 0.000000000000000000, 1.000000000000000000 ) ) ;
#9760 = CARTESIAN_POINT ( 'NONE',  ( 7.275000000000000355, 4.049999999999999822, 0.2749999999999996336 ) ) ;
#9761 = DIRECTION ( 'NONE',  ( -1.000000000000000000, -0.000000000000000000, -0.000000000000000000 ) ) ;
#9762 = VECTOR ( 'NONE', #453, 1000.000000000000000 ) ;
#9763 = VECTOR ( 'NONE', #7908, 1000.000000000000000 ) ;
#9764 = ORIENTED_EDGE ( 'NONE', *, *, #3846, .T. ) ;
#9765 = AXIS2_PLACEMENT_3D ( 'NONE', #5934, #3531, #9214 ) ;
#9766 = ORIENTED_EDGE ( 'NONE', *, *, #6378, .T. ) ;
#9767 = DIRECTION ( 'NONE',  ( 0.000000000000000000, -1.000000000000000000, -3.252606517456514091E-15 ) ) ;
#9768 = CARTESIAN_POINT ( 'NONE',  ( -6.875000000000000000, -13.83708784390703705, 0.3750000000000001110 ) ) ;
#9769 = ORIENTED_EDGE ( 'NONE', *, *, #5264, .F. ) ;
#9770 = VECTOR ( 'NONE', #7401, 1000.000000000000000 ) ;
#9771 = VERTEX_POINT ( 'NONE', #512 ) ;
#9772 = DIRECTION ( 'NONE',  ( 1.000000000000000000, 0.000000000000000000, 0.000000000000000000 ) ) ;
#9773 = ORIENTED_EDGE ( 'NONE', *, *, #4185, .F. ) ;
#9774 = EDGE_CURVE ( 'NONE', #6041, #5838, #6988, .T. ) ;
#9775 = CARTESIAN_POINT ( 'NONE',  ( 3.224999999999997424, -0.04999999999999568678, -2.474999999999999645 ) ) ;
#9776 = PRESENTATION_STYLE_ASSIGNMENT (( #5087 ) ) ;
#9777 = ORIENTED_EDGE ( 'NONE', *, *, #4092, .F. ) ;
#9778 = PLANE ( 'NONE',  #5729 ) ;
#9779 = VERTEX_POINT ( 'NONE', #7839 ) ;
#9780 = AXIS2_PLACEMENT_3D ( 'NONE', #797, #9630, #3954 ) ;
#9781 = DIRECTION ( 'NONE',  ( 1.000000000000000000, 0.000000000000000000, 4.336808689942021680E-16 ) ) ;
#9782 = ADVANCED_FACE ( 'NONE', ( #10071 ), #563, .F. ) ;
#9783 = ORIENTED_EDGE ( 'NONE', *, *, #3747, .T. ) ;
#9784 = VECTOR ( 'NONE', #39, 1000.000000000000114 ) ;
#9785 = CARTESIAN_POINT ( 'NONE',  ( 1.774999999999998801, 1.199999999999999734, 0.1750000000000000722 ) ) ;
#9786 = EDGE_LOOP ( 'NONE', ( #10527, #4704, #2071, #5185 ) ) ;
#9787 = FACE_OUTER_BOUND ( 'NONE', #8148, .T. ) ;
#9788 = VERTEX_POINT ( 'NONE', #2302 ) ;
#9789 = EDGE_CURVE ( 'NONE', #2291, #8672, #732, .T. ) ;
#9790 = LINE ( 'NONE', #5001, #2741 ) ;
#9791 = CARTESIAN_POINT ( 'NONE',  ( 5.874999999999997335, 3.950000000000000178, 0.1750000000000000999 ) ) ;
#9792 = LINE ( 'NONE', #7581, #2095 ) ;
#9793 = ORIENTED_EDGE ( 'NONE', *, *, #6090, .T. ) ;
#9794 = LINE ( 'NONE', #9848, #1423 ) ;
#9795 = DIRECTION ( 'NONE',  ( 1.000000000000000000, 0.000000000000000000, -0.000000000000000000 ) ) ;
#9796 = STYLED_ITEM ( 'NONE', ( #6819 ), #1171 ) ;
#9797 = ORIENTED_EDGE ( 'NONE', *, *, #1213, .T. ) ;
#9798 = FACE_OUTER_BOUND ( 'NONE', #2189, .T. ) ;
#9799 = PRESENTATION_LAYER_ASSIGNMENT (  '', '', ( #8415 ) ) ;
#9800 = CLOSED_SHELL ( 'NONE', ( #8011, #4459, #6955, #3567, #1370, #1413, #5347, #2604, #6223, #3276, #6785, #6091, #1662, #2799, #9806 ) ) ;
#9801 = ORIENTED_EDGE ( 'NONE', *, *, #1243, .F. ) ;
#9802 = DIRECTION ( 'NONE',  ( -0.000000000000000000, -0.000000000000000000, 1.000000000000000000 ) ) ;
#9803 = CARTESIAN_POINT ( 'NONE',  ( 1.974999999999998535, 1.449999999999999956, -0.7749999999999999112 ) ) ;
#9804 = ORIENTED_EDGE ( 'NONE', *, *, #7526, .F. ) ;
#9805 = COLOUR_RGB ( '',0.7960784313725489669, 0.8235294117647058432, 0.9372549019607843146 ) ;
#9806 = ADVANCED_FACE ( 'NONE', ( #3943 ), #8878, .T. ) ;
#9807 = CARTESIAN_POINT ( 'NONE',  ( 5.524999999999997691, -0.1499999999999963862, -1.474999999999999645 ) ) ;
#9808 = ORIENTED_EDGE ( 'NONE', *, *, #9993, .T. ) ;
#9809 = CARTESIAN_POINT ( 'NONE',  ( 5.874999999999997335, 4.049999999999999822, 0.4749999999999995337 ) ) ;
#9810 = LINE ( 'NONE', #7450, #2432 ) ;
#9811 = DIRECTION ( 'NONE',  ( 0.000000000000000000, -4.336808689942002452E-16, 1.000000000000000000 ) ) ;
#9812 = AXIS2_PLACEMENT_3D ( 'NONE', #7349, #8135, #4697 ) ;
#9813 = CARTESIAN_POINT ( 'NONE',  ( 7.375000000000000000, 1.800000000000000044, -1.175000000000000044 ) ) ;
#9814 = FACE_OUTER_BOUND ( 'NONE', #5028, .T. ) ;
#9815 = EDGE_CURVE ( 'NONE', #7135, #8302, #3206, .T. ) ;
#9816 = DIRECTION ( 'NONE',  ( 1.000000000000000000, 0.000000000000000000, 0.000000000000000000 ) ) ;
#9817 = EDGE_LOOP ( 'NONE', ( #5486, #3437, #10, #6658 ) ) ;
#9818 = DIRECTION ( 'NONE',  ( 0.000000000000000000, -1.000000000000000000, 0.000000000000000000 ) ) ;
#9819 = EDGE_CURVE ( 'NONE', #7283, #1553, #2419, .T. ) ;
#9820 = PLANE ( 'NONE',  #5741 ) ;
#9821 = SURFACE_STYLE_USAGE ( .BOTH. , #3384 ) ;
#9822 = CARTESIAN_POINT ( 'NONE',  ( -1.125000000000001776, 0.000000000000000000, 2.475000000000000089 ) ) ;
#9823 = ADVANCED_FACE ( 'NONE', ( #6232 ), #3888, .F. ) ;
#9824 = DIRECTION ( 'NONE',  ( -1.000000000000000000, 0.000000000000000000, 1.807003620809174632E-16 ) ) ;
#9825 = FACE_OUTER_BOUND ( 'NONE', #4075, .T. ) ;
#9826 = ORIENTED_EDGE ( 'NONE', *, *, #10355, .F. ) ;
#9827 = VERTEX_POINT ( 'NONE', #8764 ) ;
#9828 = CARTESIAN_POINT ( 'NONE',  ( 7.575000000000000178, 0.000000000000000000, 0.2250000000000008105 ) ) ;
#9829 = FACE_OUTER_BOUND ( 'NONE', #9343, .T. ) ;
#9830 = VERTEX_POINT ( 'NONE', #5655 ) ;
#9831 = VERTEX_POINT ( 'NONE', #9508 ) ;
#9832 = CARTESIAN_POINT ( 'NONE',  ( 3.224999999999997868, 4.049999999999999822, 0.2749999999999994671 ) ) ;
#9833 = LINE ( 'NONE', #73, #4687 ) ;
#9834 = ORIENTED_EDGE ( 'NONE', *, *, #6375, .F. ) ;
#9835 = FACE_OUTER_BOUND ( 'NONE', #6276, .T. ) ;
#9836 = ORIENTED_EDGE ( 'NONE', *, *, #8068, .F. ) ;
#9837 = VECTOR ( 'NONE', #7595, 1000.000000000000000 ) ;
#9838 = DIRECTION ( 'NONE',  ( 1.000000000000000000, 0.000000000000000000, 0.000000000000000000 ) ) ;
#9839 = ORIENTED_EDGE ( 'NONE', *, *, #5714, .T. ) ;
#9840 = CARTESIAN_POINT ( 'NONE',  ( 5.524999999999998579, 3.050000000000000266, -0.02500000000000021302 ) ) ;
#9841 = EDGE_LOOP ( 'NONE', ( #2732, #2634, #7473, #10130 ) ) ;
#9842 = CARTESIAN_POINT ( 'NONE',  ( -6.875000000000000000, 3.950000000000000178, 0.3750000000000001110 ) ) ;
#9843 = LINE ( 'NONE', #7534, #1387 ) ;
#9844 = VECTOR ( 'NONE', #1610, 1000.000000000000000 ) ;
#9845 = DIRECTION ( 'NONE',  ( 0.000000000000000000, -1.000000000000000000, 0.000000000000000000 ) ) ;
#9846 = AXIS2_PLACEMENT_3D ( 'NONE', #8746, #10402, #2288 ) ;
#9847 = ORIENTED_EDGE ( 'NONE', *, *, #4010, .F. ) ;
#9848 = CARTESIAN_POINT ( 'NONE',  ( 3.224999999999997868, 1.449999999999999956, 0.1750000000000000722 ) ) ;
#9849 = CARTESIAN_POINT ( 'NONE',  ( 4.274999999999998579, 3.299999999999999822, -0.7749999999999999112 ) ) ;
#9850 = ORIENTED_EDGE ( 'NONE', *, *, #7950, .T. ) ;
#9851 = CARTESIAN_POINT ( 'NONE',  ( 4.274999999999997691, -0.1499999999999963862, -1.474999999999999645 ) ) ;
#9852 = ADVANCED_FACE ( 'NONE', ( #2365 ), #7158, .T. ) ;
#9853 = VERTEX_POINT ( 'NONE', #7213 ) ;
#9854 = VECTOR ( 'NONE', #2607, 1000.000000000000000 ) ;
#9855 = CARTESIAN_POINT ( 'NONE',  ( -8.125000000000000000, 3.950000000000000178, 0.3750000000000001110 ) ) ;
#9856 = EDGE_CURVE ( 'NONE', #421, #3410, #10418, .T. ) ;
#9857 = ADVANCED_FACE ( 'NONE', ( #8932 ), #8121, .T. ) ;
#9858 = VECTOR ( 'NONE', #2712, 1000.000000000000114 ) ;
#9859 = DIRECTION ( 'NONE',  ( 0.7071067811865475727, -0.7071067811865475727, 0.000000000000000000 ) ) ;
#9860 = ORIENTED_EDGE ( 'NONE', *, *, #8512, .T. ) ;
#9861 = DIRECTION ( 'NONE',  ( 0.000000000000000000, 0.000000000000000000, -1.000000000000000000 ) ) ;
#9862 = VERTEX_POINT ( 'NONE', #3091 ) ;
#9863 =( NAMED_UNIT ( * ) PLANE_ANGLE_UNIT ( ) SI_UNIT ( $, .RADIAN. ) );
#9864 = CYLINDRICAL_SURFACE ( 'NONE', #7008, 0.1000000000000000472 ) ;
#9865 = ORIENTED_EDGE ( 'NONE', *, *, #1257, .T. ) ;
#9866 = CARTESIAN_POINT ( 'NONE',  ( 3.024999999999999911, 3.950000000000000178, -1.174999999999999822 ) ) ;
#9867 = VECTOR ( 'NONE', #1597, 999.9999999999998863 ) ;
#9868 = CARTESIAN_POINT ( 'NONE',  ( 3.224999999999997424, 3.050000000000000266, -0.1049999999999996214 ) ) ;
#9869 = DIRECTION ( 'NONE',  ( 1.000000000000000000, 0.000000000000000000, 0.000000000000000000 ) ) ;
#9870 = ORIENTED_EDGE ( 'NONE', *, *, #3484, .T. ) ;
#9871 = VECTOR ( 'NONE', #2115, 1000.000000000000000 ) ;
#9872 = CARTESIAN_POINT ( 'NONE',  ( 4.274999999999999467, 1.449999999999999956, -1.224999999999999645 ) ) ;
#9873 = VECTOR ( 'NONE', #4586, 1000.000000000000000 ) ;
#9874 = ADVANCED_FACE ( 'NONE', ( #1629 ), #6347, .F. ) ;
#9875 = VECTOR ( 'NONE', #9284, 1000.000000000000000 ) ;
#9876 = LINE ( 'NONE', #8203, #2700 ) ;
#9877 = ORIENTED_EDGE ( 'NONE', *, *, #7858, .T. ) ;
#9878 = DIRECTION ( 'NONE',  ( 0.000000000000000000, 0.000000000000000000, -1.000000000000000000 ) ) ;
#9879 = FACE_OUTER_BOUND ( 'NONE', #6250, .T. ) ;
#9880 = VERTEX_POINT ( 'NONE', #5598 ) ;
#9881 = EDGE_LOOP ( 'NONE', ( #6562, #2520, #6436, #5818 ) ) ;
#9882 = CARTESIAN_POINT ( 'NONE',  ( -1.625000000000001332, 2.349999999999999645, 1.675000000000000266 ) ) ;
#9883 = COLOUR_RGB ( '',0.7960784313725489669, 0.8235294117647058432, 0.9372549019607843146 ) ;
#9884 = ORIENTED_EDGE ( 'NONE', *, *, #6308, .F. ) ;
#9885 = EDGE_CURVE ( 'NONE', #6868, #6038, #4629, .T. ) ;
#9886 = EDGE_LOOP ( 'NONE', ( #8207, #4156, #1493, #9116 ) ) ;
#9887 = EDGE_CURVE ( 'NONE', #8164, #1204, #1568, .T. ) ;
#9888 = VECTOR ( 'NONE', #2145, 1000.000000000000000 ) ;
#9889 = VECTOR ( 'NONE', #3007, 1000.000000000000000 ) ;
#9890 = LINE ( 'NONE', #9672, #9657 ) ;
#9891 = CARTESIAN_POINT ( 'NONE',  ( -7.875000000000000000, 0.000000000000000000, -0.8249999999999997335 ) ) ;
#9892 = FILL_AREA_STYLE ('',( #6565 ) ) ;
#9893 = DIRECTION ( 'NONE',  ( -1.000000000000000000, 0.000000000000000000, 0.000000000000000000 ) ) ;
#9894 = ORIENTED_EDGE ( 'NONE', *, *, #1584, .F. ) ;
#9895 = DIRECTION ( 'NONE',  ( 1.000000000000000000, 0.000000000000000000, 0.000000000000000000 ) ) ;
#9896 = EDGE_CURVE ( 'NONE', #4642, #445, #10312, .T. ) ;
#9897 = ORIENTED_EDGE ( 'NONE', *, *, #5345, .T. ) ;
#9898 = AXIS2_PLACEMENT_3D ( 'NONE', #694, #3906, #855 ) ;
#9899 = CARTESIAN_POINT ( 'NONE',  ( 5.524999999999998579, 1.449999999999999956, -1.224999999999999645 ) ) ;
#9900 = ORIENTED_EDGE ( 'NONE', *, *, #2052, .F. ) ;
#9901 = FACE_OUTER_BOUND ( 'NONE', #5613, .T. ) ;
#9902 = CARTESIAN_POINT ( 'NONE',  ( 3.224999999999997424, 3.449999999999999289, 0.3749999999999999445 ) ) ;
#9903 = PLANE ( 'NONE',  #5717 ) ;
#9904 = AXIS2_PLACEMENT_3D ( 'NONE', #3413, #5056, #2470 ) ;
#9905 = DIRECTION ( 'NONE',  ( 1.000000000000000000, 0.000000000000000000, 0.000000000000000000 ) ) ;
#9906 = VERTEX_POINT ( 'NONE', #1402 ) ;
#9907 = DIRECTION ( 'NONE',  ( 1.000000000000000000, 0.000000000000000000, 0.000000000000000000 ) ) ;
#9908 = ORIENTED_EDGE ( 'NONE', *, *, #9443, .F. ) ;
#9909 = CARTESIAN_POINT ( 'NONE',  ( -1.625000000000001332, 4.049999999999999822, 1.675000000000000266 ) ) ;
#9910 = ORIENTED_EDGE ( 'NONE', *, *, #5291, .T. ) ;
#9911 = LINE ( 'NONE', #949, #1519 ) ;
#9912 = LINE ( 'NONE', #998, #4037 ) ;
#9913 = ORIENTED_EDGE ( 'NONE', *, *, #7465, .T. ) ;
#9914 = CARTESIAN_POINT ( 'NONE',  ( 7.875000000000000000, 0.5999999999999999778, 1.825000000000000622 ) ) ;
#9915 = VERTEX_POINT ( 'NONE', #8067 ) ;
#9916 = DIRECTION ( 'NONE',  ( 0.000000000000000000, -4.336808689942002452E-16, 1.000000000000000000 ) ) ;
#9917 = SURFACE_SIDE_STYLE ('',( #6744 ) ) ;
#9918 = CARTESIAN_POINT ( 'NONE',  ( 1.974999999999997646, -0.1499999999999963862, -1.474999999999999645 ) ) ;
#9919 = PLANE ( 'NONE',  #5195 ) ;
#9920 = LINE ( 'NONE', #2588, #5853 ) ;
#9921 = EDGE_CURVE ( 'NONE', #8084, #6193, #787, .T. ) ;
#9922 = ORIENTED_EDGE ( 'NONE', *, *, #3758, .T. ) ;
#9923 = FACE_OUTER_BOUND ( 'NONE', #3011, .T. ) ;
#9924 = DIRECTION ( 'NONE',  ( -1.000000000000000000, -0.000000000000000000, -0.000000000000000000 ) ) ;
#9925 = CARTESIAN_POINT ( 'NONE',  ( 7.875000000000000000, 0.5999999999999999778, 1.825000000000000622 ) ) ;
#9926 = EDGE_CURVE ( 'NONE', #9416, #8352, #7895, .T. ) ;
#9927 = VERTEX_POINT ( 'NONE', #7099 ) ;
#9928 = CARTESIAN_POINT ( 'NONE',  ( 7.625000000000000000, 4.049999999999999822, 2.375000000000000444 ) ) ;
#9929 = VECTOR ( 'NONE', #3708, 1000.000000000000000 ) ;
#9930 = ORIENTED_EDGE ( 'NONE', *, *, #10007, .F. ) ;
#9931 = EDGE_CURVE ( 'NONE', #142, #2406, #5479, .T. ) ;
#9932 = EDGE_CURVE ( 'NONE', #5219, #4430, #2575, .T. ) ;
#9933 = DIRECTION ( 'NONE',  ( -1.000000000000000000, -0.000000000000000000, 0.000000000000000000 ) ) ;
#9934 = VERTEX_POINT ( 'NONE', #9909 ) ;
#9935 = ORIENTED_EDGE ( 'NONE', *, *, #10502, .T. ) ;
#9936 = CARTESIAN_POINT ( 'NONE',  ( -0.02500000000000245082, 4.049999999999999822, 0.4749999999999995337 ) ) ;
#9937 = VECTOR ( 'NONE', #2598, 1000.000000000000000 ) ;
#9938 = ADVANCED_FACE ( 'NONE', ( #5006 ), #2674, .T. ) ;
#9939 = CARTESIAN_POINT ( 'NONE',  ( -7.875000000000000000, 0.6499999999999999112, -1.574999999999999512 ) ) ;
#9940 = CARTESIAN_POINT ( 'NONE',  ( 4.330089135474556095, 1.899999999999999911, 1.825000000000000622 ) ) ;
#9941 = EDGE_CURVE ( 'NONE', #3868, #1966, #4953, .T. ) ;
#9942 = LINE ( 'NONE', #2750, #8494 ) ;
#9943 = AXIS2_PLACEMENT_3D ( 'NONE', #7203, #722, #4566 ) ;
#9944 = LINE ( 'NONE', #236, #4018 ) ;
#9945 = ORIENTED_EDGE ( 'NONE', *, *, #9158, .F. ) ;
#9946 = AXIS2_PLACEMENT_3D ( 'NONE', #2481, #4011, #3269 ) ;
#9947 = EDGE_CURVE ( 'NONE', #6337, #2548, #6583, .T. ) ;
#9948 = DIRECTION ( 'NONE',  ( -1.000000000000000000, 0.000000000000000000, 0.000000000000000000 ) ) ;
#9949 = EDGE_LOOP ( 'NONE', ( #666, #6654, #229, #5882 ) ) ;
#9950 = EDGE_CURVE ( 'NONE', #5709, #6382, #8990, .T. ) ;
#9951 = DIRECTION ( 'NONE',  ( 0.000000000000000000, -8.642948658383689284E-16, -1.000000000000000000 ) ) ;
#9952 = FACE_OUTER_BOUND ( 'NONE', #5731, .T. ) ;
#9953 = DIRECTION ( 'NONE',  ( -1.000000000000000000, -0.000000000000000000, -0.000000000000000000 ) ) ;
#9954 = ORIENTED_EDGE ( 'NONE', *, *, #4541, .F. ) ;
#9955 = DIRECTION ( 'NONE',  ( -1.000000000000000000, 0.000000000000000000, -0.000000000000000000 ) ) ;
#9956 = ORIENTED_EDGE ( 'NONE', *, *, #46, .F. ) ;
#9957 = LINE ( 'NONE', #9142, #9720 ) ;
#9958 = AXIS2_PLACEMENT_3D ( 'NONE', #5431, #2259, #10377 ) ;
#9959 = PLANE ( 'NONE',  #8161 ) ;
#9960 = AXIS2_PLACEMENT_3D ( 'NONE', #1306, #4480, #1942 ) ;
#9961 = LINE ( 'NONE', #9145, #4032 ) ;
#9962 = ORIENTED_EDGE ( 'NONE', *, *, #2597, .T. ) ;
#9963 = EDGE_CURVE ( 'NONE', #222, #140, #1686, .T. ) ;
#9964 = DIRECTION ( 'NONE',  ( 1.000000000000000000, -0.000000000000000000, -0.000000000000000000 ) ) ;
#9965 = VERTEX_POINT ( 'NONE', #2524 ) ;
#9966 = CARTESIAN_POINT ( 'NONE',  ( 3.224999999999998757, 1.449999999999999956, -1.224999999999999645 ) ) ;
#9967 = VERTEX_POINT ( 'NONE', #143 ) ;
#9968 = CARTESIAN_POINT ( 'NONE',  ( 5.524999999999998579, 3.950000000000000178, 0.3750000000000000000 ) ) ;
#9969 = CARTESIAN_POINT ( 'NONE',  ( 7.375000000000000888, 0.000000000000000000, 0.000000000000000000 ) ) ;
#9970 = LINE ( 'NONE', #1840, #9437 ) ;
#9971 = COLOUR_RGB ( '',0.7960784313725489669, 0.8235294117647058432, 0.9372549019607843146 ) ;
#9972 = CARTESIAN_POINT ( 'NONE',  ( 3.224999999999997424, 6.140988867593913192E-18, -0.02500000000000096242 ) ) ;
#9973 = VECTOR ( 'NONE', #1652, 1000.000000000000000 ) ;
#9974 = CARTESIAN_POINT ( 'NONE',  ( -0.02500000000000245082, 4.049999999999999822, 0.000000000000000000 ) ) ;
#9975 = LINE ( 'NONE', #1105, #2212 ) ;
#9976 = MECHANICAL_DESIGN_GEOMETRIC_PRESENTATION_REPRESENTATION (  '', ( #267 ), #104 ) ;
#9977 = EDGE_CURVE ( 'NONE', #3102, #7506, #4907, .T. ) ;
#9978 = AXIS2_PLACEMENT_3D ( 'NONE', #2978, #4741, #4631 ) ;
#9979 = DIRECTION ( 'NONE',  ( 1.000000000000000000, 0.000000000000000000, 0.000000000000000000 ) ) ;
#9980 = ORIENTED_EDGE ( 'NONE', *, *, #428, .T. ) ;
#9981 = LINE ( 'NONE', #9117, #230 ) ;
#9982 = EDGE_LOOP ( 'NONE', ( #2784, #8054, #2752, #7186 ) ) ;
#9983 = VERTEX_POINT ( 'NONE', #42 ) ;
#9984 = CARTESIAN_POINT ( 'NONE',  ( 3.024999999999999023, 4.049999999999999822, 0.2749999999999994116 ) ) ;
#9985 = EDGE_CURVE ( 'NONE', #9699, #509, #8288, .T. ) ;
#9986 = EDGE_CURVE ( 'NONE', #8879, #10115, #4216, .T. ) ;
#9987 = EDGE_CURVE ( 'NONE', #9699, #3249, #1739, .T. ) ;
#9988 = ORIENTED_EDGE ( 'NONE', *, *, #7035, .F. ) ;
#9989 = LINE ( 'NONE', #9074, #6213 ) ;
#9990 = DIRECTION ( 'NONE',  ( 0.000000000000000000, 1.000000000000000000, 0.000000000000000000 ) ) ;
#9991 = ORIENTED_EDGE ( 'NONE', *, *, #404, .F. ) ;
#9992 = ADVANCED_FACE ( 'NONE', ( #4116 ), #946, .F. ) ;
#9993 = EDGE_CURVE ( 'NONE', #4166, #521, #5710, .T. ) ;
#9994 = SURFACE_STYLE_FILL_AREA ( #1034 ) ;
#9995 = ORIENTED_EDGE ( 'NONE', *, *, #4878, .T. ) ;
#9996 = CARTESIAN_POINT ( 'NONE',  ( 4.124999999999999112, 4.049999999999999822, 0.1750000000000000999 ) ) ;
#9997 = EDGE_CURVE ( 'NONE', #2505, #9399, #2625, .T. ) ;
#9998 = CARTESIAN_POINT ( 'NONE',  ( 4.474999999999996980, 0.2500000000000037748, -1.816421356237308826 ) ) ;
#9999 = CARTESIAN_POINT ( 'NONE',  ( 0.7249999999999973133, 0.2500000000000037748, -1.816421356237308826 ) ) ;
#10000 = EDGE_LOOP ( 'NONE', ( #2649, #2379, #9922, #1709, #3813 ) ) ;
#10001 = CARTESIAN_POINT ( 'NONE',  ( 4.274999999999998579, 2.899999999999996803, -0.7749999999999999112 ) ) ;
#10002 = VECTOR ( 'NONE', #2855, 1000.000000000000000 ) ;
#10003 = ORIENTED_EDGE ( 'NONE', *, *, #1606, .F. ) ;
#10004 = CARTESIAN_POINT ( 'NONE',  ( 0.5250000000000011324, 3.950000000000000178, 0.3750000000000000000 ) ) ;
#10005 = CARTESIAN_POINT ( 'NONE',  ( 0.5249999999999985789, 3.450000000000001510, 1.870248747537497357E-14 ) ) ;
#10007 = EDGE_CURVE ( 'NONE', #4153, #6924, #9957, .T. ) ;
#10006 = DIRECTION ( 'NONE',  ( 0.000000000000000000, 1.000000000000000000, 0.000000000000000000 ) ) ;
#10008 = ORIENTED_EDGE ( 'NONE', *, *, #8855, .T. ) ;
#10009 = VECTOR ( 'NONE', #1667, 1000.000000000000114 ) ;
#10010 = DIRECTION ( 'NONE',  ( 0.000000000000000000, 0.000000000000000000, 1.000000000000000000 ) ) ;
#10011 = ORIENTED_EDGE ( 'NONE', *, *, #2525, .F. ) ;
#10012 = DIRECTION ( 'NONE',  ( 1.000000000000000000, 0.000000000000000000, 0.000000000000000000 ) ) ;
#10013 = CARTESIAN_POINT ( 'NONE',  ( 7.575000000000000178, -0.1499999999999963862, 2.324999999999999734 ) ) ;
#10014 = VECTOR ( 'NONE', #698, 1000.000000000000000 ) ;
#10015 = CARTESIAN_POINT ( 'NONE',  ( -1.125000000000000888, 3.950000000000000178, 0.1750000000000002387 ) ) ;
#10016 = EDGE_LOOP ( 'NONE', ( #2828, #3274, #861, #8853, #10397 ) ) ;
#10017 = CARTESIAN_POINT ( 'NONE',  ( 5.874999999999997335, 1.449999999999999956, 0.1750000000000000999 ) ) ;
#10018 = LINE ( 'NONE', #8444, #2457 ) ;
#10019 = EDGE_LOOP ( 'NONE', ( #7627, #1000, #3997, #7443 ) ) ;
#10020 = DIRECTION ( 'NONE',  ( -0.000000000000000000, -0.000000000000000000, 1.000000000000000000 ) ) ;
#10021 = DIRECTION ( 'NONE',  ( -1.000000000000000000, -0.000000000000000000, -0.000000000000000000 ) ) ;
#10022 = DIRECTION ( 'NONE',  ( 1.000000000000000000, 0.000000000000000000, 0.000000000000000000 ) ) ;
#10023 = VECTOR ( 'NONE', #8884, 1000.000000000000000 ) ;
#10024 = DIRECTION ( 'NONE',  ( 0.000000000000000000, 0.000000000000000000, -1.000000000000000000 ) ) ;
#10025 = CARTESIAN_POINT ( 'NONE',  ( -6.875000000000000000, -13.83708784390703705, -1.174999999999999822 ) ) ;
#10026 = VECTOR ( 'NONE', #3486, 1000.000000000000000 ) ;
#10027 = ORIENTED_EDGE ( 'NONE', *, *, #5178, .T. ) ;
#10028 = FACE_OUTER_BOUND ( 'NONE', #1899, .T. ) ;
#10029 = VECTOR ( 'NONE', #9013, 1000.000000000000000 ) ;
#10030 = ORIENTED_EDGE ( 'NONE', *, *, #7339, .F. ) ;
#10031 = ORIENTED_EDGE ( 'NONE', *, *, #9711, .F. ) ;
#10032 = CARTESIAN_POINT ( 'NONE',  ( 2.124999999999997780, 4.049999999999999822, 0.1750000000000000999 ) ) ;
#10033 = AXIS2_PLACEMENT_3D ( 'NONE', #5346, #7935, #10349 ) ;
#10034 = VECTOR ( 'NONE', #3577, 1000.000000000000000 ) ;
#10035 = CARTESIAN_POINT ( 'NONE',  ( 0.7249999999999982014, 1.449999999999999956, -0.7749999999999999112 ) ) ;
#10036 = LINE ( 'NONE', #377, #2777 ) ;
#10037 = CYLINDRICAL_SURFACE ( 'NONE', #1343, 0.09999999999999982514 ) ;
#10038 = EDGE_CURVE ( 'NONE', #2760, #1424, #1044, .T. ) ;
#10039 = EDGE_LOOP ( 'NONE', ( #6121, #241, #6620, #7954 ) ) ;
#10040 = VECTOR ( 'NONE', #5485, 1000.000000000000000 ) ;
#10041 = VECTOR ( 'NONE', #5233, 1000.000000000000000 ) ;
#10042 = FACE_OUTER_BOUND ( 'NONE', #6242, .T. ) ;
#10043 = VERTEX_POINT ( 'NONE', #7542 ) ;
#10044 = LINE ( 'NONE', #9134, #3844 ) ;
#10045 = CARTESIAN_POINT ( 'NONE',  ( 1.774999999999999245, 3.950000000000000178, 0.3750000000000000000 ) ) ;
#10046 = EDGE_CURVE ( 'NONE', #6509, #3623, #249, .T. ) ;
#10047 = CARTESIAN_POINT ( 'NONE',  ( 0.7249999999999999778, 1.449999999999999956, -1.224999999999999645 ) ) ;
#10048 = VERTEX_POINT ( 'NONE', #10004 ) ;
#10049 = CARTESIAN_POINT ( 'NONE',  ( 1.774999999999999245, 4.049999999999999822, -1.174999999999999822 ) ) ;
#10050 = EDGE_CURVE ( 'NONE', #10485, #1128, #9191, .T. ) ;
#10051 = AXIS2_PLACEMENT_3D ( 'NONE', #9468, #3791, #8564 ) ;
#10052 = ADVANCED_FACE ( 'NONE', ( #9798 ), #487, .F. ) ;
#10053 = VERTEX_POINT ( 'NONE', #9371 ) ;
#10054 = CARTESIAN_POINT ( 'NONE',  ( 6.191666666666666430, 3.266666666666667052, 0.1916666666666670127 ) ) ;
#10055 = LINE ( 'NONE', #1968, #1998 ) ;
#10056 = EDGE_LOOP ( 'NONE', ( #370, #9834, #10082, #8550 ) ) ;
#10057 = CARTESIAN_POINT ( 'NONE',  ( 1.919910864525443017, 1.899999999999999911, 1.825000000000000622 ) ) ;
#10058 = VECTOR ( 'NONE', #5829, 1000.000000000000000 ) ;
#10059 = EDGE_LOOP ( 'NONE', ( #1723, #6376, #2574, #7797, #9908, #3132 ) ) ;
#10060 = CARTESIAN_POINT ( 'NONE',  ( 0.000000000000000000, 0.000000000000000000, 0.000000000000000000 ) ) ;
#10061 = CARTESIAN_POINT ( 'NONE',  ( -6.875000000000000000, -13.83708784390703705, -1.174999999999999822 ) ) ;
#10062 = ORIENTED_EDGE ( 'NONE', *, *, #5961, .F. ) ;
#10063 = FILL_AREA_STYLE ('',( #258 ) ) ;
#10064 = DIRECTION ( 'NONE',  ( 0.000000000000000000, 3.252606517456514091E-15, -1.000000000000000000 ) ) ;
#10065 = EDGE_CURVE ( 'NONE', #1204, #298, #3739, .T. ) ;
#10066 = LINE ( 'NONE', #2730, #6205 ) ;
#10067 = FACE_OUTER_BOUND ( 'NONE', #1123, .T. ) ;
#10068 = VERTEX_POINT ( 'NONE', #6320 ) ;
#10069 = LINE ( 'NONE', #2733, #1134 ) ;
#10070 = LINE ( 'NONE', #8447, #7871 ) ;
#10071 = FACE_OUTER_BOUND ( 'NONE', #7441, .T. ) ;
#10072 = CIRCLE ( 'NONE', #3054, 0.09999999999999982514 ) ;
#10073 = EDGE_CURVE ( 'NONE', #5447, #9399, #9589, .T. ) ;
#10074 = DIRECTION ( 'NONE',  ( 1.000000000000000000, 0.000000000000000000, -0.000000000000000000 ) ) ;
#10075 = CARTESIAN_POINT ( 'NONE',  ( 3.024999999999997691, 0.3500000000000009215, -1.324999999999999512 ) ) ;
#10076 = CARTESIAN_POINT ( 'NONE',  ( 6.000000000000000888, 3.850000000000000977, 0.6750000000000004885 ) ) ;
#10077 = DIRECTION ( 'NONE',  ( 0.000000000000000000, -1.000000000000000000, -3.252606517456514091E-15 ) ) ;
#10078 = VERTEX_POINT ( 'NONE', #2279 ) ;
#10079 = VECTOR ( 'NONE', #2138, 1000.000000000000114 ) ;
#10080 = CARTESIAN_POINT ( 'NONE',  ( 5.524999999999998579, 3.950000000000000178, 0.1750000000000000722 ) ) ;
#10081 = EDGE_CURVE ( 'NONE', #6413, #4637, #10072, .T. ) ;
#10082 = ORIENTED_EDGE ( 'NONE', *, *, #7491, .F. ) ;
#10083 = EDGE_CURVE ( 'NONE', #7172, #9983, #3802, .T. ) ;
#10084 = EDGE_LOOP ( 'NONE', ( #7392, #6536, #4779, #9877 ) ) ;
#10085 = ORIENTED_EDGE ( 'NONE', *, *, #6661, .T. ) ;
#10086 = DIRECTION ( 'NONE',  ( 0.000000000000000000, 1.000000000000000000, -0.000000000000000000 ) ) ;
#10087 = DIRECTION ( 'NONE',  ( -1.000000000000000000, -0.000000000000000000, 0.000000000000000000 ) ) ;
#10088 = ORIENTED_EDGE ( 'NONE', *, *, #1548, .F. ) ;
#10089 = VECTOR ( 'NONE', #5808, 1000.000000000000000 ) ;
#10090 = LINE ( 'NONE', #2663, #5914 ) ;
#10091 = VERTEX_POINT ( 'NONE', #6964 ) ;
#10092 = ADVANCED_FACE ( 'NONE', ( #4495 ), #8737, .T. ) ;
#10093 = LINE ( 'NONE', #6728, #10176 ) ;
#10094 = CARTESIAN_POINT ( 'NONE',  ( 7.774999999999999467, 2.349999999999999645, 1.675000000000000266 ) ) ;
#10095 = CARTESIAN_POINT ( 'NONE',  ( 7.575000000000000178, -0.1499999999999963862, 2.324999999999999734 ) ) ;
#10096 = FACE_OUTER_BOUND ( 'NONE', #2986, .T. ) ;
#10097 = ORIENTED_EDGE ( 'NONE', *, *, #5807, .T. ) ;
#10098 = EDGE_CURVE ( 'NONE', #6382, #990, #6484, .T. ) ;
#10099 = VECTOR ( 'NONE', #307, 1000.000000000000000 ) ;
#10100 = DIRECTION ( 'NONE',  ( 0.000000000000000000, 1.000000000000000000, 0.000000000000000000 ) ) ;
#10101 = CARTESIAN_POINT ( 'NONE',  ( -6.875000000000000000, 3.950000000000000178, -1.174999999999999822 ) ) ;
#10102 = ADVANCED_FACE ( 'NONE', ( #7715 ), #2222, .T. ) ;
#10103 = PLANE ( 'NONE',  #9164 ) ;
#10104 = ORIENTED_EDGE ( 'NONE', *, *, #8615, .T. ) ;
#10105 = CARTESIAN_POINT ( 'NONE',  ( 7.875000000000000000, 4.049999999999999822, 2.475000000000000089 ) ) ;
#10106 = LINE ( 'NONE', #926, #6510 ) ;
#10107 = CARTESIAN_POINT ( 'NONE',  ( 0.7249999999999973133, -0.1499999999999963862, -1.474999999999999645 ) ) ;
#10108 = CARTESIAN_POINT ( 'NONE',  ( 3.024999999999998579, 3.050000000000000266, -0.02500000000000021302 ) ) ;
#10109 = CARTESIAN_POINT ( 'NONE',  ( 4.474999999999997868, 1.449999999999999956, 0.1750000000000000722 ) ) ;
#10110 = FACE_OUTER_BOUND ( 'NONE', #2805, .T. ) ;
#10111 = VECTOR ( 'NONE', #7150, 1000.000000000000000 ) ;
#10112 = ORIENTED_EDGE ( 'NONE', *, *, #6546, .T. ) ;
#10113 = DIRECTION ( 'NONE',  ( 0.000000000000000000, 0.000000000000000000, -1.000000000000000000 ) ) ;
#10114 = DIRECTION ( 'NONE',  ( 2.358912948743652103E-16, 0.7071067811865474617, -0.7071067811865474617 ) ) ;
#10115 = VERTEX_POINT ( 'NONE', #1089 ) ;
#10116 = VERTEX_POINT ( 'NONE', #1432 ) ;
#10117 = CARTESIAN_POINT ( 'NONE',  ( -1.325000000000001510, 1.899999999999999689, 2.475000000000000533 ) ) ;
#10118 = EDGE_CURVE ( 'NONE', #1301, #7936, #6203, .T. ) ;
#10119 = VECTOR ( 'NONE', #3358, 1000.000000000000000 ) ;
#10120 = ORIENTED_EDGE ( 'NONE', *, *, #5789, .T. ) ;
#10121 = CARTESIAN_POINT ( 'NONE',  ( 3.024999999999997691, 0.09999999999999999167, -0.8250000000000010658 ) ) ;
#10122 = VERTEX_POINT ( 'NONE', #2060 ) ;
#10123 = EDGE_CURVE ( 'NONE', #10206, #7562, #3860, .T. ) ;
#10124 = ORIENTED_EDGE ( 'NONE', *, *, #1284, .F. ) ;
#10125 = DIRECTION ( 'NONE',  ( 0.4472135954999579277, -0.8944271909999158554, 0.000000000000000000 ) ) ;
#10126 = CIRCLE ( 'NONE', #261, 0.05000000000000012768 ) ;
#10127 = EDGE_CURVE ( 'NONE', #5702, #5749, #7013, .T. ) ;
#10128 = AXIS2_PLACEMENT_3D ( 'NONE', #1321, #6864, #5133 ) ;
#10129 = AXIS2_PLACEMENT_3D ( 'NONE', #1795, #5068, #7505 ) ;
#10130 = ORIENTED_EDGE ( 'NONE', *, *, #1439, .F. ) ;
#10131 = CARTESIAN_POINT ( 'NONE',  ( 4.474999999999997868, 2.575000000000000178, -1.200000000000000400 ) ) ;
#10132 = DIRECTION ( 'NONE',  ( 0.000000000000000000, 0.000000000000000000, 1.000000000000000000 ) ) ;
#10133 = CARTESIAN_POINT ( 'NONE',  ( -6.875000000000000000, 3.950000000000000178, 0.3750000000000001110 ) ) ;
#10134 = ORIENTED_EDGE ( 'NONE', *, *, #1560, .T. ) ;
#10135 = MECHANICAL_DESIGN_GEOMETRIC_PRESENTATION_REPRESENTATION (  '', ( #2789 ), #9275 ) ;
#10136 = CARTESIAN_POINT ( 'NONE',  ( -7.875000000000000000, 1.999999999999999112, 2.475000000000000089 ) ) ;
#10137 = EDGE_LOOP ( 'NONE', ( #3790, #1457, #4460, #636, #978 ) ) ;
#10138 = DIRECTION ( 'NONE',  ( 0.000000000000000000, -1.000000000000000000, -3.252606517456514091E-15 ) ) ;
#10139 = FACE_OUTER_BOUND ( 'NONE', #5690, .T. ) ;
#10140 = CARTESIAN_POINT ( 'NONE',  ( -0.7249999999999965361, 4.049999999999999822, -1.775000000000000355 ) ) ;
#10141 = ORIENTED_EDGE ( 'NONE', *, *, #5129, .F. ) ;
#10142 = CARTESIAN_POINT ( 'NONE',  ( 6.375000000000000888, 3.950000000000000178, 0.8749999999999996669 ) ) ;
#10143 = DIRECTION ( 'NONE',  ( 0.000000000000000000, 0.000000000000000000, -1.000000000000000000 ) ) ;
#10144 = CARTESIAN_POINT ( 'NONE',  ( 5.724999999999997868, 3.449999999999999734, 0.2950000000000000400 ) ) ;
#10145 = ORIENTED_EDGE ( 'NONE', *, *, #87, .T. ) ;
#10146 = LINE ( 'NONE', #2814, #9082 ) ;
#10147 = LINE ( 'NONE', #9339, #1069 ) ;
#10148 = FACE_OUTER_BOUND ( 'NONE', #567, .T. ) ;
#10149 = CARTESIAN_POINT ( 'NONE',  ( 4.274999999999998579, 3.449999999999999289, 0.3749999999999999445 ) ) ;
#10150 = EDGE_CURVE ( 'NONE', #3090, #9049, #7132, .T. ) ;
#10151 = CARTESIAN_POINT ( 'NONE',  ( -9.375000000000000000, 1.449999999999999956, 0.3750000000000001110 ) ) ;
#10152 = LINE ( 'NONE', #7043, #2263 ) ;
#10153 = DIRECTION ( 'NONE',  ( 1.000000000000000000, 0.000000000000000000, -1.807003620809174632E-16 ) ) ;
#10154 = EDGE_CURVE ( 'NONE', #9615, #2038, #9478, .T. ) ;
#10155 = EDGE_CURVE ( 'NONE', #9618, #7082, #538, .T. ) ;
#10156 = ORIENTED_EDGE ( 'NONE', *, *, #4660, .T. ) ;
#10157 = LINE ( 'NONE', #9453, #7351 ) ;
#10158 = VECTOR ( 'NONE', #5051, 1000.000000000000000 ) ;
#10159 = ORIENTED_EDGE ( 'NONE', *, *, #4597, .F. ) ;
#10160 = CARTESIAN_POINT ( 'NONE',  ( 0.7249999999999990896, 3.299999999999999822, -0.9349999999999998312 ) ) ;
#10161 = ORIENTED_EDGE ( 'NONE', *, *, #3987, .T. ) ;
#10162 = ORIENTED_EDGE ( 'NONE', *, *, #2338, .F. ) ;
#10163 = DIRECTION ( 'NONE',  ( 0.000000000000000000, -1.000000000000000000, 0.000000000000000000 ) ) ;
#10164 = PLANE ( 'NONE',  #2927 ) ;
#10165 = EDGE_LOOP ( 'NONE', ( #4574, #5496, #5644, #6403, #2631, #9225 ) ) ;
#10166 = LINE ( 'NONE', #8775, #1072 ) ;
#10167 = PLANE ( 'NONE',  #5319 ) ;
#10168 = ORIENTED_EDGE ( 'NONE', *, *, #9887, .T. ) ;
#10169 = VECTOR ( 'NONE', #1102, 1000.000000000000000 ) ;
#10170 = ORIENTED_EDGE ( 'NONE', *, *, #461, .F. ) ;
#10171 = EDGE_CURVE ( 'NONE', #9831, #7453, #4603, .T. ) ;
#10172 = DIRECTION ( 'NONE',  ( 0.000000000000000000, -0.7071067811865381358, -0.7071067811865570096 ) ) ;
#10173 = VECTOR ( 'NONE', #9878, 1000.000000000000000 ) ;
#10174 = EDGE_CURVE ( 'NONE', #2102, #10043, #592, .T. ) ;
#10175 = EDGE_CURVE ( 'NONE', #8568, #3905, #10337, .T. ) ;
#10176 = VECTOR ( 'NONE', #2665, 1000.000000000000000 ) ;
#10177 = DIRECTION ( 'NONE',  ( 0.000000000000000000, 0.000000000000000000, -1.000000000000000000 ) ) ;
#10178 = ORIENTED_EDGE ( 'NONE', *, *, #4539, .T. ) ;
#10179 = DIRECTION ( 'NONE',  ( 0.000000000000000000, 1.000000000000000000, 0.000000000000000000 ) ) ;
#10180 = AXIS2_PLACEMENT_3D ( 'NONE', #2369, #9859, #4174 ) ;
#10181 = DIRECTION ( 'NONE',  ( 1.807003620809174632E-16, 0.000000000000000000, -1.000000000000000000 ) ) ;
#10182 = VERTEX_POINT ( 'NONE', #8622 ) ;
#10183 = EDGE_CURVE ( 'NONE', #5752, #445, #2496, .T. ) ;
#10184 = ORIENTED_EDGE ( 'NONE', *, *, #8425, .T. ) ;
#10185 = VECTOR ( 'NONE', #187, 1000.000000000000000 ) ;
#10186 = DIRECTION ( 'NONE',  ( -1.000000000000000000, 0.000000000000000000, 4.336808689942021680E-16 ) ) ;
#10187 = EDGE_CURVE ( 'NONE', #3320, #9187, #7363, .T. ) ;
#10188 = ORIENTED_EDGE ( 'NONE', *, *, #3928, .F. ) ;
#10189 = CARTESIAN_POINT ( 'NONE',  ( 3.224999999999999201, 3.299999999999999822, -0.7749999999999999112 ) ) ;
#10190 = EDGE_CURVE ( 'NONE', #8496, #4646, #7185, .T. ) ;
#10191 = VERTEX_POINT ( 'NONE', #8965 ) ;
#10192 = MECHANICAL_DESIGN_GEOMETRIC_PRESENTATION_REPRESENTATION (  '', ( #3863 ), #5921 ) ;
#10193 = CARTESIAN_POINT ( 'NONE',  ( 3.374999999999997780, 1.199999999999999734, 0.1750000000000000999 ) ) ;
#10194 = DIRECTION ( 'NONE',  ( 1.000000000000000000, 0.000000000000000000, 0.000000000000000000 ) ) ;
#10195 = ORIENTED_EDGE ( 'NONE', *, *, #10247, .F. ) ;
#10196 = DIRECTION ( 'NONE',  ( -1.000000000000000000, 0.000000000000000000, 0.000000000000000000 ) ) ;
#10197 = DIRECTION ( 'NONE',  ( -0.000000000000000000, 0.000000000000000000, 1.000000000000000000 ) ) ;
#10198 = DIRECTION ( 'NONE',  ( 1.000000000000000000, 0.000000000000000000, 0.000000000000000000 ) ) ;
#10199 = LINE ( 'NONE', #7037, #3154 ) ;
#10200 = VECTOR ( 'NONE', #1119, 1000.000000000000114 ) ;
#10201 = LINE ( 'NONE', #1291, #8954 ) ;
#10202 = CARTESIAN_POINT ( 'NONE',  ( 10.00000000000000000, 2.899999999999996803, -0.7749999999999999112 ) ) ;
#10203 = LINE ( 'NONE', #1400, #3958 ) ;
#10204 = ORIENTED_EDGE ( 'NONE', *, *, #10083, .T. ) ;
#10205 = CARTESIAN_POINT ( 'NONE',  ( -6.875000000000000000, 1.449999999999999956, 0.3750000000000001110 ) ) ;
#10206 = VERTEX_POINT ( 'NONE', #1660 ) ;
#10207 = PLANE ( 'NONE',  #9728 ) ;
#10208 = CIRCLE ( 'NONE', #3388, 0.09999999999999982514 ) ;
#10209 = ORIENTED_EDGE ( 'NONE', *, *, #4721, .T. ) ;
#10210 = PLANE ( 'NONE',  #856 ) ;
#10211 = ORIENTED_EDGE ( 'NONE', *, *, #5513, .T. ) ;
#10212 = LINE ( 'NONE', #3723, #1156 ) ;
#10213 = ADVANCED_FACE ( 'NONE', ( #3232 ), #8040, .F. ) ;
#10214 = DIRECTION ( 'NONE',  ( 0.000000000000000000, 1.000000000000000000, 0.000000000000000000 ) ) ;
#10215 = ORIENTED_EDGE ( 'NONE', *, *, #7870, .F. ) ;
#10216 = DIRECTION ( 'NONE',  ( 0.000000000000000000, -0.7071067811865472397, -0.7071067811865479058 ) ) ;
#10217 = DIRECTION ( 'NONE',  ( 0.000000000000000000, 0.000000000000000000, -1.000000000000000000 ) ) ;
#10218 = VERTEX_POINT ( 'NONE', #4877 ) ;
#10219 = ORIENTED_EDGE ( 'NONE', *, *, #3495, .F. ) ;
#10220 = VECTOR ( 'NONE', #6686, 1000.000000000000000 ) ;
#10221 = DIRECTION ( 'NONE',  ( 1.000000000000000000, 0.000000000000000000, -0.000000000000000000 ) ) ;
#10222 = VECTOR ( 'NONE', #5611, 1000.000000000000000 ) ;
#10223 = ADVANCED_FACE ( 'NONE', ( #3286 ), #8099, .F. ) ;
#10224 = VECTOR ( 'NONE', #5739, 1000.000000000000000 ) ;
#10225 = EDGE_CURVE ( 'NONE', #9965, #4795, #6380, .T. ) ;
#10226 = EDGE_CURVE ( 'NONE', #2589, #2235, #3977, .T. ) ;
#10227 = DIRECTION ( 'NONE',  ( -1.000000000000000000, -0.000000000000000000, 0.000000000000000000 ) ) ;
#10228 = VERTEX_POINT ( 'NONE', #9649 ) ;
#10229 = CARTESIAN_POINT ( 'NONE',  ( 1.625000000000000666, 2.649999999999998135, 1.075000000000000400 ) ) ;
#10230 = DIRECTION ( 'NONE',  ( 0.000000000000000000, 5.251604272976699179E-15, -1.000000000000000000 ) ) ;
#10231 = DIRECTION ( 'NONE',  ( 0.000000000000000000, 0.000000000000000000, 1.000000000000000000 ) ) ;
#10232 = PRODUCT_DEFINITION_FORMATION_WITH_SPECIFIED_SOURCE ( 'ANY', '', #8896, .NOT_KNOWN. ) ;
#10233 = ORIENTED_EDGE ( 'NONE', *, *, #9036, .T. ) ;
#10234 = EDGE_CURVE ( 'NONE', #3661, #5603, #10510, .T. ) ;
#10235 = VERTEX_POINT ( 'NONE', #8910 ) ;
#10236 = DIRECTION ( 'NONE',  ( 0.000000000000000000, -1.000000000000000000, 0.000000000000000000 ) ) ;
#10237 = EDGE_CURVE ( 'NONE', #662, #8496, #2334, .T. ) ;
#10238 = CARTESIAN_POINT ( 'NONE',  ( 7.375000000000000000, 4.049999999999999822, -1.374999999999997558 ) ) ;
#10239 = CARTESIAN_POINT ( 'NONE',  ( 7.375000000000000888, 1.899999999999999689, 2.375000000000000888 ) ) ;
#10240 = SURFACE_STYLE_USAGE ( .BOTH. , #3599 ) ;
#10241 = AXIS2_PLACEMENT_3D ( 'NONE', #6981, #1098, #2031 ) ;
#10242 = ADVANCED_FACE ( 'NONE', ( #5628 ), #9708, .F. ) ;
#10243 = ORIENTED_EDGE ( 'NONE', *, *, #5464, .F. ) ;
#10244 = DIRECTION ( 'NONE',  ( 0.000000000000000000, 0.000000000000000000, -1.000000000000000000 ) ) ;
#10245 = ORIENTED_EDGE ( 'NONE', *, *, #1956, .F. ) ;
#10246 = CARTESIAN_POINT ( 'NONE',  ( 7.875000000000000000, 3.950000000000000178, 0.1750000000000002387 ) ) ;
#10247 = EDGE_CURVE ( 'NONE', #9556, #3190, #277, .T. ) ;
#10248 = ORIENTED_EDGE ( 'NONE', *, *, #9086, .F. ) ;
#10249 = PLANE ( 'NONE',  #7193 ) ;
#10251 = DIRECTION ( 'NONE',  ( -1.000000000000000000, -0.000000000000000000, -0.000000000000000000 ) ) ;
#10250 = VECTOR ( 'NONE', #632, 1000.000000000000000 ) ;
#10252 = DIRECTION ( 'NONE',  ( 0.000000000000000000, 0.000000000000000000, 1.000000000000000000 ) ) ;
#10253 = CARTESIAN_POINT ( 'NONE',  ( -1.125000000000000888, 2.899999999999999911, -0.3249999999999997891 ) ) ;
#10254 = LINE ( 'NONE', #5207, #5502 ) ;
#10255 = VERTEX_POINT ( 'NONE', #1800 ) ;
#10256 = LINE ( 'NONE', #6174, #3349 ) ;
#10257 = DIRECTION ( 'NONE',  ( 0.000000000000000000, 1.000000000000000000, 0.000000000000000000 ) ) ;
#10258 = ORIENTED_EDGE ( 'NONE', *, *, #5441, .F. ) ;
#10259 = CARTESIAN_POINT ( 'NONE',  ( 4.474999999999998757, 3.949999999999998845, -1.174999999999997824 ) ) ;
#10260 = VECTOR ( 'NONE', #2375, 1000.000000000000114 ) ;
#10261 = CARTESIAN_POINT ( 'NONE',  ( 5.724999999999997868, 0.3500000000000009215, -1.374999999999999778 ) ) ;
#10262 = DIRECTION ( 'NONE',  ( 1.000000000000000000, 0.000000000000000000, 0.000000000000000000 ) ) ;
#10263 = PRODUCT_DEFINITION ( 'UNKNOWN', '', #9543, #3544 ) ;
#10264 = DIRECTION ( 'NONE',  ( -1.000000000000000000, -0.000000000000000000, -0.000000000000000000 ) ) ;
#10265 = ORIENTED_EDGE ( 'NONE', *, *, #3403, .F. ) ;
#10266 = ORIENTED_EDGE ( 'NONE', *, *, #2347, .T. ) ;
#10267 = CARTESIAN_POINT ( 'NONE',  ( -1.325000000000001510, 1.899999999999999911, 1.825000000000000622 ) ) ;
#10268 = ORIENTED_EDGE ( 'NONE', *, *, #6033, .F. ) ;
#10269 = LINE ( 'NONE', #2096, #7951 ) ;
#10270 = CARTESIAN_POINT ( 'NONE',  ( 3.024999999999997691, 0.4999999999999998890, -0.8249999999999997335 ) ) ;
#10271 = ORIENTED_EDGE ( 'NONE', *, *, #8922, .T. ) ;
#10272 = CARTESIAN_POINT ( 'NONE',  ( 7.375000000000000888, 1.899999999999999689, 2.475000000000000533 ) ) ;
#10273 = CARTESIAN_POINT ( 'NONE',  ( 6.875000000000000000, -13.83708784390703705, -1.174999999999999822 ) ) ;
#10274 = ORIENTED_EDGE ( 'NONE', *, *, #4, .T. ) ;
#10275 = ORIENTED_EDGE ( 'NONE', *, *, #3131, .F. ) ;
#10276 = CARTESIAN_POINT ( 'NONE',  ( 1.774999999999998801, 1.449999999999999956, -0.7749999999999999112 ) ) ;
#10277 = EDGE_CURVE ( 'NONE', #9965, #7719, #1939, .T. ) ;
#10278 = VECTOR ( 'NONE', #3033, 1000.000000000000000 ) ;
#10279 = LINE ( 'NONE', #2947, #159 ) ;
#10280 = VERTEX_POINT ( 'NONE', #965 ) ;
#10281 = CARTESIAN_POINT ( 'NONE',  ( -9.375000000000000000, 4.000000000000000000, -1.224999999999999645 ) ) ;
#10282 = ORIENTED_EDGE ( 'NONE', *, *, #148, .F. ) ;
#10283 = CARTESIAN_POINT ( 'NONE',  ( 5.524999999999998579, 1.449999999999999956, 0.1750000000000000722 ) ) ;
#10284 = VECTOR ( 'NONE', #193, 1000.000000000000000 ) ;
#10285 = DIRECTION ( 'NONE',  ( -0.000000000000000000, 1.000000000000000000, -0.000000000000000000 ) ) ;
#10286 = EDGE_CURVE ( 'NONE', #4007, #7331, #6652, .T. ) ;
#10287 = DIRECTION ( 'NONE',  ( 1.000000000000000000, 0.000000000000000000, -0.000000000000000000 ) ) ;
#10288 = ORIENTED_EDGE ( 'NONE', *, *, #3594, .F. ) ;
#10289 = EDGE_CURVE ( 'NONE', #6450, #593, #5116, .T. ) ;
#10290 = EDGE_CURVE ( 'NONE', #4707, #9467, #3429, .T. ) ;
#10291 = VECTOR ( 'NONE', #9692, 1000.000000000000000 ) ;
#10292 = PRESENTATION_LAYER_ASSIGNMENT (  '', '', ( #4310 ) ) ;
#10293 = ORIENTED_EDGE ( 'NONE', *, *, #2217, .T. ) ;
#10294 = VECTOR ( 'NONE', #7456, 1000.000000000000000 ) ;
#10295 = DIRECTION ( 'NONE',  ( 0.5773502691896257311, 0.5773502691896257311, -0.5773502691896257311 ) ) ;
#10296 = DIRECTION ( 'NONE',  ( 0.000000000000000000, -0.7071067811865519026, 0.7071067811865432429 ) ) ;
#10297 = PLANE ( 'NONE',  #1289 ) ;
#10298 = EDGE_LOOP ( 'NONE', ( #10233, #575, #8220, #7422 ) ) ;
#10299 = PLANE ( 'NONE',  #4040 ) ;
#10300 = ORIENTED_EDGE ( 'NONE', *, *, #6862, .T. ) ;
#10301 = CARTESIAN_POINT ( 'NONE',  ( 4.474999999999996980, -0.1499999999999963862, -1.474999999999999645 ) ) ;
#10302 = ORIENTED_EDGE ( 'NONE', *, *, #2681, .T. ) ;
#10303 = FACE_OUTER_BOUND ( 'NONE', #9066, .T. ) ;
#10304 = CARTESIAN_POINT ( 'NONE',  ( 4.274999999999999467, 1.449999999999999956, -1.174999999999999822 ) ) ;
#10305 = FACE_OUTER_BOUND ( 'NONE', #9491, .T. ) ;
#10306 = DIRECTION ( 'NONE',  ( -1.000000000000000000, 0.000000000000000000, -1.807003620809174632E-16 ) ) ;
#10307 = DIRECTION ( 'NONE',  ( 0.000000000000000000, 0.000000000000000000, 1.000000000000000000 ) ) ;
#10308 = ORIENTED_EDGE ( 'NONE', *, *, #8101, .T. ) ;
#10309 = LINE ( 'NONE', #6229, #2336 ) ;
#10310 = CARTESIAN_POINT ( 'NONE',  ( 4.274999999999998579, 1.449999999999999956, 0.000000000000000000 ) ) ;
#10311 = ORIENTED_EDGE ( 'NONE', *, *, #7164, .F. ) ;
#10312 = LINE ( 'NONE', #8705, #4744 ) ;
#10313 = PLANE ( 'NONE',  #9978 ) ;
#10314 = EDGE_CURVE ( 'NONE', #9827, #2152, #9975, .T. ) ;
#10315 = ORIENTED_EDGE ( 'NONE', *, *, #2596, .T. ) ;
#10316 = ADVANCED_FACE ( 'NONE', ( #4326 ), #9160, .F. ) ;
#10317 = LINE ( 'NONE', #1303, #6794 ) ;
#10318 = ORIENTED_EDGE ( 'NONE', *, *, #6255, .F. ) ;
#10319 = CARTESIAN_POINT ( 'NONE',  ( -0.6250000000000014433, 1.449999999999999956, -1.174999999999999822 ) ) ;
#10320 = CARTESIAN_POINT ( 'NONE',  ( 1.774999999999999245, 1.199999999999999734, 0.3750000000000000000 ) ) ;
#10321 = CARTESIAN_POINT ( 'NONE',  ( 6.000000000000000888, 0.000000000000000000, 0.6750000000000004885 ) ) ;
#10322 = ORIENTED_EDGE ( 'NONE', *, *, #198, .T. ) ;
#10323 = CARTESIAN_POINT ( 'NONE',  ( -1.625000000000001332, 4.049999999999999822, 2.475000000000000089 ) ) ;
#10324 = DIRECTION ( 'NONE',  ( -0.000000000000000000, 1.000000000000000000, -0.000000000000000000 ) ) ;
#10325 = ORIENTED_EDGE ( 'NONE', *, *, #8937, .T. ) ;
#10326 = VERTEX_POINT ( 'NONE', #8356 ) ;
#10327 = EDGE_CURVE ( 'NONE', #3127, #1857, #1063, .T. ) ;
#10328 = DIRECTION ( 'NONE',  ( 0.000000000000000000, 1.000000000000000000, 5.421010862427520198E-16 ) ) ;
#10329 = VECTOR ( 'NONE', #780, 1000.000000000000000 ) ;
#10330 = ORIENTED_EDGE ( 'NONE', *, *, #4052, .T. ) ;
#10331 = AXIS2_PLACEMENT_3D ( 'NONE', #2590, #1842, #7507 ) ;
#10332 = FACE_OUTER_BOUND ( 'NONE', #5309, .T. ) ;
#10333 = AXIS2_PLACEMENT_3D ( 'NONE', #6387, #10519, #7373 ) ;
#10334 = ORIENTED_EDGE ( 'NONE', *, *, #2013, .F. ) ;
#10335 = DIRECTION ( 'NONE',  ( 0.000000000000000000, 0.000000000000000000, 1.000000000000000000 ) ) ;
#10336 = DIRECTION ( 'NONE',  ( 1.000000000000000000, 0.000000000000000000, 0.000000000000000000 ) ) ;
#10337 = LINE ( 'NONE', #6149, #4091 ) ;
#10338 = ORIENTED_EDGE ( 'NONE', *, *, #670, .F. ) ;
#10339 = AXIS2_PLACEMENT_3D ( 'NONE', #4942, #4162, #8865 ) ;
#10340 = ORIENTED_EDGE ( 'NONE', *, *, #4209, .T. ) ;
#10341 = AXIS2_PLACEMENT_3D ( 'NONE', #8842, #6434, #116 ) ;
#10342 = EDGE_CURVE ( 'NONE', #3051, #1691, #6804, .T. ) ;
#10343 = VECTOR ( 'NONE', #7253, 1000.000000000000000 ) ;
#10344 = PLANE ( 'NONE',  #7929 ) ;
#10345 = ORIENTED_EDGE ( 'NONE', *, *, #8357, .T. ) ;
#10346 = FACE_OUTER_BOUND ( 'NONE', #5574, .T. ) ;
#10347 = ORIENTED_EDGE ( 'NONE', *, *, #2703, .F. ) ;
#10348 = AXIS2_PLACEMENT_3D ( 'NONE', #28, #6512, #9781 ) ;
#10349 = DIRECTION ( 'NONE',  ( 0.000000000000000000, 1.000000000000000000, 0.000000000000000000 ) ) ;
#10350 = ORIENTED_EDGE ( 'NONE', *, *, #3111, .T. ) ;
#10351 = EDGE_CURVE ( 'NONE', #4979, #8216, #7461, .T. ) ;
#10352 = ORIENTED_EDGE ( 'NONE', *, *, #9856, .T. ) ;
#10353 = CARTESIAN_POINT ( 'NONE',  ( 1.774999999999998801, 1.449999999999999956, 0.000000000000000000 ) ) ;
#10354 = PRESENTATION_STYLE_ASSIGNMENT (( #7940 ) ) ;
#10355 = EDGE_CURVE ( 'NONE', #2094, #6832, #1405, .T. ) ;
#10356 = CARTESIAN_POINT ( 'NONE',  ( -7.875000000000000000, 4.049999999999999822, -1.775000000000000355 ) ) ;
#10357 = LINE ( 'NONE', #4415, #5879 ) ;
#10358 = EDGE_CURVE ( 'NONE', #2787, #8770, #8601, .T. ) ;
#10359 = LINE ( 'NONE', #9675, #2448 ) ;
#10360 = EDGE_LOOP ( 'NONE', ( #8681, #7074, #3261, #1951 ) ) ;
#10361 = DIRECTION ( 'NONE',  ( 1.000000000000000000, 0.000000000000000000, 0.000000000000000000 ) ) ;
#10362 = VECTOR ( 'NONE', #4762, 1000.000000000000000 ) ;
#10363 = ORIENTED_EDGE ( 'NONE', *, *, #6444, .F. ) ;
#10364 = CARTESIAN_POINT ( 'NONE',  ( -1.125000000000001776, 0.2500000000000000000, 0.2250000000000008105 ) ) ;
#10365 = CARTESIAN_POINT ( 'NONE',  ( 3.224999999999997424, 0.3000000000000008771, -1.374999999999999778 ) ) ;
#10366 = DIRECTION ( 'NONE',  ( -0.000000000000000000, -4.553649124439118623E-15, 1.000000000000000000 ) ) ;
#10367 = ORIENTED_EDGE ( 'NONE', *, *, #4490, .T. ) ;
#10368 = EDGE_LOOP ( 'NONE', ( #7144, #9606, #5834, #10350 ) ) ;
#10369 = AXIS2_PLACEMENT_3D ( 'NONE', #518, #9514, #625 ) ;
#10370 = EDGE_CURVE ( 'NONE', #9077, #9190, #7692, .T. ) ;
#10371 = DIRECTION ( 'NONE',  ( -1.000000000000000000, 0.000000000000000000, 0.000000000000000000 ) ) ;
#10372 = VECTOR ( 'NONE', #4340, 1000.000000000000000 ) ;
#10373 = ORIENTED_EDGE ( 'NONE', *, *, #3182, .F. ) ;
#10374 = CARTESIAN_POINT ( 'NONE',  ( 5.524999999999998579, 3.050000000000000266, 0.000000000000000000 ) ) ;
#10375 = ORIENTED_EDGE ( 'NONE', *, *, #1555, .F. ) ;
#10376 = LINE ( 'NONE', #7346, #215 ) ;
#10377 = DIRECTION ( 'NONE',  ( 0.000000000000000000, 4.553649124439118623E-15, -1.000000000000000000 ) ) ;
#10378 = ORIENTED_EDGE ( 'NONE', *, *, #2156, .T. ) ;
#10379 = DIRECTION ( 'NONE',  ( 0.000000000000000000, 4.336808689942002945E-16, -1.000000000000000000 ) ) ;
#10380 = FACE_OUTER_BOUND ( 'NONE', #5340, .T. ) ;
#10381 = EDGE_LOOP ( 'NONE', ( #6303, #4618, #10482, #7938 ) ) ;
#10382 = ORIENTED_EDGE ( 'NONE', *, *, #8375, .T. ) ;
#10383 = CARTESIAN_POINT ( 'NONE',  ( 7.375000000000000000, 3.399999999999999911, -1.174999999999999822 ) ) ;
#10384 = EDGE_CURVE ( 'NONE', #3120, #4103, #2195, .T. ) ;
#10385 = CIRCLE ( 'NONE', #3220, 0.05000000000000012768 ) ;
#10386 = DIRECTION ( 'NONE',  ( -0.000000000000000000, -1.000000000000000000, -0.000000000000000000 ) ) ;
#10387 = LINE ( 'NONE', #6046, #9179 ) ;
#10388 = ADVANCED_FACE ( 'NONE', ( #4523 ), #514, .F. ) ;
#10389 = ORIENTED_EDGE ( 'NONE', *, *, #1025, .T. ) ;
#10390 = EDGE_CURVE ( 'NONE', #9100, #4145, #6076, .T. ) ;
#10391 = VECTOR ( 'NONE', #4374, 1000.000000000000000 ) ;
#10392 = DIRECTION ( 'NONE',  ( -0.000000000000000000, 0.000000000000000000, 1.000000000000000000 ) ) ;
#10393 = LINE ( 'NONE', #3063, #5987 ) ;
#10394 = CARTESIAN_POINT ( 'NONE',  ( -0.6250000000000023315, -6.123233995736742617E-17, 0.2250000000000008105 ) ) ;
#10395 = DIRECTION ( 'NONE',  ( -0.000000000000000000, -0.000000000000000000, -1.000000000000000000 ) ) ;
#10396 = ORIENTED_EDGE ( 'NONE', *, *, #8404, .F. ) ;
#10397 = ORIENTED_EDGE ( 'NONE', *, *, #2850, .F. ) ;
#10398 = CARTESIAN_POINT ( 'NONE',  ( 7.174999999999999822, 3.149999999999999911, 2.475000000000000089 ) ) ;
#10399 = LINE ( 'NONE', #2450, #137 ) ;
#10400 = FACE_OUTER_BOUND ( 'NONE', #1544, .T. ) ;
#10401 = ORIENTED_EDGE ( 'NONE', *, *, #1113, .F. ) ;
#10402 = DIRECTION ( 'NONE',  ( 0.7071067811865475727, -0.7071067811865475727, 0.000000000000000000 ) ) ;
#10403 = EDGE_LOOP ( 'NONE', ( #2274, #831, #5684, #5953, #847, #119 ) ) ;
#10404 = ADVANCED_FACE ( 'NONE', ( #7793 ), #8552, .F. ) ;
#10405 = DIRECTION ( 'NONE',  ( -1.000000000000000000, -0.000000000000000000, 0.000000000000000000 ) ) ;
#10406 = ORIENTED_EDGE ( 'NONE', *, *, #10505, .T. ) ;
#10407 = ORIENTED_EDGE ( 'NONE', *, *, #8152, .F. ) ;
#10408 = LINE ( 'NONE', #1558, #5128 ) ;
#10409 = DIRECTION ( 'NONE',  ( -0.000000000000000000, 1.000000000000000000, 5.251604272976699968E-15 ) ) ;
#10410 = AXIS2_PLACEMENT_3D ( 'NONE', #8592, #2769, #9289 ) ;
#10411 = CARTESIAN_POINT ( 'NONE',  ( 0.5249999999999976907, 0.3500000000000009215, -1.374999999999999778 ) ) ;
#10412 = LINE ( 'NONE', #8871, #1965 ) ;
#10413 = LINE ( 'NONE', #8116, #3113 ) ;
#10414 = ORIENTED_EDGE ( 'NONE', *, *, #8691, .T. ) ;
#10415 = PLANE ( 'NONE',  #3448 ) ;
#10416 = CARTESIAN_POINT ( 'NONE',  ( 5.724999999999997868, -0.1499999999999963862, -1.474999999999999645 ) ) ;
#10417 = ORIENTED_EDGE ( 'NONE', *, *, #3555, .F. ) ;
#10418 = LINE ( 'NONE', #10364, #6812 ) ;
#10419 = ADVANCED_FACE ( 'NONE', ( #1247 ), #2090, .F. ) ;
#10420 = CARTESIAN_POINT ( 'NONE',  ( 0.7249999999999999778, 2.575000000000000178, -1.200000000000000622 ) ) ;
#10421 = CARTESIAN_POINT ( 'NONE',  ( 7.500000000000000000, 2.899999999999996803, -0.7749999999999999112 ) ) ;
#10422 = EDGE_CURVE ( 'NONE', #2108, #4166, #2878, .T. ) ;
#10423 = FACE_OUTER_BOUND ( 'NONE', #4411, .T. ) ;
#10424 = ORIENTED_EDGE ( 'NONE', *, *, #3112, .T. ) ;
#10425 = ORIENTED_EDGE ( 'NONE', *, *, #5438, .T. ) ;
#10426 = CARTESIAN_POINT ( 'NONE',  ( 6.875000000000000888, -6.123233995736742617E-17, 0.2250000000000008105 ) ) ;
#10427 = VERTEX_POINT ( 'NONE', #4475 ) ;
#10428 = PRESENTATION_STYLE_ASSIGNMENT (( #8945 ) ) ;
#10429 = FACE_OUTER_BOUND ( 'NONE', #7854, .T. ) ;
#10430 = CARTESIAN_POINT ( 'NONE',  ( -7.875000000000000000, 0.000000000000000000, -0.8249999999999997335 ) ) ;
#10431 = LINE ( 'NONE', #10321, #6714 ) ;
#10432 = ORIENTED_EDGE ( 'NONE', *, *, #4993, .T. ) ;
#10433 = VERTEX_POINT ( 'NONE', #2979 ) ;
#10434 = DIRECTION ( 'NONE',  ( 0.000000000000000000, 1.000000000000000000, -1.445602896647327084E-15 ) ) ;
#10435 = CARTESIAN_POINT ( 'NONE',  ( 5.524999999999998579, 1.016439536705160869E-17, 0.3750000000000000555 ) ) ;
#10436 = EDGE_LOOP ( 'NONE', ( #7062, #8832, #8483, #3491 ) ) ;
#10437 = MECHANICAL_DESIGN_GEOMETRIC_PRESENTATION_REPRESENTATION (  '', ( #3081 ), #2237 ) ;
#10438 = CARTESIAN_POINT ( 'NONE',  ( 0.5250000000000011324, 1.199999999999999734, 0.1750000000000000722 ) ) ;
#10439 = VECTOR ( 'NONE', #290, 1000.000000000000000 ) ;
#10440 = EDGE_CURVE ( 'NONE', #6710, #10053, #10157, .T. ) ;
#10441 = EDGE_CURVE ( 'NONE', #5180, #1483, #1352, .T. ) ;
#10442 = AXIS2_PLACEMENT_3D ( 'NONE', #10468, #4728, #9671 ) ;
#10443 =( LENGTH_UNIT ( ) NAMED_UNIT ( * ) SI_UNIT ( .MILLI., .METRE. ) );
#10444 = ORIENTED_EDGE ( 'NONE', *, *, #3639, .F. ) ;
#10445 = ADVANCED_FACE ( 'NONE', ( #8650 ), #7743, .F. ) ;
#10446 = CARTESIAN_POINT ( 'NONE',  ( 3.224999999999997424, 0.1792893218813486345, -1.745710678118654435 ) ) ;
#10447 = EDGE_LOOP ( 'NONE', ( #4355, #4218, #4338, #9783 ) ) ;
#10448 = DIRECTION ( 'NONE',  ( -1.000000000000000000, 0.000000000000000000, 0.000000000000000000 ) ) ;
#10449 = FACE_OUTER_BOUND ( 'NONE', #1415, .T. ) ;
#10450 = DIRECTION ( 'NONE',  ( -0.000000000000000000, 0.000000000000000000, 1.000000000000000000 ) ) ;
#10451 = ORIENTED_EDGE ( 'NONE', *, *, #270, .T. ) ;
#10452 = AXIS2_PLACEMENT_3D ( 'NONE', #7863, #5449, #4770 ) ;
#10453 = LINE ( 'NONE', #1326, #9319 ) ;
#10454 = ORIENTED_EDGE ( 'NONE', *, *, #1560, .F. ) ;
#10455 = EDGE_CURVE ( 'NONE', #4628, #3912, #3827, .T. ) ;
#10456 = CARTESIAN_POINT ( 'NONE',  ( 5.524999999999998579, 3.299999999999999822, -1.224999999999999645 ) ) ;
#10457 = VECTOR ( 'NONE', #3198, 1000.000000000000000 ) ;
#10458 = LINE ( 'NONE', #8742, #2139 ) ;
#10459 =( NAMED_UNIT ( * ) PLANE_ANGLE_UNIT ( ) SI_UNIT ( $, .RADIAN. ) );
#10460 = ORIENTED_EDGE ( 'NONE', *, *, #8521, .F. ) ;
#10461 = PLANE ( 'NONE',  #7612 ) ;
#10462 = ADVANCED_FACE ( 'NONE', ( #7102 ), #4578, .F. ) ;
#10463 = ORIENTED_EDGE ( 'NONE', *, *, #7182, .T. ) ;
#10464 = AXIS2_PLACEMENT_3D ( 'NONE', #3889, #5421, #3094 ) ;
#10465 = FACE_OUTER_BOUND ( 'NONE', #1638, .T. ) ;
#10466 = ORIENTED_EDGE ( 'NONE', *, *, #8215, .F. ) ;
#10467 = ORIENTED_EDGE ( 'NONE', *, *, #9062, .T. ) ;
#10468 = CARTESIAN_POINT ( 'NONE',  ( 5.524999999999997691, 0.3500000000000009215, -1.374999999999999778 ) ) ;
#10469 = DIRECTION ( 'NONE',  ( -1.000000000000000000, -0.000000000000000000, -0.000000000000000000 ) ) ;
#10470 = DIRECTION ( 'NONE',  ( 0.000000000000000000, 1.000000000000000000, 0.000000000000000000 ) ) ;
#10471 = LINE ( 'NONE', #7942, #1130 ) ;
#10472 = CARTESIAN_POINT ( 'NONE',  ( 4.474999999999997868, 3.950000000000000178, 0.3750000000000000000 ) ) ;
#10473 = AXIS2_PLACEMENT_3D ( 'NONE', #6595, #4182, #9869 ) ;
#10474 = VERTEX_POINT ( 'NONE', #4424 ) ;
#10475 = DIRECTION ( 'NONE',  ( 0.000000000000000000, -0.000000000000000000, -1.000000000000000000 ) ) ;
#10476 = LINE ( 'NONE', #2244, #9604 ) ;
#10477 = ORIENTED_EDGE ( 'NONE', *, *, #10007, .T. ) ;
#10478 = DIRECTION ( 'NONE',  ( -0.000000000000000000, -0.000000000000000000, -1.000000000000000000 ) ) ;
#10479 = DIRECTION ( 'NONE',  ( 0.000000000000000000, 1.000000000000000000, 0.000000000000000000 ) ) ;
#10480 = PLANE ( 'NONE',  #337 ) ;
#10481 = DIRECTION ( 'NONE',  ( -0.000000000000000000, -0.000000000000000000, -1.000000000000000000 ) ) ;
#10482 = ORIENTED_EDGE ( 'NONE', *, *, #4295, .F. ) ;
#10483 = ORIENTED_EDGE ( 'NONE', *, *, #1376, .F. ) ;
#10484 = LINE ( 'NONE', #3155, #8124 ) ;
#10485 = VERTEX_POINT ( 'NONE', #6128 ) ;
#10486 = DIRECTION ( 'NONE',  ( 1.000000000000000000, 0.000000000000000000, 0.000000000000000000 ) ) ;
#10487 = CARTESIAN_POINT ( 'NONE',  ( 5.524999999999998579, 1.449999999999999956, -0.7749999999999999112 ) ) ;
#10488 = ADVANCED_FACE ( 'NONE', ( #2040 ), #10207, .F. ) ;
#10489 = DIRECTION ( 'NONE',  ( -1.000000000000000000, -0.000000000000000000, -0.000000000000000000 ) ) ;
#10490 = FACE_OUTER_BOUND ( 'NONE', #4659, .T. ) ;
#10491 = PLANE ( 'NONE',  #175 ) ;
#10492 = CARTESIAN_POINT ( 'NONE',  ( 5.524999999999998579, 1.449999999999999956, -1.224999999999999645 ) ) ;
#10493 = EDGE_CURVE ( 'NONE', #118, #5787, #6416, .T. ) ;
#10494 = ORIENTED_EDGE ( 'NONE', *, *, #3093, .F. ) ;
#10495 = EDGE_CURVE ( 'NONE', #4642, #3530, #3951, .T. ) ;
#10496 = CARTESIAN_POINT ( 'NONE',  ( -1.525000000000001243, 2.349999999999999645, 1.675000000000000266 ) ) ;
#10497 = CARTESIAN_POINT ( 'NONE',  ( 5.524999999999997691, -0.1499999999999963862, -2.374999999999999112 ) ) ;
#10498 =( NAMED_UNIT ( * ) PLANE_ANGLE_UNIT ( ) SI_UNIT ( $, .RADIAN. ) );
#10499 = ORIENTED_EDGE ( 'NONE', *, *, #3244, .F. ) ;
#10500 = LINE ( 'NONE', #3171, #10173 ) ;
#10501 = CARTESIAN_POINT ( 'NONE',  ( 1.974999999999997646, 3.449999999999999734, 0.2950000000000000400 ) ) ;
#10502 = EDGE_CURVE ( 'NONE', #2420, #3874, #2478, .T. ) ;
#10503 = DIRECTION ( 'NONE',  ( 0.000000000000000000, -1.000000000000000000, -4.336808689942002945E-16 ) ) ;
#10504 = VERTEX_POINT ( 'NONE', #7284 ) ;
#10505 = EDGE_CURVE ( 'NONE', #823, #757, #102, .T. ) ;
#10506 = VECTOR ( 'NONE', #2518, 1000.000000000000000 ) ;
#10507 = EDGE_LOOP ( 'NONE', ( #6100, #1325, #4062, #793 ) ) ;
#10508 = DIRECTION ( 'NONE',  ( 0.000000000000000000, 0.000000000000000000, 1.000000000000000000 ) ) ;
#10509 = DIRECTION ( 'NONE',  ( 0.000000000000000000, 0.000000000000000000, 1.000000000000000000 ) ) ;
#10510 = LINE ( 'NONE', #7309, #5422 ) ;
#10511 = VERTEX_POINT ( 'NONE', #2310 ) ;
#10512 = VECTOR ( 'NONE', #3983, 1000.000000000000000 ) ;
#10513 = VERTEX_POINT ( 'NONE', #8771 ) ;
#10514 = AXIS2_PLACEMENT_3D ( 'NONE', #4612, #7826, #9490 ) ;
#10515 = CARTESIAN_POINT ( 'NONE',  ( 13.12499999999999822, 3.950000000000000178, 0.3750000000000001110 ) ) ;
#10516 = DIRECTION ( 'NONE',  ( 0.000000000000000000, -0.7071067811865472397, -0.7071067811865479058 ) ) ;
#10517 = FILL_AREA_STYLE ('',( #822 ) ) ;
#10518 = ORIENTED_EDGE ( 'NONE', *, *, #1718, .F. ) ;
#10519 = DIRECTION ( 'NONE',  ( -1.000000000000000000, -0.000000000000000000, 0.000000000000000000 ) ) ;
#10520 = AXIS2_PLACEMENT_3D ( 'NONE', #4563, #6219, #5526 ) ;
#10521 = VERTEX_POINT ( 'NONE', #9809 ) ;
#10522 = AXIS2_PLACEMENT_3D ( 'NONE', #6109, #3700, #548 ) ;
#10523 = EDGE_CURVE ( 'NONE', #6450, #6943, #7223, .T. ) ;
#10524 = LINE ( 'NONE', #6456, #2841 ) ;
#10525 = ORIENTED_EDGE ( 'NONE', *, *, #8669, .T. ) ;
#10526 = EDGE_CURVE ( 'NONE', #8127, #2102, #51, .T. ) ;
#10527 = ORIENTED_EDGE ( 'NONE', *, *, #9423, .F. ) ;
#10528 = CARTESIAN_POINT ( 'NONE',  ( 5.724999999999997868, 0.1500000000000032419, -2.474999999999999645 ) ) ;
#10529 = DIRECTION ( 'NONE',  ( 0.000000000000000000, -0.7071067811865474617, -0.7071067811865474617 ) ) ;
#10530 = DIRECTION ( 'NONE',  ( 0.000000000000000000, 0.000000000000000000, 1.000000000000000000 ) ) ;
#10531 = FILL_AREA_STYLE ('',( #7943 ) ) ;
#10532 = ORIENTED_EDGE ( 'NONE', *, *, #9391, .F. ) ;
#10533 = LINE ( 'NONE', #3203, #6155 ) ;
#10534 = LINE ( 'NONE', #1627, #4640 ) ;
#10535 = ORIENTED_EDGE ( 'NONE', *, *, #4394, .T. ) ;
#10536 = CARTESIAN_POINT ( 'NONE',  ( 5.524999999999998579, 3.299999999999999822, -0.7749999999999999112 ) ) ;
#10537 = VECTOR ( 'NONE', #9595, 1000.000000000000000 ) ;
#10538 = ORIENTED_EDGE ( 'NONE', *, *, #2710, .F. ) ;
#10539 = DIRECTION ( 'NONE',  ( 0.000000000000000000, -1.000000000000000000, 2.710505431213761393E-17 ) ) ;
#10540 = VERTEX_POINT ( 'NONE', #5720 ) ;
#10541 = DIRECTION ( 'NONE',  ( 0.000000000000000000, -5.421010862427526114E-15, 1.000000000000000000 ) ) ;
#10542 = ORIENTED_EDGE ( 'NONE', *, *, #2292, .F. ) ;
#10543 = DIRECTION ( 'NONE',  ( -0.000000000000000000, -0.7071067811865431318, -0.7071067811865517916 ) ) ;
#10544 = PLANE ( 'NONE',  #4966 ) ;
#10545 = VECTOR ( 'NONE', #1497, 1000.000000000000000 ) ;
#10546 = LINE ( 'NONE', #3902, #7511 ) ;
#10547 = NEXT_ASSEMBLY_USAGE_OCCURRENCE ( 'NAUO1', ' ', ' ', #243, #10263, $ ) ;
ENDSEC;
END-ISO-10303-21;
